[
{
    "fields": {
        "model": "permission",
        "name": "permission",
        "app_label": "auth"
    },
    "model": "contenttypes.contenttype",
    "pk": 1
},
{
    "fields": {
        "model": "group",
        "name": "group",
        "app_label": "auth"
    },
    "model": "contenttypes.contenttype",
    "pk": 2
},
{
    "fields": {
        "model": "user",
        "name": "user",
        "app_label": "auth"
    },
    "model": "contenttypes.contenttype",
    "pk": 3
},
{
    "fields": {
        "model": "contenttype",
        "name": "content type",
        "app_label": "contenttypes"
    },
    "model": "contenttypes.contenttype",
    "pk": 4
},
{
    "fields": {
        "model": "session",
        "name": "session",
        "app_label": "sessions"
    },
    "model": "contenttypes.contenttype",
    "pk": 5
},
{
    "fields": {
        "model": "taskmeta",
        "name": "task state",
        "app_label": "djcelery"
    },
    "model": "contenttypes.contenttype",
    "pk": 6
},
{
    "fields": {
        "model": "tasksetmeta",
        "name": "saved group result",
        "app_label": "djcelery"
    },
    "model": "contenttypes.contenttype",
    "pk": 7
},
{
    "fields": {
        "model": "intervalschedule",
        "name": "interval",
        "app_label": "djcelery"
    },
    "model": "contenttypes.contenttype",
    "pk": 8
},
{
    "fields": {
        "model": "crontabschedule",
        "name": "crontab",
        "app_label": "djcelery"
    },
    "model": "contenttypes.contenttype",
    "pk": 9
},
{
    "fields": {
        "model": "periodictasks",
        "name": "periodic tasks",
        "app_label": "djcelery"
    },
    "model": "contenttypes.contenttype",
    "pk": 10
},
{
    "fields": {
        "model": "periodictask",
        "name": "periodic task",
        "app_label": "djcelery"
    },
    "model": "contenttypes.contenttype",
    "pk": 11
},
{
    "fields": {
        "model": "workerstate",
        "name": "worker",
        "app_label": "djcelery"
    },
    "model": "contenttypes.contenttype",
    "pk": 12
},
{
    "fields": {
        "model": "taskstate",
        "name": "task",
        "app_label": "djcelery"
    },
    "model": "contenttypes.contenttype",
    "pk": 13
},
{
    "fields": {
        "model": "user",
        "name": "user",
        "app_label": "id_counter"
    },
    "model": "contenttypes.contenttype",
    "pk": 14
},
{
    "fields": {
        "model": "graph",
        "name": "graph",
        "app_label": "graph"
    },
    "model": "contenttypes.contenttype",
    "pk": 15
},
{
    "fields": {
        "model": "node",
        "name": "node",
        "app_label": "graph"
    },
    "model": "contenttypes.contenttype",
    "pk": 16
},
{
    "fields": {
        "model": "playermodel",
        "name": "player model",
        "app_label": "graph"
    },
    "model": "contenttypes.contenttype",
    "pk": 17
},
{
    "fields": {
        "model": "player",
        "name": "player",
        "app_label": "graph"
    },
    "model": "contenttypes.contenttype",
    "pk": 18
},
{
    "fields": {
        "model": "edge",
        "name": "edge",
        "app_label": "graph"
    },
    "model": "contenttypes.contenttype",
    "pk": 19
},
{
    "fields": {
        "model": "path",
        "name": "path",
        "app_label": "graph"
    },
    "model": "contenttypes.contenttype",
    "pk": 20
},
{
    "fields": {
        "model": "pathflowassignment",
        "name": "path flow assignment",
        "app_label": "graph"
    },
    "model": "contenttypes.contenttype",
    "pk": 21
},
{
    "fields": {
        "model": "gameturn",
        "name": "game turn",
        "app_label": "graph"
    },
    "model": "contenttypes.contenttype",
    "pk": 22
},
{
    "fields": {
        "model": "flowdistribution",
        "name": "flow distribution",
        "app_label": "graph"
    },
    "model": "contenttypes.contenttype",
    "pk": 23
},
{
    "fields": {
        "model": "edgecost",
        "name": "edge cost",
        "app_label": "graph"
    },
    "model": "contenttypes.contenttype",
    "pk": 24
},
{
    "fields": {
        "model": "graphcost",
        "name": "graph cost",
        "app_label": "graph"
    },
    "model": "contenttypes.contenttype",
    "pk": 25
},
{
    "fields": {
        "model": "game",
        "name": "game",
        "app_label": "graph"
    },
    "model": "contenttypes.contenttype",
    "pk": 26
},
{
    "fields": {
        "model": "request",
        "name": "request",
        "app_label": "silk"
    },
    "model": "contenttypes.contenttype",
    "pk": 27
},
{
    "fields": {
        "model": "response",
        "name": "response",
        "app_label": "silk"
    },
    "model": "contenttypes.contenttype",
    "pk": 28
},
{
    "fields": {
        "model": "sqlquery",
        "name": "sql query",
        "app_label": "silk"
    },
    "model": "contenttypes.contenttype",
    "pk": 29
},
{
    "fields": {
        "model": "profile",
        "name": "profile",
        "app_label": "silk"
    },
    "model": "contenttypes.contenttype",
    "pk": 30
},
{
    "fields": {
        "expire_date": "2015-09-25T18:18:49.168Z",
        "session_data": "MTU4M2Y1NWM1MGMwNmIyMTMyYzg0MzVkYmU4MGY1ZmM5ZDc0NWRmOTp7Il9hdXRoX3VzZXJfaGFzaCI6IjI1NDFhYTI3MzM1YzUzYTk3MmY5MDYyYzg0YmYwN2YxMWYwZTg0MDQiLCJfYXV0aF91c2VyX2JhY2tlbmQiOiJkamFuZ28uY29udHJpYi5hdXRoLmJhY2tlbmRzLk1vZGVsQmFja2VuZCIsIl9hdXRoX3VzZXJfaWQiOjF9"
    },
    "model": "sessions.session",
    "pk": "1s0kenuzyzmer86rh3eua9sfgx50scvk"
},
{
    "fields": {
        "expire_date": "2015-09-25T18:18:51.412Z",
        "session_data": "MDA3Y2JhZTllNTM5YTFjNzgzNTJlOGI2Zjg3YjFlNzMyMjRlNzU0Nzp7Il9hdXRoX3VzZXJfaGFzaCI6IjIzNTA0ZDZmOTQwYzgzNDJmM2NhMDRhNTMyYmMwZmE3YmVmYTUzY2EiLCJfYXV0aF91c2VyX2JhY2tlbmQiOiJkamFuZ28uY29udHJpYi5hdXRoLmJhY2tlbmRzLk1vZGVsQmFja2VuZCIsIl9hdXRoX3VzZXJfaWQiOjV9"
    },
    "model": "sessions.session",
    "pk": "6oc71s7ik3cqnl062wmxjtb7hjztwkw1"
},
{
    "fields": {
        "expire_date": "2015-09-25T18:18:14.267Z",
        "session_data": "ZjRlMWI5OTgxZDA3OTlmNzczNjgxOTg0YjMyMmFhM2NiNmJiNzE5MDp7fQ=="
    },
    "model": "sessions.session",
    "pk": "6sue3ibc56v911qc56n05f4t1ljke3wt"
},
{
    "fields": {
        "expire_date": "2015-09-25T17:17:26.932Z",
        "session_data": "MTU4M2Y1NWM1MGMwNmIyMTMyYzg0MzVkYmU4MGY1ZmM5ZDc0NWRmOTp7Il9hdXRoX3VzZXJfaGFzaCI6IjI1NDFhYTI3MzM1YzUzYTk3MmY5MDYyYzg0YmYwN2YxMWYwZTg0MDQiLCJfYXV0aF91c2VyX2JhY2tlbmQiOiJkamFuZ28uY29udHJpYi5hdXRoLmJhY2tlbmRzLk1vZGVsQmFja2VuZCIsIl9hdXRoX3VzZXJfaWQiOjF9"
    },
    "model": "sessions.session",
    "pk": "7cboh44gyuwan0ngrn5573om23n12ma0"
},
{
    "fields": {
        "expire_date": "2015-09-25T18:18:51.961Z",
        "session_data": "ZmYyMDRlY2I0YWRlOWFkMjM5OGEzZGI3OTYwMWFmMjI0NDhmOGY2Njp7Il9hdXRoX3VzZXJfaGFzaCI6ImVlM2IwNWZhZWQwZDQ3NWIwYzZjMmUwZTNmMDg3ODRkNzliYTk3MDAiLCJfYXV0aF91c2VyX2JhY2tlbmQiOiJkamFuZ28uY29udHJpYi5hdXRoLmJhY2tlbmRzLk1vZGVsQmFja2VuZCIsIl9hdXRoX3VzZXJfaWQiOjR9"
    },
    "model": "sessions.session",
    "pk": "gxnaedhsi5cggvuifantfr2mu6gxkw16"
},
{
    "fields": {
        "expire_date": "2015-09-25T18:18:51.288Z",
        "session_data": "ZTk5MmQyNjYwMWEzN2UxZWE1NDNjMzRhOTEwMjQzOTM3MjQyYmVkMTp7Il9hdXRoX3VzZXJfaGFzaCI6ImM5MzFkZjFjM2ZiNmFmNzM3MmNmOWJhNWI3N2E2MmMzMWQxZWRlNTQiLCJfYXV0aF91c2VyX2JhY2tlbmQiOiJkamFuZ28uY29udHJpYi5hdXRoLmJhY2tlbmRzLk1vZGVsQmFja2VuZCIsIl9hdXRoX3VzZXJfaWQiOjN9"
    },
    "model": "sessions.session",
    "pk": "jjgsizc33nky99z2kdm58y0yhnaqyf38"
},
{
    "fields": {
        "expire_date": "2015-09-25T18:19:01.002Z",
        "session_data": "OGQyNjgzZWJlNjY4MTQzYmY2MDg3YmViYmY4Nzg5YmExZWViY2FiZTp7Il9hdXRoX3VzZXJfaGFzaCI6ImI1ZjJkOGI2YTZiZmYxMTFhODllMTZiZDFhM2EyNDc0ODUyYzk0MzciLCJfYXV0aF91c2VyX2JhY2tlbmQiOiJkamFuZ28uY29udHJpYi5hdXRoLmJhY2tlbmRzLk1vZGVsQmFja2VuZCIsIl9hdXRoX3VzZXJfaWQiOjZ9"
    },
    "model": "sessions.session",
    "pk": "lmdbgtneg9samcycuw5hp7zuedhqnlfg"
},
{
    "fields": {
        "expire_date": "2015-09-25T18:18:10.611Z",
        "session_data": "ZjRlMWI5OTgxZDA3OTlmNzczNjgxOTg0YjMyMmFhM2NiNmJiNzE5MDp7fQ=="
    },
    "model": "sessions.session",
    "pk": "pb20wx4u76csxzu2ug4cwiycktl0d2z2"
},
{
    "fields": {
        "expire_date": "2015-09-25T18:18:34.696Z",
        "session_data": "YTNhNDgzODk2NjY5OWIxMTgyYmVlNjMwNGM3ZWU0NDhiZWEwOTBjMzp7Il9hdXRoX3VzZXJfaGFzaCI6Ijc3MDVmY2Q2ZDJmYWU3ZGJjNWVkNjQxMDkzMDYxZjdmMWViODkzNjYiLCJfYXV0aF91c2VyX2JhY2tlbmQiOiJkamFuZ28uY29udHJpYi5hdXRoLmJhY2tlbmRzLk1vZGVsQmFja2VuZCIsIl9hdXRoX3VzZXJfaWQiOjJ9"
    },
    "model": "sessions.session",
    "pk": "qbz9atl199wuymvy6juhybmnj52uwmo3"
},
{
    "fields": {
        "expire_date": "2015-09-25T18:18:10.151Z",
        "session_data": "ZjRlMWI5OTgxZDA3OTlmNzczNjgxOTg0YjMyMmFhM2NiNmJiNzE5MDp7fQ=="
    },
    "model": "sessions.session",
    "pk": "x7b8zg6u46pmhg8xkul319swp9dpmpmi"
},
{
    "fields": {
        "graph_ui": "{\"graph\": \"g1\", \"nodes\": [{\"index\": 0, \"reflexive\": false, \"weight\": 2, \"px\": 72, \"py\": 81, \"y\": 81, \"x\": 72, \"id\": 1}, {\"index\": 1, \"reflexive\": false, \"weight\": 2, \"px\": 63, \"py\": 207, \"y\": 207, \"x\": 63, \"id\": 2}, {\"index\": 2, \"reflexive\": false, \"weight\": 4, \"px\": 177, \"py\": 105, \"y\": 105, \"x\": 177, \"id\": 3}, {\"index\": 3, \"reflexive\": false, \"weight\": 3, \"px\": 175, \"py\": 193, \"y\": 193, \"x\": 175, \"id\": 4}, {\"index\": 4, \"reflexive\": false, \"weight\": 4, \"px\": 277, \"py\": 106, \"y\": 106, \"x\": 277, \"id\": 5}, {\"index\": 5, \"reflexive\": false, \"weight\": 4, \"px\": 276, \"py\": 195, \"y\": 195, \"x\": 276, \"id\": 6}, {\"index\": 6, \"reflexive\": false, \"weight\": 3, \"px\": 386, \"py\": 52.999996185302734, \"y\": 52.999996185302734, \"x\": 386, \"id\": 7}, {\"index\": 7, \"reflexive\": false, \"weight\": 2, \"px\": 466, \"py\": 114, \"y\": 114, \"x\": 466, \"id\": 8}, {\"index\": 8, \"reflexive\": false, \"weight\": 2, \"px\": 412, \"py\": 215, \"y\": 215, \"x\": 412, \"id\": 9}], \"links\": [{\"id\": \"182175f053c3703cb8d33b8a8425f647\", \"source\": {\"index\": 0, \"reflexive\": false, \"weight\": 2, \"px\": 72, \"py\": 81, \"y\": 81, \"x\": 72, \"id\": 1}, \"right\": true, \"target\": {\"index\": 2, \"reflexive\": false, \"weight\": 4, \"px\": 177, \"py\": 105, \"y\": 105, \"x\": 177, \"id\": 3}, \"left\": false}, {\"id\": \"60dc0a497c04648c9e4641bd18c17b04\", \"source\": {\"index\": 0, \"reflexive\": false, \"weight\": 2, \"px\": 72, \"py\": 81, \"y\": 81, \"x\": 72, \"id\": 1}, \"right\": true, \"target\": {\"index\": 3, \"reflexive\": false, \"weight\": 3, \"px\": 175, \"py\": 193, \"y\": 193, \"x\": 175, \"id\": 4}, \"left\": false}, {\"id\": \"fa87b1d9062a52fa051e7db856781a26\", \"source\": {\"index\": 1, \"reflexive\": false, \"weight\": 2, \"px\": 63, \"py\": 207, \"y\": 207, \"x\": 63, \"id\": 2}, \"right\": true, \"target\": {\"index\": 3, \"reflexive\": false, \"weight\": 3, \"px\": 175, \"py\": 193, \"y\": 193, \"x\": 175, \"id\": 4}, \"left\": false}, {\"id\": \"b81e5815c9ad0e911fcae8ce6542ce68\", \"source\": {\"index\": 1, \"reflexive\": false, \"weight\": 2, \"px\": 63, \"py\": 207, \"y\": 207, \"x\": 63, \"id\": 2}, \"right\": true, \"target\": {\"index\": 2, \"reflexive\": false, \"weight\": 4, \"px\": 177, \"py\": 105, \"y\": 105, \"x\": 177, \"id\": 3}, \"left\": false}, {\"id\": \"3c8b3e83bef2492e3a4ce8ca52d51591\", \"source\": {\"index\": 2, \"reflexive\": false, \"weight\": 4, \"px\": 177, \"py\": 105, \"y\": 105, \"x\": 177, \"id\": 3}, \"right\": true, \"target\": {\"index\": 4, \"reflexive\": false, \"weight\": 4, \"px\": 277, \"py\": 106, \"y\": 106, \"x\": 277, \"id\": 5}, \"left\": false}, {\"id\": \"01180e3f595f64bd0fccad5f7d2a73be\", \"source\": {\"index\": 2, \"reflexive\": false, \"weight\": 4, \"px\": 177, \"py\": 105, \"y\": 105, \"x\": 177, \"id\": 3}, \"right\": true, \"target\": {\"index\": 5, \"reflexive\": false, \"weight\": 4, \"px\": 276, \"py\": 195, \"y\": 195, \"x\": 276, \"id\": 6}, \"left\": false}, {\"id\": \"d2139601f439afc2d48ccc82a655eec9\", \"source\": {\"index\": 3, \"reflexive\": false, \"weight\": 3, \"px\": 175, \"py\": 193, \"y\": 193, \"x\": 175, \"id\": 4}, \"right\": true, \"target\": {\"index\": 5, \"reflexive\": false, \"weight\": 4, \"px\": 276, \"py\": 195, \"y\": 195, \"x\": 276, \"id\": 6}, \"left\": false}, {\"id\": \"be20b37134dc0fe6c75fa9314fe7adce\", \"source\": {\"index\": 4, \"reflexive\": false, \"weight\": 4, \"px\": 277, \"py\": 106, \"y\": 106, \"x\": 277, \"id\": 5}, \"right\": true, \"target\": {\"index\": 6, \"reflexive\": false, \"weight\": 3, \"px\": 386, \"py\": 52.999996185302734, \"y\": 52.999996185302734, \"x\": 386, \"id\": 7}, \"left\": false}, {\"id\": \"187f70636347316d2626d5edc4548ef2\", \"source\": {\"index\": 6, \"reflexive\": false, \"weight\": 3, \"px\": 386, \"py\": 52.999996185302734, \"y\": 52.999996185302734, \"x\": 386, \"id\": 7}, \"right\": true, \"target\": {\"index\": 7, \"reflexive\": false, \"weight\": 2, \"px\": 466, \"py\": 114, \"y\": 114, \"x\": 466, \"id\": 8}, \"left\": false}, {\"id\": \"cdff64e531121d7e2da47c95529415de\", \"source\": {\"index\": 4, \"reflexive\": false, \"weight\": 4, \"px\": 277, \"py\": 106, \"y\": 106, \"x\": 277, \"id\": 5}, \"right\": true, \"target\": {\"index\": 7, \"reflexive\": false, \"weight\": 2, \"px\": 466, \"py\": 114, \"y\": 114, \"x\": 466, \"id\": 8}, \"left\": false}, {\"id\": \"301c5a0c06642fbe79661af6fb1a0896\", \"source\": {\"index\": 4, \"reflexive\": false, \"weight\": 4, \"px\": 277, \"py\": 106, \"y\": 106, \"x\": 277, \"id\": 5}, \"right\": true, \"target\": {\"index\": 8, \"reflexive\": false, \"weight\": 2, \"px\": 412, \"py\": 215, \"y\": 215, \"x\": 412, \"id\": 9}, \"left\": false}, {\"id\": \"f989b13a4792dd7eb3d47a078a7b446c\", \"source\": {\"index\": 5, \"reflexive\": false, \"weight\": 4, \"px\": 276, \"py\": 195, \"y\": 195, \"x\": 276, \"id\": 6}, \"right\": true, \"target\": {\"index\": 6, \"reflexive\": false, \"weight\": 3, \"px\": 386, \"py\": 52.999996185302734, \"y\": 52.999996185302734, \"x\": 386, \"id\": 7}, \"left\": false}, {\"id\": \"14812841179217cfdb6e63d0ffbef319\", \"source\": {\"index\": 5, \"reflexive\": false, \"weight\": 4, \"px\": 276, \"py\": 195, \"y\": 195, \"x\": 276, \"id\": 6}, \"right\": true, \"target\": {\"index\": 8, \"reflexive\": false, \"weight\": 2, \"px\": 412, \"py\": 215, \"y\": 215, \"x\": 412, \"id\": 9}, \"left\": false}]}"
    },
    "model": "graph.graph",
    "pk": "g1"
},
{
    "fields": {
        "graph": "g1",
        "ui_id": 6
    },
    "model": "graph.node",
    "pk": "0ade01f2-596d-4b1f-a566-5d11ce31d333"
},
{
    "fields": {
        "graph": "g1",
        "ui_id": 9
    },
    "model": "graph.node",
    "pk": "34053c3e-8051-4565-a7f9-dcade5d98455"
},
{
    "fields": {
        "graph": "g1",
        "ui_id": 1
    },
    "model": "graph.node",
    "pk": "37db0c1b-3927-4038-8662-9df83f672294"
},
{
    "fields": {
        "graph": "g1",
        "ui_id": 5
    },
    "model": "graph.node",
    "pk": "63cce2e2-f171-4fa5-a9f3-e478d1f7efb8"
},
{
    "fields": {
        "graph": "g1",
        "ui_id": 8
    },
    "model": "graph.node",
    "pk": "91099ee6-8ccf-4629-aac9-094780d5ddb3"
},
{
    "fields": {
        "graph": "g1",
        "ui_id": 2
    },
    "model": "graph.node",
    "pk": "b781dd23-1ac1-4990-8109-0b2dea92b64c"
},
{
    "fields": {
        "graph": "g1",
        "ui_id": 3
    },
    "model": "graph.node",
    "pk": "bc596ac8-b2a6-433c-957d-e7123d8bbb73"
},
{
    "fields": {
        "graph": "g1",
        "ui_id": 7
    },
    "model": "graph.node",
    "pk": "d2ca30e4-2819-4c1b-8f7c-a58985f988ce"
},
{
    "fields": {
        "graph": "g1",
        "ui_id": 4
    },
    "model": "graph.node",
    "pk": "d8c376b4-3a88-4ea1-afc6-309416842e0f"
},
{
    "fields": {
        "destination_node": "91099ee6-8ccf-4629-aac9-094780d5ddb3",
        "graph": "g1",
        "in_use": true,
        "flow": 1.0,
        "normalization_const": 6.17591157819229,
        "start_node": "37db0c1b-3927-4038-8662-9df83f672294"
    },
    "model": "graph.playermodel",
    "pk": "m1"
},
{
    "fields": {
        "destination_node": "34053c3e-8051-4565-a7f9-dcade5d98455",
        "graph": "g1",
        "in_use": true,
        "flow": 1.0,
        "normalization_const": 6.53309435681335,
        "start_node": "37db0c1b-3927-4038-8662-9df83f672294"
    },
    "model": "graph.playermodel",
    "pk": "m2"
},
{
    "fields": {
        "destination_node": "91099ee6-8ccf-4629-aac9-094780d5ddb3",
        "graph": "g1",
        "in_use": true,
        "flow": 1.0,
        "normalization_const": 6.17492388750924,
        "start_node": "b781dd23-1ac1-4990-8109-0b2dea92b64c"
    },
    "model": "graph.playermodel",
    "pk": "m3"
},
{
    "fields": {
        "destination_node": "34053c3e-8051-4565-a7f9-dcade5d98455",
        "graph": "g1",
        "in_use": true,
        "flow": 1.0,
        "normalization_const": 6.53396190388995,
        "start_node": "b781dd23-1ac1-4990-8109-0b2dea92b64c"
    },
    "model": "graph.playermodel",
    "pk": "m4"
},
{
    "fields": {
        "destination_node": "91099ee6-8ccf-4629-aac9-094780d5ddb3",
        "graph": "g1",
        "in_use": true,
        "flow": 1.0,
        "normalization_const": 4.12980325714566,
        "start_node": "bc596ac8-b2a6-433c-957d-e7123d8bbb73"
    },
    "model": "graph.playermodel",
    "pk": "m5"
},
{
    "fields": {
        "graph": "g1",
        "cost_function": "x",
        "to_node": "0ade01f2-596d-4b1f-a566-5d11ce31d333",
        "from_node": "bc596ac8-b2a6-433c-957d-e7123d8bbb73"
    },
    "model": "graph.edge",
    "pk": "01180e3f595f64bd0fccad5f7d2a73be"
},
{
    "fields": {
        "graph": "g1",
        "cost_function": "1+x",
        "to_node": "34053c3e-8051-4565-a7f9-dcade5d98455",
        "from_node": "0ade01f2-596d-4b1f-a566-5d11ce31d333"
    },
    "model": "graph.edge",
    "pk": "14812841179217cfdb6e63d0ffbef319"
},
{
    "fields": {
        "graph": "g1",
        "cost_function": "x+.5",
        "to_node": "bc596ac8-b2a6-433c-957d-e7123d8bbb73",
        "from_node": "37db0c1b-3927-4038-8662-9df83f672294"
    },
    "model": "graph.edge",
    "pk": "182175f053c3703cb8d33b8a8425f647"
},
{
    "fields": {
        "graph": "g1",
        "cost_function": ".25+.25*x",
        "to_node": "91099ee6-8ccf-4629-aac9-094780d5ddb3",
        "from_node": "d2ca30e4-2819-4c1b-8f7c-a58985f988ce"
    },
    "model": "graph.edge",
    "pk": "187f70636347316d2626d5edc4548ef2"
},
{
    "fields": {
        "graph": "g1",
        "cost_function": "1+x",
        "to_node": "34053c3e-8051-4565-a7f9-dcade5d98455",
        "from_node": "63cce2e2-f171-4fa5-a9f3-e478d1f7efb8"
    },
    "model": "graph.edge",
    "pk": "301c5a0c06642fbe79661af6fb1a0896"
},
{
    "fields": {
        "graph": "g1",
        "cost_function": "2*x",
        "to_node": "63cce2e2-f171-4fa5-a9f3-e478d1f7efb8",
        "from_node": "bc596ac8-b2a6-433c-957d-e7123d8bbb73"
    },
    "model": "graph.edge",
    "pk": "3c8b3e83bef2492e3a4ce8ca52d51591"
},
{
    "fields": {
        "graph": "g1",
        "cost_function": "x+1",
        "to_node": "d8c376b4-3a88-4ea1-afc6-309416842e0f",
        "from_node": "37db0c1b-3927-4038-8662-9df83f672294"
    },
    "model": "graph.edge",
    "pk": "60dc0a497c04648c9e4641bd18c17b04"
},
{
    "fields": {
        "graph": "g1",
        "cost_function": "x+1",
        "to_node": "bc596ac8-b2a6-433c-957d-e7123d8bbb73",
        "from_node": "b781dd23-1ac1-4990-8109-0b2dea92b64c"
    },
    "model": "graph.edge",
    "pk": "b81e5815c9ad0e911fcae8ce6542ce68"
},
{
    "fields": {
        "graph": "g1",
        "cost_function": ".5+0*x",
        "to_node": "d2ca30e4-2819-4c1b-8f7c-a58985f988ce",
        "from_node": "63cce2e2-f171-4fa5-a9f3-e478d1f7efb8"
    },
    "model": "graph.edge",
    "pk": "be20b37134dc0fe6c75fa9314fe7adce"
},
{
    "fields": {
        "graph": "g1",
        "cost_function": "1+x",
        "to_node": "91099ee6-8ccf-4629-aac9-094780d5ddb3",
        "from_node": "63cce2e2-f171-4fa5-a9f3-e478d1f7efb8"
    },
    "model": "graph.edge",
    "pk": "cdff64e531121d7e2da47c95529415de"
},
{
    "fields": {
        "graph": "g1",
        "cost_function": "2*x",
        "to_node": "0ade01f2-596d-4b1f-a566-5d11ce31d333",
        "from_node": "d8c376b4-3a88-4ea1-afc6-309416842e0f"
    },
    "model": "graph.edge",
    "pk": "d2139601f439afc2d48ccc82a655eec9"
},
{
    "fields": {
        "graph": "g1",
        "cost_function": "1+0*x",
        "to_node": "d2ca30e4-2819-4c1b-8f7c-a58985f988ce",
        "from_node": "0ade01f2-596d-4b1f-a566-5d11ce31d333"
    },
    "model": "graph.edge",
    "pk": "f989b13a4792dd7eb3d47a078a7b446c"
},
{
    "fields": {
        "graph": "g1",
        "cost_function": "x+.5",
        "to_node": "d8c376b4-3a88-4ea1-afc6-309416842e0f",
        "from_node": "b781dd23-1ac1-4990-8109-0b2dea92b64c"
    },
    "model": "graph.edge",
    "pk": "fa87b1d9062a52fa051e7db856781a26"
},
{
    "fields": {
        "graph": "g1",
        "edges": [
            "182175f053c3703cb8d33b8a8425f647",
            "3c8b3e83bef2492e3a4ce8ca52d51591",
            "cdff64e531121d7e2da47c95529415de"
        ],
        "player_model": "m1"
    },
    "model": "graph.path",
    "pk": 1
},
{
    "fields": {
        "graph": "g1",
        "edges": [
            "182175f053c3703cb8d33b8a8425f647",
            "187f70636347316d2626d5edc4548ef2",
            "3c8b3e83bef2492e3a4ce8ca52d51591",
            "be20b37134dc0fe6c75fa9314fe7adce"
        ],
        "player_model": "m1"
    },
    "model": "graph.path",
    "pk": 2
},
{
    "fields": {
        "graph": "g1",
        "edges": [
            "01180e3f595f64bd0fccad5f7d2a73be",
            "182175f053c3703cb8d33b8a8425f647",
            "187f70636347316d2626d5edc4548ef2",
            "f989b13a4792dd7eb3d47a078a7b446c"
        ],
        "player_model": "m1"
    },
    "model": "graph.path",
    "pk": 3
},
{
    "fields": {
        "graph": "g1",
        "edges": [
            "187f70636347316d2626d5edc4548ef2",
            "60dc0a497c04648c9e4641bd18c17b04",
            "d2139601f439afc2d48ccc82a655eec9",
            "f989b13a4792dd7eb3d47a078a7b446c"
        ],
        "player_model": "m1"
    },
    "model": "graph.path",
    "pk": 4
},
{
    "fields": {
        "graph": "g1",
        "edges": [
            "182175f053c3703cb8d33b8a8425f647",
            "301c5a0c06642fbe79661af6fb1a0896",
            "3c8b3e83bef2492e3a4ce8ca52d51591"
        ],
        "player_model": "m2"
    },
    "model": "graph.path",
    "pk": 5
},
{
    "fields": {
        "graph": "g1",
        "edges": [
            "01180e3f595f64bd0fccad5f7d2a73be",
            "14812841179217cfdb6e63d0ffbef319",
            "182175f053c3703cb8d33b8a8425f647"
        ],
        "player_model": "m2"
    },
    "model": "graph.path",
    "pk": 6
},
{
    "fields": {
        "graph": "g1",
        "edges": [
            "14812841179217cfdb6e63d0ffbef319",
            "60dc0a497c04648c9e4641bd18c17b04",
            "d2139601f439afc2d48ccc82a655eec9"
        ],
        "player_model": "m2"
    },
    "model": "graph.path",
    "pk": 7
},
{
    "fields": {
        "graph": "g1",
        "edges": [
            "3c8b3e83bef2492e3a4ce8ca52d51591",
            "b81e5815c9ad0e911fcae8ce6542ce68",
            "cdff64e531121d7e2da47c95529415de"
        ],
        "player_model": "m3"
    },
    "model": "graph.path",
    "pk": 8
},
{
    "fields": {
        "graph": "g1",
        "edges": [
            "187f70636347316d2626d5edc4548ef2",
            "3c8b3e83bef2492e3a4ce8ca52d51591",
            "b81e5815c9ad0e911fcae8ce6542ce68",
            "be20b37134dc0fe6c75fa9314fe7adce"
        ],
        "player_model": "m3"
    },
    "model": "graph.path",
    "pk": 9
},
{
    "fields": {
        "graph": "g1",
        "edges": [
            "01180e3f595f64bd0fccad5f7d2a73be",
            "187f70636347316d2626d5edc4548ef2",
            "b81e5815c9ad0e911fcae8ce6542ce68",
            "f989b13a4792dd7eb3d47a078a7b446c"
        ],
        "player_model": "m3"
    },
    "model": "graph.path",
    "pk": 10
},
{
    "fields": {
        "graph": "g1",
        "edges": [
            "187f70636347316d2626d5edc4548ef2",
            "d2139601f439afc2d48ccc82a655eec9",
            "f989b13a4792dd7eb3d47a078a7b446c",
            "fa87b1d9062a52fa051e7db856781a26"
        ],
        "player_model": "m3"
    },
    "model": "graph.path",
    "pk": 11
},
{
    "fields": {
        "graph": "g1",
        "edges": [
            "301c5a0c06642fbe79661af6fb1a0896",
            "3c8b3e83bef2492e3a4ce8ca52d51591",
            "b81e5815c9ad0e911fcae8ce6542ce68"
        ],
        "player_model": "m4"
    },
    "model": "graph.path",
    "pk": 12
},
{
    "fields": {
        "graph": "g1",
        "edges": [
            "01180e3f595f64bd0fccad5f7d2a73be",
            "14812841179217cfdb6e63d0ffbef319",
            "b81e5815c9ad0e911fcae8ce6542ce68"
        ],
        "player_model": "m4"
    },
    "model": "graph.path",
    "pk": 13
},
{
    "fields": {
        "graph": "g1",
        "edges": [
            "14812841179217cfdb6e63d0ffbef319",
            "d2139601f439afc2d48ccc82a655eec9",
            "fa87b1d9062a52fa051e7db856781a26"
        ],
        "player_model": "m4"
    },
    "model": "graph.path",
    "pk": 14
},
{
    "fields": {
        "graph": "g1",
        "edges": [
            "cdff64e531121d7e2da47c95529415de",
            "3c8b3e83bef2492e3a4ce8ca52d51591"
        ],
        "player_model": "m5"
    },
    "model": "graph.path",
    "pk": 15
},
{
    "fields": {
        "graph": "g1",
        "edges": [
            "187f70636347316d2626d5edc4548ef2",
            "3c8b3e83bef2492e3a4ce8ca52d51591",
            "be20b37134dc0fe6c75fa9314fe7adce"
        ],
        "player_model": "m5"
    },
    "model": "graph.path",
    "pk": 16
},
{
    "fields": {
        "graph": "g1",
        "edges": [
            "01180e3f595f64bd0fccad5f7d2a73be",
            "187f70636347316d2626d5edc4548ef2",
            "f989b13a4792dd7eb3d47a078a7b446c"
        ],
        "player_model": "m5"
    },
    "model": "graph.path",
    "pk": 17
},
{
    "fields": {
        "path": 17,
        "flow": 0.333333333333333
    },
    "model": "graph.pathflowassignment",
    "pk": 1
},
{
    "fields": {
        "path": 16,
        "flow": 0.333333333333333
    },
    "model": "graph.pathflowassignment",
    "pk": 2
},
{
    "fields": {
        "path": 15,
        "flow": 0.333333333333333
    },
    "model": "graph.pathflowassignment",
    "pk": 3
},
{
    "fields": {
        "path": 14,
        "flow": 0.25
    },
    "model": "graph.pathflowassignment",
    "pk": 4
},
{
    "fields": {
        "path": 13,
        "flow": 0.5
    },
    "model": "graph.pathflowassignment",
    "pk": 5
},
{
    "fields": {
        "path": 12,
        "flow": 0.25
    },
    "model": "graph.pathflowassignment",
    "pk": 6
},
{
    "fields": {
        "path": 11,
        "flow": 0.0
    },
    "model": "graph.pathflowassignment",
    "pk": 7
},
{
    "fields": {
        "path": 10,
        "flow": 0.0
    },
    "model": "graph.pathflowassignment",
    "pk": 8
},
{
    "fields": {
        "path": 9,
        "flow": 0.0
    },
    "model": "graph.pathflowassignment",
    "pk": 9
},
{
    "fields": {
        "path": 8,
        "flow": 1.0
    },
    "model": "graph.pathflowassignment",
    "pk": 10
},
{
    "fields": {
        "path": 7,
        "flow": 0.265957446808511
    },
    "model": "graph.pathflowassignment",
    "pk": 11
},
{
    "fields": {
        "path": 6,
        "flow": 0.468085106382979
    },
    "model": "graph.pathflowassignment",
    "pk": 12
},
{
    "fields": {
        "path": 5,
        "flow": 0.265957446808511
    },
    "model": "graph.pathflowassignment",
    "pk": 13
},
{
    "fields": {
        "path": 4,
        "flow": 0.221238938053097
    },
    "model": "graph.pathflowassignment",
    "pk": 14
},
{
    "fields": {
        "path": 3,
        "flow": 0.221238938053097
    },
    "model": "graph.pathflowassignment",
    "pk": 15
},
{
    "fields": {
        "path": 2,
        "flow": 0.278761061946903
    },
    "model": "graph.pathflowassignment",
    "pk": 16
},
{
    "fields": {
        "path": 1,
        "flow": 0.278761061946903
    },
    "model": "graph.pathflowassignment",
    "pk": 17
},
{
    "fields": {
        "path": 17,
        "flow": 0.333333333333333
    },
    "model": "graph.pathflowassignment",
    "pk": 18
},
{
    "fields": {
        "path": 16,
        "flow": 0.333333333333333
    },
    "model": "graph.pathflowassignment",
    "pk": 19
},
{
    "fields": {
        "path": 15,
        "flow": 0.333333333333333
    },
    "model": "graph.pathflowassignment",
    "pk": 20
},
{
    "fields": {
        "path": 14,
        "flow": 0.0
    },
    "model": "graph.pathflowassignment",
    "pk": 21
},
{
    "fields": {
        "path": 13,
        "flow": 1.0
    },
    "model": "graph.pathflowassignment",
    "pk": 22
},
{
    "fields": {
        "path": 12,
        "flow": 0.0
    },
    "model": "graph.pathflowassignment",
    "pk": 23
},
{
    "fields": {
        "path": 11,
        "flow": 1.0
    },
    "model": "graph.pathflowassignment",
    "pk": 24
},
{
    "fields": {
        "path": 10,
        "flow": 0.0
    },
    "model": "graph.pathflowassignment",
    "pk": 25
},
{
    "fields": {
        "path": 9,
        "flow": 0.0
    },
    "model": "graph.pathflowassignment",
    "pk": 26
},
{
    "fields": {
        "path": 8,
        "flow": 0.0
    },
    "model": "graph.pathflowassignment",
    "pk": 27
},
{
    "fields": {
        "path": 7,
        "flow": 0.189189189189189
    },
    "model": "graph.pathflowassignment",
    "pk": 28
},
{
    "fields": {
        "path": 6,
        "flow": 0.594594594594595
    },
    "model": "graph.pathflowassignment",
    "pk": 29
},
{
    "fields": {
        "path": 5,
        "flow": 0.216216216216216
    },
    "model": "graph.pathflowassignment",
    "pk": 30
},
{
    "fields": {
        "path": 4,
        "flow": 0.328125
    },
    "model": "graph.pathflowassignment",
    "pk": 31
},
{
    "fields": {
        "path": 3,
        "flow": 0.260416666666667
    },
    "model": "graph.pathflowassignment",
    "pk": 32
},
{
    "fields": {
        "path": 2,
        "flow": 0.203125
    },
    "model": "graph.pathflowassignment",
    "pk": 33
},
{
    "fields": {
        "path": 1,
        "flow": 0.208333333333333
    },
    "model": "graph.pathflowassignment",
    "pk": 34
},
{
    "fields": {
        "path": 17,
        "flow": 0.333333333333333
    },
    "model": "graph.pathflowassignment",
    "pk": 35
},
{
    "fields": {
        "path": 16,
        "flow": 0.666666666666667
    },
    "model": "graph.pathflowassignment",
    "pk": 36
},
{
    "fields": {
        "path": 15,
        "flow": 0.0
    },
    "model": "graph.pathflowassignment",
    "pk": 37
},
{
    "fields": {
        "path": 14,
        "flow": 0.202380952380952
    },
    "model": "graph.pathflowassignment",
    "pk": 38
},
{
    "fields": {
        "path": 13,
        "flow": 0.595238095238095
    },
    "model": "graph.pathflowassignment",
    "pk": 39
},
{
    "fields": {
        "path": 12,
        "flow": 0.202380952380952
    },
    "model": "graph.pathflowassignment",
    "pk": 40
},
{
    "fields": {
        "path": 11,
        "flow": 0.187739463601533
    },
    "model": "graph.pathflowassignment",
    "pk": 41
},
{
    "fields": {
        "path": 10,
        "flow": 0.237547892720307
    },
    "model": "graph.pathflowassignment",
    "pk": 42
},
{
    "fields": {
        "path": 9,
        "flow": 0.383141762452107
    },
    "model": "graph.pathflowassignment",
    "pk": 43
},
{
    "fields": {
        "path": 8,
        "flow": 0.191570881226054
    },
    "model": "graph.pathflowassignment",
    "pk": 44
},
{
    "fields": {
        "path": 7,
        "flow": 0.150537634408602
    },
    "model": "graph.pathflowassignment",
    "pk": 45
},
{
    "fields": {
        "path": 6,
        "flow": 0.43010752688172
    },
    "model": "graph.pathflowassignment",
    "pk": 46
},
{
    "fields": {
        "path": 5,
        "flow": 0.419354838709677
    },
    "model": "graph.pathflowassignment",
    "pk": 47
},
{
    "fields": {
        "path": 4,
        "flow": 0.226415094339623
    },
    "model": "graph.pathflowassignment",
    "pk": 48
},
{
    "fields": {
        "path": 3,
        "flow": 0.232704402515723
    },
    "model": "graph.pathflowassignment",
    "pk": 49
},
{
    "fields": {
        "path": 2,
        "flow": 0.339622641509434
    },
    "model": "graph.pathflowassignment",
    "pk": 50
},
{
    "fields": {
        "path": 1,
        "flow": 0.20125786163522
    },
    "model": "graph.pathflowassignment",
    "pk": 51
},
{
    "fields": {
        "path": 17,
        "flow": 1.0
    },
    "model": "graph.pathflowassignment",
    "pk": 52
},
{
    "fields": {
        "path": 16,
        "flow": 0.0
    },
    "model": "graph.pathflowassignment",
    "pk": 53
},
{
    "fields": {
        "path": 15,
        "flow": 0.0
    },
    "model": "graph.pathflowassignment",
    "pk": 54
},
{
    "fields": {
        "path": 14,
        "flow": 0.25
    },
    "model": "graph.pathflowassignment",
    "pk": 55
},
{
    "fields": {
        "path": 13,
        "flow": 0.5
    },
    "model": "graph.pathflowassignment",
    "pk": 56
},
{
    "fields": {
        "path": 12,
        "flow": 0.25
    },
    "model": "graph.pathflowassignment",
    "pk": 57
},
{
    "fields": {
        "path": 11,
        "flow": 0.340909090909091
    },
    "model": "graph.pathflowassignment",
    "pk": 58
},
{
    "fields": {
        "path": 10,
        "flow": 0.281818181818182
    },
    "model": "graph.pathflowassignment",
    "pk": 59
},
{
    "fields": {
        "path": 9,
        "flow": 0.254545454545455
    },
    "model": "graph.pathflowassignment",
    "pk": 60
},
{
    "fields": {
        "path": 8,
        "flow": 0.122727272727273
    },
    "model": "graph.pathflowassignment",
    "pk": 61
},
{
    "fields": {
        "path": 7,
        "flow": 0.220238095238095
    },
    "model": "graph.pathflowassignment",
    "pk": 62
},
{
    "fields": {
        "path": 6,
        "flow": 0.541666666666667
    },
    "model": "graph.pathflowassignment",
    "pk": 63
},
{
    "fields": {
        "path": 5,
        "flow": 0.238095238095238
    },
    "model": "graph.pathflowassignment",
    "pk": 64
},
{
    "fields": {
        "path": 4,
        "flow": 0.3375
    },
    "model": "graph.pathflowassignment",
    "pk": 65
},
{
    "fields": {
        "path": 3,
        "flow": 0.26875
    },
    "model": "graph.pathflowassignment",
    "pk": 66
},
{
    "fields": {
        "path": 2,
        "flow": 0.19375
    },
    "model": "graph.pathflowassignment",
    "pk": 67
},
{
    "fields": {
        "path": 1,
        "flow": 0.2
    },
    "model": "graph.pathflowassignment",
    "pk": 68
},
{
    "fields": {
        "path": 17,
        "flow": 1.0
    },
    "model": "graph.pathflowassignment",
    "pk": 69
},
{
    "fields": {
        "path": 16,
        "flow": 0.0
    },
    "model": "graph.pathflowassignment",
    "pk": 70
},
{
    "fields": {
        "path": 15,
        "flow": 0.0
    },
    "model": "graph.pathflowassignment",
    "pk": 71
},
{
    "fields": {
        "path": 14,
        "flow": 0.318181818181818
    },
    "model": "graph.pathflowassignment",
    "pk": 72
},
{
    "fields": {
        "path": 13,
        "flow": 0.454545454545455
    },
    "model": "graph.pathflowassignment",
    "pk": 73
},
{
    "fields": {
        "path": 12,
        "flow": 0.227272727272727
    },
    "model": "graph.pathflowassignment",
    "pk": 74
},
{
    "fields": {
        "path": 11,
        "flow": 0.383259911894273
    },
    "model": "graph.pathflowassignment",
    "pk": 75
},
{
    "fields": {
        "path": 10,
        "flow": 0.202643171806167
    },
    "model": "graph.pathflowassignment",
    "pk": 76
},
{
    "fields": {
        "path": 9,
        "flow": 0.246696035242291
    },
    "model": "graph.pathflowassignment",
    "pk": 77
},
{
    "fields": {
        "path": 8,
        "flow": 0.167400881057269
    },
    "model": "graph.pathflowassignment",
    "pk": 78
},
{
    "fields": {
        "path": 7,
        "flow": 0.179611650485437
    },
    "model": "graph.pathflowassignment",
    "pk": 79
},
{
    "fields": {
        "path": 6,
        "flow": 0.441747572815534
    },
    "model": "graph.pathflowassignment",
    "pk": 80
},
{
    "fields": {
        "path": 5,
        "flow": 0.378640776699029
    },
    "model": "graph.pathflowassignment",
    "pk": 81
},
{
    "fields": {
        "path": 4,
        "flow": 0.268656716417911
    },
    "model": "graph.pathflowassignment",
    "pk": 82
},
{
    "fields": {
        "path": 3,
        "flow": 0.213930348258706
    },
    "model": "graph.pathflowassignment",
    "pk": 83
},
{
    "fields": {
        "path": 2,
        "flow": 0.258706467661692
    },
    "model": "graph.pathflowassignment",
    "pk": 84
},
{
    "fields": {
        "path": 1,
        "flow": 0.258706467661692
    },
    "model": "graph.pathflowassignment",
    "pk": 85
},
{
    "fields": {
        "path": 17,
        "flow": 1.0
    },
    "model": "graph.pathflowassignment",
    "pk": 86
},
{
    "fields": {
        "path": 16,
        "flow": 0.0
    },
    "model": "graph.pathflowassignment",
    "pk": 87
},
{
    "fields": {
        "path": 15,
        "flow": 0.0
    },
    "model": "graph.pathflowassignment",
    "pk": 88
},
{
    "fields": {
        "path": 14,
        "flow": 0.318181818181818
    },
    "model": "graph.pathflowassignment",
    "pk": 89
},
{
    "fields": {
        "path": 13,
        "flow": 0.454545454545455
    },
    "model": "graph.pathflowassignment",
    "pk": 90
},
{
    "fields": {
        "path": 12,
        "flow": 0.227272727272727
    },
    "model": "graph.pathflowassignment",
    "pk": 91
},
{
    "fields": {
        "path": 11,
        "flow": 0.527272727272727
    },
    "model": "graph.pathflowassignment",
    "pk": 92
},
{
    "fields": {
        "path": 10,
        "flow": 0.212121212121212
    },
    "model": "graph.pathflowassignment",
    "pk": 93
},
{
    "fields": {
        "path": 9,
        "flow": 0.127272727272727
    },
    "model": "graph.pathflowassignment",
    "pk": 94
},
{
    "fields": {
        "path": 8,
        "flow": 0.133333333333333
    },
    "model": "graph.pathflowassignment",
    "pk": 95
},
{
    "fields": {
        "path": 7,
        "flow": 0.533333333333333
    },
    "model": "graph.pathflowassignment",
    "pk": 96
},
{
    "fields": {
        "path": 6,
        "flow": 0.224242424242424
    },
    "model": "graph.pathflowassignment",
    "pk": 97
},
{
    "fields": {
        "path": 5,
        "flow": 0.242424242424242
    },
    "model": "graph.pathflowassignment",
    "pk": 98
},
{
    "fields": {
        "path": 4,
        "flow": 0.338235294117647
    },
    "model": "graph.pathflowassignment",
    "pk": 99
},
{
    "fields": {
        "path": 3,
        "flow": 0.254901960784314
    },
    "model": "graph.pathflowassignment",
    "pk": 100
},
{
    "fields": {
        "path": 2,
        "flow": 0.205882352941176
    },
    "model": "graph.pathflowassignment",
    "pk": 101
},
{
    "fields": {
        "path": 1,
        "flow": 0.200980392156863
    },
    "model": "graph.pathflowassignment",
    "pk": 102
},
{
    "fields": {
        "path": 17,
        "flow": 1.0
    },
    "model": "graph.pathflowassignment",
    "pk": 103
},
{
    "fields": {
        "path": 16,
        "flow": 0.0
    },
    "model": "graph.pathflowassignment",
    "pk": 104
},
{
    "fields": {
        "path": 15,
        "flow": 0.0
    },
    "model": "graph.pathflowassignment",
    "pk": 105
},
{
    "fields": {
        "path": 14,
        "flow": 0.347826086956522
    },
    "model": "graph.pathflowassignment",
    "pk": 106
},
{
    "fields": {
        "path": 13,
        "flow": 0.434782608695652
    },
    "model": "graph.pathflowassignment",
    "pk": 107
},
{
    "fields": {
        "path": 12,
        "flow": 0.217391304347826
    },
    "model": "graph.pathflowassignment",
    "pk": 108
},
{
    "fields": {
        "path": 11,
        "flow": 0.212121212121212
    },
    "model": "graph.pathflowassignment",
    "pk": 109
},
{
    "fields": {
        "path": 10,
        "flow": 0.176767676767677
    },
    "model": "graph.pathflowassignment",
    "pk": 110
},
{
    "fields": {
        "path": 9,
        "flow": 0.292929292929293
    },
    "model": "graph.pathflowassignment",
    "pk": 111
},
{
    "fields": {
        "path": 8,
        "flow": 0.318181818181818
    },
    "model": "graph.pathflowassignment",
    "pk": 112
},
{
    "fields": {
        "path": 7,
        "flow": 0.145
    },
    "model": "graph.pathflowassignment",
    "pk": 113
},
{
    "fields": {
        "path": 6,
        "flow": 0.45
    },
    "model": "graph.pathflowassignment",
    "pk": 114
},
{
    "fields": {
        "path": 5,
        "flow": 0.405
    },
    "model": "graph.pathflowassignment",
    "pk": 115
},
{
    "fields": {
        "path": 4,
        "flow": 0.185567010309278
    },
    "model": "graph.pathflowassignment",
    "pk": 116
},
{
    "fields": {
        "path": 3,
        "flow": 0.268041237113402
    },
    "model": "graph.pathflowassignment",
    "pk": 117
},
{
    "fields": {
        "path": 2,
        "flow": 0.262886597938144
    },
    "model": "graph.pathflowassignment",
    "pk": 118
},
{
    "fields": {
        "path": 1,
        "flow": 0.283505154639175
    },
    "model": "graph.pathflowassignment",
    "pk": 119
},
{
    "fields": {
        "path": 17,
        "flow": 0.0
    },
    "model": "graph.pathflowassignment",
    "pk": 120
},
{
    "fields": {
        "path": 16,
        "flow": 0.5
    },
    "model": "graph.pathflowassignment",
    "pk": 121
},
{
    "fields": {
        "path": 15,
        "flow": 0.5
    },
    "model": "graph.pathflowassignment",
    "pk": 122
},
{
    "fields": {
        "path": 14,
        "flow": 0.347826086956522
    },
    "model": "graph.pathflowassignment",
    "pk": 123
},
{
    "fields": {
        "path": 13,
        "flow": 0.434782608695652
    },
    "model": "graph.pathflowassignment",
    "pk": 124
},
{
    "fields": {
        "path": 12,
        "flow": 0.217391304347826
    },
    "model": "graph.pathflowassignment",
    "pk": 125
},
{
    "fields": {
        "path": 11,
        "flow": 0.390134529147982
    },
    "model": "graph.pathflowassignment",
    "pk": 126
},
{
    "fields": {
        "path": 10,
        "flow": 0.26457399103139
    },
    "model": "graph.pathflowassignment",
    "pk": 127
},
{
    "fields": {
        "path": 9,
        "flow": 0.201793721973094
    },
    "model": "graph.pathflowassignment",
    "pk": 128
},
{
    "fields": {
        "path": 8,
        "flow": 0.143497757847534
    },
    "model": "graph.pathflowassignment",
    "pk": 129
},
{
    "fields": {
        "path": 7,
        "flow": 0.257894736842105
    },
    "model": "graph.pathflowassignment",
    "pk": 130
},
{
    "fields": {
        "path": 6,
        "flow": 0.473684210526316
    },
    "model": "graph.pathflowassignment",
    "pk": 131
},
{
    "fields": {
        "path": 5,
        "flow": 0.268421052631579
    },
    "model": "graph.pathflowassignment",
    "pk": 132
},
{
    "fields": {
        "path": 4,
        "flow": 0.336898395721925
    },
    "model": "graph.pathflowassignment",
    "pk": 133
},
{
    "fields": {
        "path": 3,
        "flow": 0.251336898395722
    },
    "model": "graph.pathflowassignment",
    "pk": 134
},
{
    "fields": {
        "path": 2,
        "flow": 0.213903743315508
    },
    "model": "graph.pathflowassignment",
    "pk": 135
},
{
    "fields": {
        "path": 1,
        "flow": 0.197860962566845
    },
    "model": "graph.pathflowassignment",
    "pk": 136
},
{
    "fields": {
        "path": 17,
        "flow": 1.0
    },
    "model": "graph.pathflowassignment",
    "pk": 137
},
{
    "fields": {
        "path": 16,
        "flow": 0.0
    },
    "model": "graph.pathflowassignment",
    "pk": 138
},
{
    "fields": {
        "path": 15,
        "flow": 0.0
    },
    "model": "graph.pathflowassignment",
    "pk": 139
},
{
    "fields": {
        "path": 14,
        "flow": 0.416666666666667
    },
    "model": "graph.pathflowassignment",
    "pk": 140
},
{
    "fields": {
        "path": 13,
        "flow": 0.322916666666667
    },
    "model": "graph.pathflowassignment",
    "pk": 141
},
{
    "fields": {
        "path": 12,
        "flow": 0.260416666666667
    },
    "model": "graph.pathflowassignment",
    "pk": 142
},
{
    "fields": {
        "path": 11,
        "flow": 0.360995850622407
    },
    "model": "graph.pathflowassignment",
    "pk": 143
},
{
    "fields": {
        "path": 10,
        "flow": 0.319502074688797
    },
    "model": "graph.pathflowassignment",
    "pk": 144
},
{
    "fields": {
        "path": 9,
        "flow": 0.186721991701245
    },
    "model": "graph.pathflowassignment",
    "pk": 145
},
{
    "fields": {
        "path": 8,
        "flow": 0.132780082987552
    },
    "model": "graph.pathflowassignment",
    "pk": 146
},
{
    "fields": {
        "path": 7,
        "flow": 0.257894736842105
    },
    "model": "graph.pathflowassignment",
    "pk": 147
},
{
    "fields": {
        "path": 6,
        "flow": 0.473684210526316
    },
    "model": "graph.pathflowassignment",
    "pk": 148
},
{
    "fields": {
        "path": 5,
        "flow": 0.268421052631579
    },
    "model": "graph.pathflowassignment",
    "pk": 149
},
{
    "fields": {
        "path": 4,
        "flow": 0.282352941176471
    },
    "model": "graph.pathflowassignment",
    "pk": 150
},
{
    "fields": {
        "path": 3,
        "flow": 0.335294117647059
    },
    "model": "graph.pathflowassignment",
    "pk": 151
},
{
    "fields": {
        "path": 2,
        "flow": 0.223529411764706
    },
    "model": "graph.pathflowassignment",
    "pk": 152
},
{
    "fields": {
        "path": 1,
        "flow": 0.158823529411765
    },
    "model": "graph.pathflowassignment",
    "pk": 153
},
{
    "fields": {
        "path": 17,
        "flow": 1.0
    },
    "model": "graph.pathflowassignment",
    "pk": 154
},
{
    "fields": {
        "path": 16,
        "flow": 0.0
    },
    "model": "graph.pathflowassignment",
    "pk": 155
},
{
    "fields": {
        "path": 15,
        "flow": 0.0
    },
    "model": "graph.pathflowassignment",
    "pk": 156
},
{
    "fields": {
        "path": 14,
        "flow": 0.471698113207547
    },
    "model": "graph.pathflowassignment",
    "pk": 157
},
{
    "fields": {
        "path": 13,
        "flow": 0.292452830188679
    },
    "model": "graph.pathflowassignment",
    "pk": 158
},
{
    "fields": {
        "path": 12,
        "flow": 0.235849056603774
    },
    "model": "graph.pathflowassignment",
    "pk": 159
},
{
    "fields": {
        "path": 11,
        "flow": 0.46031746031746
    },
    "model": "graph.pathflowassignment",
    "pk": 160
},
{
    "fields": {
        "path": 10,
        "flow": 0.185185185185185
    },
    "model": "graph.pathflowassignment",
    "pk": 161
},
{
    "fields": {
        "path": 9,
        "flow": 0.185185185185185
    },
    "model": "graph.pathflowassignment",
    "pk": 162
},
{
    "fields": {
        "path": 8,
        "flow": 0.169312169312169
    },
    "model": "graph.pathflowassignment",
    "pk": 163
},
{
    "fields": {
        "path": 7,
        "flow": 0.236714975845411
    },
    "model": "graph.pathflowassignment",
    "pk": 164
},
{
    "fields": {
        "path": 6,
        "flow": 0.434782608695652
    },
    "model": "graph.pathflowassignment",
    "pk": 165
},
{
    "fields": {
        "path": 5,
        "flow": 0.328502415458937
    },
    "model": "graph.pathflowassignment",
    "pk": 166
},
{
    "fields": {
        "path": 4,
        "flow": 0.246153846153846
    },
    "model": "graph.pathflowassignment",
    "pk": 167
},
{
    "fields": {
        "path": 3,
        "flow": 0.230769230769231
    },
    "model": "graph.pathflowassignment",
    "pk": 168
},
{
    "fields": {
        "path": 2,
        "flow": 0.251282051282051
    },
    "model": "graph.pathflowassignment",
    "pk": 169
},
{
    "fields": {
        "path": 1,
        "flow": 0.271794871794872
    },
    "model": "graph.pathflowassignment",
    "pk": 170
},
{
    "fields": {
        "path": 17,
        "flow": 0.0
    },
    "model": "graph.pathflowassignment",
    "pk": 171
},
{
    "fields": {
        "path": 16,
        "flow": 0.5
    },
    "model": "graph.pathflowassignment",
    "pk": 172
},
{
    "fields": {
        "path": 15,
        "flow": 0.5
    },
    "model": "graph.pathflowassignment",
    "pk": 173
},
{
    "fields": {
        "path": 14,
        "flow": 0.471698113207547
    },
    "model": "graph.pathflowassignment",
    "pk": 174
},
{
    "fields": {
        "path": 13,
        "flow": 0.292452830188679
    },
    "model": "graph.pathflowassignment",
    "pk": 175
},
{
    "fields": {
        "path": 12,
        "flow": 0.235849056603774
    },
    "model": "graph.pathflowassignment",
    "pk": 176
},
{
    "fields": {
        "path": 11,
        "flow": 0.486033519553073
    },
    "model": "graph.pathflowassignment",
    "pk": 177
},
{
    "fields": {
        "path": 10,
        "flow": 0.195530726256983
    },
    "model": "graph.pathflowassignment",
    "pk": 178
},
{
    "fields": {
        "path": 9,
        "flow": 0.195530726256983
    },
    "model": "graph.pathflowassignment",
    "pk": 179
},
{
    "fields": {
        "path": 8,
        "flow": 0.122905027932961
    },
    "model": "graph.pathflowassignment",
    "pk": 180
},
{
    "fields": {
        "path": 7,
        "flow": 0.185567010309278
    },
    "model": "graph.pathflowassignment",
    "pk": 181
},
{
    "fields": {
        "path": 6,
        "flow": 0.463917525773196
    },
    "model": "graph.pathflowassignment",
    "pk": 182
},
{
    "fields": {
        "path": 5,
        "flow": 0.350515463917526
    },
    "model": "graph.pathflowassignment",
    "pk": 183
},
{
    "fields": {
        "path": 4,
        "flow": 0.251497005988024
    },
    "model": "graph.pathflowassignment",
    "pk": 184
},
{
    "fields": {
        "path": 3,
        "flow": 0.269461077844311
    },
    "model": "graph.pathflowassignment",
    "pk": 185
},
{
    "fields": {
        "path": 2,
        "flow": 0.251497005988024
    },
    "model": "graph.pathflowassignment",
    "pk": 186
},
{
    "fields": {
        "path": 1,
        "flow": 0.227544910179641
    },
    "model": "graph.pathflowassignment",
    "pk": 187
},
{
    "fields": {
        "path": 17,
        "flow": 1.0
    },
    "model": "graph.pathflowassignment",
    "pk": 188
},
{
    "fields": {
        "path": 16,
        "flow": 0.0
    },
    "model": "graph.pathflowassignment",
    "pk": 189
},
{
    "fields": {
        "path": 15,
        "flow": 0.0
    },
    "model": "graph.pathflowassignment",
    "pk": 190
},
{
    "fields": {
        "path": 14,
        "flow": 0.53475935828877
    },
    "model": "graph.pathflowassignment",
    "pk": 191
},
{
    "fields": {
        "path": 13,
        "flow": 0.283422459893048
    },
    "model": "graph.pathflowassignment",
    "pk": 192
},
{
    "fields": {
        "path": 12,
        "flow": 0.181818181818182
    },
    "model": "graph.pathflowassignment",
    "pk": 193
},
{
    "fields": {
        "path": 11,
        "flow": 0.612676056338028
    },
    "model": "graph.pathflowassignment",
    "pk": 194
},
{
    "fields": {
        "path": 10,
        "flow": 0.246478873239437
    },
    "model": "graph.pathflowassignment",
    "pk": 195
},
{
    "fields": {
        "path": 9,
        "flow": 0.0633802816901408
    },
    "model": "graph.pathflowassignment",
    "pk": 196
},
{
    "fields": {
        "path": 8,
        "flow": 0.0774647887323944
    },
    "model": "graph.pathflowassignment",
    "pk": 197
},
{
    "fields": {
        "path": 7,
        "flow": 0.194594594594595
    },
    "model": "graph.pathflowassignment",
    "pk": 198
},
{
    "fields": {
        "path": 6,
        "flow": 0.486486486486486
    },
    "model": "graph.pathflowassignment",
    "pk": 199
},
{
    "fields": {
        "path": 5,
        "flow": 0.318918918918919
    },
    "model": "graph.pathflowassignment",
    "pk": 200
},
{
    "fields": {
        "path": 4,
        "flow": 0.317919075144509
    },
    "model": "graph.pathflowassignment",
    "pk": 201
},
{
    "fields": {
        "path": 3,
        "flow": 0.335260115606936
    },
    "model": "graph.pathflowassignment",
    "pk": 202
},
{
    "fields": {
        "path": 2,
        "flow": 0.196531791907514
    },
    "model": "graph.pathflowassignment",
    "pk": 203
},
{
    "fields": {
        "path": 1,
        "flow": 0.15028901734104
    },
    "model": "graph.pathflowassignment",
    "pk": 204
},
{
    "fields": {
        "path": 17,
        "flow": 1.0
    },
    "model": "graph.pathflowassignment",
    "pk": 205
},
{
    "fields": {
        "path": 16,
        "flow": 0.0
    },
    "model": "graph.pathflowassignment",
    "pk": 206
},
{
    "fields": {
        "path": 15,
        "flow": 0.0
    },
    "model": "graph.pathflowassignment",
    "pk": 207
},
{
    "fields": {
        "path": 14,
        "flow": 0.578034682080925
    },
    "model": "graph.pathflowassignment",
    "pk": 208
},
{
    "fields": {
        "path": 13,
        "flow": 0.30635838150289
    },
    "model": "graph.pathflowassignment",
    "pk": 209
},
{
    "fields": {
        "path": 12,
        "flow": 0.115606936416185
    },
    "model": "graph.pathflowassignment",
    "pk": 210
},
{
    "fields": {
        "path": 11,
        "flow": 0.430693069306931
    },
    "model": "graph.pathflowassignment",
    "pk": 211
},
{
    "fields": {
        "path": 10,
        "flow": 0.173267326732673
    },
    "model": "graph.pathflowassignment",
    "pk": 212
},
{
    "fields": {
        "path": 9,
        "flow": 0.202970297029703
    },
    "model": "graph.pathflowassignment",
    "pk": 213
},
{
    "fields": {
        "path": 8,
        "flow": 0.193069306930693
    },
    "model": "graph.pathflowassignment",
    "pk": 214
},
{
    "fields": {
        "path": 7,
        "flow": 0.32258064516129
    },
    "model": "graph.pathflowassignment",
    "pk": 215
},
{
    "fields": {
        "path": 6,
        "flow": 0.483870967741936
    },
    "model": "graph.pathflowassignment",
    "pk": 216
},
{
    "fields": {
        "path": 5,
        "flow": 0.193548387096774
    },
    "model": "graph.pathflowassignment",
    "pk": 217
},
{
    "fields": {
        "path": 4,
        "flow": 0.197969543147208
    },
    "model": "graph.pathflowassignment",
    "pk": 218
},
{
    "fields": {
        "path": 3,
        "flow": 0.218274111675127
    },
    "model": "graph.pathflowassignment",
    "pk": 219
},
{
    "fields": {
        "path": 2,
        "flow": 0.279187817258883
    },
    "model": "graph.pathflowassignment",
    "pk": 220
},
{
    "fields": {
        "path": 1,
        "flow": 0.304568527918782
    },
    "model": "graph.pathflowassignment",
    "pk": 221
},
{
    "fields": {
        "path": 17,
        "flow": 1.0
    },
    "model": "graph.pathflowassignment",
    "pk": 222
},
{
    "fields": {
        "path": 16,
        "flow": 0.0
    },
    "model": "graph.pathflowassignment",
    "pk": 223
},
{
    "fields": {
        "path": 15,
        "flow": 0.0
    },
    "model": "graph.pathflowassignment",
    "pk": 224
},
{
    "fields": {
        "path": 14,
        "flow": 0.578034682080925
    },
    "model": "graph.pathflowassignment",
    "pk": 225
},
{
    "fields": {
        "path": 13,
        "flow": 0.30635838150289
    },
    "model": "graph.pathflowassignment",
    "pk": 226
},
{
    "fields": {
        "path": 12,
        "flow": 0.115606936416185
    },
    "model": "graph.pathflowassignment",
    "pk": 227
},
{
    "fields": {
        "path": 11,
        "flow": 0.508771929824561
    },
    "model": "graph.pathflowassignment",
    "pk": 228
},
{
    "fields": {
        "path": 10,
        "flow": 0.204678362573099
    },
    "model": "graph.pathflowassignment",
    "pk": 229
},
{
    "fields": {
        "path": 9,
        "flow": 0.152046783625731
    },
    "model": "graph.pathflowassignment",
    "pk": 230
},
{
    "fields": {
        "path": 8,
        "flow": 0.134502923976608
    },
    "model": "graph.pathflowassignment",
    "pk": 231
},
{
    "fields": {
        "path": 7,
        "flow": 0.181818181818182
    },
    "model": "graph.pathflowassignment",
    "pk": 232
},
{
    "fields": {
        "path": 6,
        "flow": 0.4375
    },
    "model": "graph.pathflowassignment",
    "pk": 233
},
{
    "fields": {
        "path": 5,
        "flow": 0.380681818181818
    },
    "model": "graph.pathflowassignment",
    "pk": 234
},
{
    "fields": {
        "path": 4,
        "flow": 0.213114754098361
    },
    "model": "graph.pathflowassignment",
    "pk": 235
},
{
    "fields": {
        "path": 3,
        "flow": 0.240437158469945
    },
    "model": "graph.pathflowassignment",
    "pk": 236
},
{
    "fields": {
        "path": 2,
        "flow": 0.300546448087432
    },
    "model": "graph.pathflowassignment",
    "pk": 237
},
{
    "fields": {
        "path": 1,
        "flow": 0.245901639344262
    },
    "model": "graph.pathflowassignment",
    "pk": 238
},
{
    "fields": {
        "path": 17,
        "flow": 1.0
    },
    "model": "graph.pathflowassignment",
    "pk": 239
},
{
    "fields": {
        "path": 16,
        "flow": 0.0
    },
    "model": "graph.pathflowassignment",
    "pk": 240
},
{
    "fields": {
        "path": 15,
        "flow": 0.0
    },
    "model": "graph.pathflowassignment",
    "pk": 241
},
{
    "fields": {
        "path": 14,
        "flow": 0.598802395209581
    },
    "model": "graph.pathflowassignment",
    "pk": 242
},
{
    "fields": {
        "path": 13,
        "flow": 0.281437125748503
    },
    "model": "graph.pathflowassignment",
    "pk": 243
},
{
    "fields": {
        "path": 12,
        "flow": 0.119760479041916
    },
    "model": "graph.pathflowassignment",
    "pk": 244
},
{
    "fields": {
        "path": 11,
        "flow": 0.305263157894737
    },
    "model": "graph.pathflowassignment",
    "pk": 245
},
{
    "fields": {
        "path": 10,
        "flow": 0.236842105263158
    },
    "model": "graph.pathflowassignment",
    "pk": 246
},
{
    "fields": {
        "path": 9,
        "flow": 0.231578947368421
    },
    "model": "graph.pathflowassignment",
    "pk": 247
},
{
    "fields": {
        "path": 8,
        "flow": 0.226315789473684
    },
    "model": "graph.pathflowassignment",
    "pk": 248
},
{
    "fields": {
        "path": 7,
        "flow": 0.173913043478261
    },
    "model": "graph.pathflowassignment",
    "pk": 249
},
{
    "fields": {
        "path": 6,
        "flow": 0.418478260869565
    },
    "model": "graph.pathflowassignment",
    "pk": 250
},
{
    "fields": {
        "path": 5,
        "flow": 0.407608695652174
    },
    "model": "graph.pathflowassignment",
    "pk": 251
},
{
    "fields": {
        "path": 4,
        "flow": 0.225433526011561
    },
    "model": "graph.pathflowassignment",
    "pk": 252
},
{
    "fields": {
        "path": 3,
        "flow": 0.254335260115607
    },
    "model": "graph.pathflowassignment",
    "pk": 253
},
{
    "fields": {
        "path": 2,
        "flow": 0.260115606936416
    },
    "model": "graph.pathflowassignment",
    "pk": 254
},
{
    "fields": {
        "path": 1,
        "flow": 0.260115606936416
    },
    "model": "graph.pathflowassignment",
    "pk": 255
},
{
    "fields": {
        "path": 17,
        "flow": 1.0
    },
    "model": "graph.pathflowassignment",
    "pk": 256
},
{
    "fields": {
        "path": 16,
        "flow": 0.0
    },
    "model": "graph.pathflowassignment",
    "pk": 257
},
{
    "fields": {
        "path": 15,
        "flow": 0.0
    },
    "model": "graph.pathflowassignment",
    "pk": 258
},
{
    "fields": {
        "path": 14,
        "flow": 0.598802395209581
    },
    "model": "graph.pathflowassignment",
    "pk": 259
},
{
    "fields": {
        "path": 13,
        "flow": 0.281437125748503
    },
    "model": "graph.pathflowassignment",
    "pk": 260
},
{
    "fields": {
        "path": 12,
        "flow": 0.119760479041916
    },
    "model": "graph.pathflowassignment",
    "pk": 261
},
{
    "fields": {
        "path": 11,
        "flow": 0.396739130434783
    },
    "model": "graph.pathflowassignment",
    "pk": 262
},
{
    "fields": {
        "path": 10,
        "flow": 0.244565217391304
    },
    "model": "graph.pathflowassignment",
    "pk": 263
},
{
    "fields": {
        "path": 9,
        "flow": 0.190217391304348
    },
    "model": "graph.pathflowassignment",
    "pk": 264
},
{
    "fields": {
        "path": 8,
        "flow": 0.168478260869565
    },
    "model": "graph.pathflowassignment",
    "pk": 265
},
{
    "fields": {
        "path": 7,
        "flow": 0.173913043478261
    },
    "model": "graph.pathflowassignment",
    "pk": 266
},
{
    "fields": {
        "path": 6,
        "flow": 0.418478260869565
    },
    "model": "graph.pathflowassignment",
    "pk": 267
},
{
    "fields": {
        "path": 5,
        "flow": 0.407608695652174
    },
    "model": "graph.pathflowassignment",
    "pk": 268
},
{
    "fields": {
        "path": 4,
        "flow": 0.284883720930233
    },
    "model": "graph.pathflowassignment",
    "pk": 269
},
{
    "fields": {
        "path": 3,
        "flow": 0.255813953488372
    },
    "model": "graph.pathflowassignment",
    "pk": 270
},
{
    "fields": {
        "path": 2,
        "flow": 0.238372093023256
    },
    "model": "graph.pathflowassignment",
    "pk": 271
},
{
    "fields": {
        "path": 1,
        "flow": 0.22093023255814
    },
    "model": "graph.pathflowassignment",
    "pk": 272
},
{
    "fields": {
        "path": 17,
        "flow": 1.0
    },
    "model": "graph.pathflowassignment",
    "pk": 273
},
{
    "fields": {
        "path": 16,
        "flow": 0.0
    },
    "model": "graph.pathflowassignment",
    "pk": 274
},
{
    "fields": {
        "path": 15,
        "flow": 0.0
    },
    "model": "graph.pathflowassignment",
    "pk": 275
},
{
    "fields": {
        "path": 14,
        "flow": 0.598802395209581
    },
    "model": "graph.pathflowassignment",
    "pk": 276
},
{
    "fields": {
        "path": 13,
        "flow": 0.281437125748503
    },
    "model": "graph.pathflowassignment",
    "pk": 277
},
{
    "fields": {
        "path": 12,
        "flow": 0.119760479041916
    },
    "model": "graph.pathflowassignment",
    "pk": 278
},
{
    "fields": {
        "path": 11,
        "flow": 0.506944444444444
    },
    "model": "graph.pathflowassignment",
    "pk": 279
},
{
    "fields": {
        "path": 10,
        "flow": 0.0
    },
    "model": "graph.pathflowassignment",
    "pk": 280
},
{
    "fields": {
        "path": 9,
        "flow": 0.493055555555556
    },
    "model": "graph.pathflowassignment",
    "pk": 281
},
{
    "fields": {
        "path": 8,
        "flow": 0.0
    },
    "model": "graph.pathflowassignment",
    "pk": 282
},
{
    "fields": {
        "path": 7,
        "flow": 0.171122994652406
    },
    "model": "graph.pathflowassignment",
    "pk": 283
},
{
    "fields": {
        "path": 6,
        "flow": 0.374331550802139
    },
    "model": "graph.pathflowassignment",
    "pk": 284
},
{
    "fields": {
        "path": 5,
        "flow": 0.454545454545455
    },
    "model": "graph.pathflowassignment",
    "pk": 285
},
{
    "fields": {
        "path": 4,
        "flow": 0.243781094527363
    },
    "model": "graph.pathflowassignment",
    "pk": 286
},
{
    "fields": {
        "path": 3,
        "flow": 0.253731343283582
    },
    "model": "graph.pathflowassignment",
    "pk": 287
},
{
    "fields": {
        "path": 2,
        "flow": 0.253731343283582
    },
    "model": "graph.pathflowassignment",
    "pk": 288
},
{
    "fields": {
        "path": 1,
        "flow": 0.248756218905473
    },
    "model": "graph.pathflowassignment",
    "pk": 289
},
{
    "fields": {
        "path": 17,
        "flow": 1.0
    },
    "model": "graph.pathflowassignment",
    "pk": 290
},
{
    "fields": {
        "path": 16,
        "flow": 0.0
    },
    "model": "graph.pathflowassignment",
    "pk": 291
},
{
    "fields": {
        "path": 15,
        "flow": 0.0
    },
    "model": "graph.pathflowassignment",
    "pk": 292
},
{
    "fields": {
        "path": 14,
        "flow": 0.617283950617284
    },
    "model": "graph.pathflowassignment",
    "pk": 293
},
{
    "fields": {
        "path": 13,
        "flow": 0.259259259259259
    },
    "model": "graph.pathflowassignment",
    "pk": 294
},
{
    "fields": {
        "path": 12,
        "flow": 0.123456790123457
    },
    "model": "graph.pathflowassignment",
    "pk": 295
},
{
    "fields": {
        "path": 11,
        "flow": 0.480263157894737
    },
    "model": "graph.pathflowassignment",
    "pk": 296
},
{
    "fields": {
        "path": 10,
        "flow": 0.0
    },
    "model": "graph.pathflowassignment",
    "pk": 297
},
{
    "fields": {
        "path": 9,
        "flow": 0.0
    },
    "model": "graph.pathflowassignment",
    "pk": 298
},
{
    "fields": {
        "path": 8,
        "flow": 0.519736842105263
    },
    "model": "graph.pathflowassignment",
    "pk": 299
},
{
    "fields": {
        "path": 7,
        "flow": 0.170212765957447
    },
    "model": "graph.pathflowassignment",
    "pk": 300
},
{
    "fields": {
        "path": 6,
        "flow": 0.409574468085106
    },
    "model": "graph.pathflowassignment",
    "pk": 301
},
{
    "fields": {
        "path": 5,
        "flow": 0.420212765957447
    },
    "model": "graph.pathflowassignment",
    "pk": 302
},
{
    "fields": {
        "path": 4,
        "flow": 0.256983240223464
    },
    "model": "graph.pathflowassignment",
    "pk": 303
},
{
    "fields": {
        "path": 3,
        "flow": 0.284916201117318
    },
    "model": "graph.pathflowassignment",
    "pk": 304
},
{
    "fields": {
        "path": 2,
        "flow": 0.223463687150838
    },
    "model": "graph.pathflowassignment",
    "pk": 305
},
{
    "fields": {
        "path": 1,
        "flow": 0.23463687150838
    },
    "model": "graph.pathflowassignment",
    "pk": 306
},
{
    "fields": {
        "path": 17,
        "flow": 1.0
    },
    "model": "graph.pathflowassignment",
    "pk": 307
},
{
    "fields": {
        "path": 16,
        "flow": 0.0
    },
    "model": "graph.pathflowassignment",
    "pk": 308
},
{
    "fields": {
        "path": 15,
        "flow": 0.0
    },
    "model": "graph.pathflowassignment",
    "pk": 309
},
{
    "fields": {
        "path": 14,
        "flow": 0.490196078431373
    },
    "model": "graph.pathflowassignment",
    "pk": 310
},
{
    "fields": {
        "path": 13,
        "flow": 0.254901960784314
    },
    "model": "graph.pathflowassignment",
    "pk": 311
},
{
    "fields": {
        "path": 12,
        "flow": 0.254901960784314
    },
    "model": "graph.pathflowassignment",
    "pk": 312
},
{
    "fields": {
        "path": 11,
        "flow": 0.0
    },
    "model": "graph.pathflowassignment",
    "pk": 313
},
{
    "fields": {
        "path": 10,
        "flow": 0.487012987012987
    },
    "model": "graph.pathflowassignment",
    "pk": 314
},
{
    "fields": {
        "path": 9,
        "flow": 0.0
    },
    "model": "graph.pathflowassignment",
    "pk": 315
},
{
    "fields": {
        "path": 8,
        "flow": 0.512987012987013
    },
    "model": "graph.pathflowassignment",
    "pk": 316
},
{
    "fields": {
        "path": 7,
        "flow": 0.181818181818182
    },
    "model": "graph.pathflowassignment",
    "pk": 317
},
{
    "fields": {
        "path": 6,
        "flow": 0.4375
    },
    "model": "graph.pathflowassignment",
    "pk": 318
},
{
    "fields": {
        "path": 5,
        "flow": 0.380681818181818
    },
    "model": "graph.pathflowassignment",
    "pk": 319
},
{
    "fields": {
        "path": 4,
        "flow": 0.239766081871345
    },
    "model": "graph.pathflowassignment",
    "pk": 320
},
{
    "fields": {
        "path": 3,
        "flow": 0.298245614035088
    },
    "model": "graph.pathflowassignment",
    "pk": 321
},
{
    "fields": {
        "path": 2,
        "flow": 0.233918128654971
    },
    "model": "graph.pathflowassignment",
    "pk": 322
},
{
    "fields": {
        "path": 1,
        "flow": 0.228070175438597
    },
    "model": "graph.pathflowassignment",
    "pk": 323
},
{
    "fields": {
        "path": 17,
        "flow": 1.0
    },
    "model": "graph.pathflowassignment",
    "pk": 324
},
{
    "fields": {
        "path": 16,
        "flow": 0.0
    },
    "model": "graph.pathflowassignment",
    "pk": 325
},
{
    "fields": {
        "path": 15,
        "flow": 0.0
    },
    "model": "graph.pathflowassignment",
    "pk": 326
},
{
    "fields": {
        "path": 14,
        "flow": 0.574712643678161
    },
    "model": "graph.pathflowassignment",
    "pk": 327
},
{
    "fields": {
        "path": 13,
        "flow": 0.229885057471264
    },
    "model": "graph.pathflowassignment",
    "pk": 328
},
{
    "fields": {
        "path": 12,
        "flow": 0.195402298850575
    },
    "model": "graph.pathflowassignment",
    "pk": 329
},
{
    "fields": {
        "path": 11,
        "flow": 0.660869565217391
    },
    "model": "graph.pathflowassignment",
    "pk": 330
},
{
    "fields": {
        "path": 10,
        "flow": 0.339130434782609
    },
    "model": "graph.pathflowassignment",
    "pk": 331
},
{
    "fields": {
        "path": 9,
        "flow": 0.0
    },
    "model": "graph.pathflowassignment",
    "pk": 332
},
{
    "fields": {
        "path": 8,
        "flow": 0.0
    },
    "model": "graph.pathflowassignment",
    "pk": 333
},
{
    "fields": {
        "path": 7,
        "flow": 0.189349112426036
    },
    "model": "graph.pathflowassignment",
    "pk": 334
},
{
    "fields": {
        "path": 6,
        "flow": 0.455621301775148
    },
    "model": "graph.pathflowassignment",
    "pk": 335
},
{
    "fields": {
        "path": 5,
        "flow": 0.355029585798817
    },
    "model": "graph.pathflowassignment",
    "pk": 336
},
{
    "fields": {
        "path": 4,
        "flow": 0.292397660818713
    },
    "model": "graph.pathflowassignment",
    "pk": 337
},
{
    "fields": {
        "path": 3,
        "flow": 0.263157894736842
    },
    "model": "graph.pathflowassignment",
    "pk": 338
},
{
    "fields": {
        "path": 2,
        "flow": 0.233918128654971
    },
    "model": "graph.pathflowassignment",
    "pk": 339
},
{
    "fields": {
        "path": 1,
        "flow": 0.210526315789474
    },
    "model": "graph.pathflowassignment",
    "pk": 340
},
{
    "fields": {
        "path": 17,
        "flow": 1.0
    },
    "model": "graph.pathflowassignment",
    "pk": 341
},
{
    "fields": {
        "path": 16,
        "flow": 0.0
    },
    "model": "graph.pathflowassignment",
    "pk": 342
},
{
    "fields": {
        "path": 15,
        "flow": 0.0
    },
    "model": "graph.pathflowassignment",
    "pk": 343
},
{
    "fields": {
        "path": 14,
        "flow": 0.546448087431694
    },
    "model": "graph.pathflowassignment",
    "pk": 344
},
{
    "fields": {
        "path": 13,
        "flow": 0.251366120218579
    },
    "model": "graph.pathflowassignment",
    "pk": 345
},
{
    "fields": {
        "path": 12,
        "flow": 0.202185792349727
    },
    "model": "graph.pathflowassignment",
    "pk": 346
},
{
    "fields": {
        "path": 11,
        "flow": 0.660869565217391
    },
    "model": "graph.pathflowassignment",
    "pk": 347
},
{
    "fields": {
        "path": 10,
        "flow": 0.339130434782609
    },
    "model": "graph.pathflowassignment",
    "pk": 348
},
{
    "fields": {
        "path": 9,
        "flow": 0.0
    },
    "model": "graph.pathflowassignment",
    "pk": 349
},
{
    "fields": {
        "path": 8,
        "flow": 0.0
    },
    "model": "graph.pathflowassignment",
    "pk": 350
},
{
    "fields": {
        "path": 7,
        "flow": 0.189349112426036
    },
    "model": "graph.pathflowassignment",
    "pk": 351
},
{
    "fields": {
        "path": 6,
        "flow": 0.455621301775148
    },
    "model": "graph.pathflowassignment",
    "pk": 352
},
{
    "fields": {
        "path": 5,
        "flow": 0.355029585798817
    },
    "model": "graph.pathflowassignment",
    "pk": 353
},
{
    "fields": {
        "path": 4,
        "flow": 0.185185185185185
    },
    "model": "graph.pathflowassignment",
    "pk": 354
},
{
    "fields": {
        "path": 3,
        "flow": 0.222222222222222
    },
    "model": "graph.pathflowassignment",
    "pk": 355
},
{
    "fields": {
        "path": 2,
        "flow": 0.283950617283951
    },
    "model": "graph.pathflowassignment",
    "pk": 356
},
{
    "fields": {
        "path": 1,
        "flow": 0.308641975308642
    },
    "model": "graph.pathflowassignment",
    "pk": 357
},
{
    "fields": {
        "path": 17,
        "flow": 0.818181818181818
    },
    "model": "graph.pathflowassignment",
    "pk": 358
},
{
    "fields": {
        "path": 16,
        "flow": 0.0909090909090909
    },
    "model": "graph.pathflowassignment",
    "pk": 359
},
{
    "fields": {
        "path": 15,
        "flow": 0.0909090909090909
    },
    "model": "graph.pathflowassignment",
    "pk": 360
},
{
    "fields": {
        "path": 14,
        "flow": 0.531914893617021
    },
    "model": "graph.pathflowassignment",
    "pk": 361
},
{
    "fields": {
        "path": 13,
        "flow": 0.24468085106383
    },
    "model": "graph.pathflowassignment",
    "pk": 362
},
{
    "fields": {
        "path": 12,
        "flow": 0.223404255319149
    },
    "model": "graph.pathflowassignment",
    "pk": 363
},
{
    "fields": {
        "path": 11,
        "flow": 0.660869565217391
    },
    "model": "graph.pathflowassignment",
    "pk": 364
},
{
    "fields": {
        "path": 10,
        "flow": 0.339130434782609
    },
    "model": "graph.pathflowassignment",
    "pk": 365
},
{
    "fields": {
        "path": 9,
        "flow": 0.0
    },
    "model": "graph.pathflowassignment",
    "pk": 366
},
{
    "fields": {
        "path": 8,
        "flow": 0.0
    },
    "model": "graph.pathflowassignment",
    "pk": 367
},
{
    "fields": {
        "path": 7,
        "flow": 0.189349112426036
    },
    "model": "graph.pathflowassignment",
    "pk": 368
},
{
    "fields": {
        "path": 6,
        "flow": 0.455621301775148
    },
    "model": "graph.pathflowassignment",
    "pk": 369
},
{
    "fields": {
        "path": 5,
        "flow": 0.355029585798817
    },
    "model": "graph.pathflowassignment",
    "pk": 370
},
{
    "fields": {
        "path": 4,
        "flow": 0.189349112426036
    },
    "model": "graph.pathflowassignment",
    "pk": 371
},
{
    "fields": {
        "path": 3,
        "flow": 0.236686390532544
    },
    "model": "graph.pathflowassignment",
    "pk": 372
},
{
    "fields": {
        "path": 2,
        "flow": 0.27810650887574
    },
    "model": "graph.pathflowassignment",
    "pk": 373
},
{
    "fields": {
        "path": 1,
        "flow": 0.29585798816568
    },
    "model": "graph.pathflowassignment",
    "pk": 374
},
{
    "fields": {
        "path": 17,
        "flow": 0.818181818181818
    },
    "model": "graph.pathflowassignment",
    "pk": 375
},
{
    "fields": {
        "path": 16,
        "flow": 0.0909090909090909
    },
    "model": "graph.pathflowassignment",
    "pk": 376
},
{
    "fields": {
        "path": 15,
        "flow": 0.0909090909090909
    },
    "model": "graph.pathflowassignment",
    "pk": 377
},
{
    "fields": {
        "path": 14,
        "flow": 0.515463917525773
    },
    "model": "graph.pathflowassignment",
    "pk": 378
},
{
    "fields": {
        "path": 13,
        "flow": 0.237113402061856
    },
    "model": "graph.pathflowassignment",
    "pk": 379
},
{
    "fields": {
        "path": 12,
        "flow": 0.247422680412371
    },
    "model": "graph.pathflowassignment",
    "pk": 380
},
{
    "fields": {
        "path": 11,
        "flow": 0.0
    },
    "model": "graph.pathflowassignment",
    "pk": 381
},
{
    "fields": {
        "path": 10,
        "flow": 1.0
    },
    "model": "graph.pathflowassignment",
    "pk": 382
},
{
    "fields": {
        "path": 9,
        "flow": 0.0
    },
    "model": "graph.pathflowassignment",
    "pk": 383
},
{
    "fields": {
        "path": 8,
        "flow": 0.0
    },
    "model": "graph.pathflowassignment",
    "pk": 384
},
{
    "fields": {
        "path": 7,
        "flow": 0.180790960451977
    },
    "model": "graph.pathflowassignment",
    "pk": 385
},
{
    "fields": {
        "path": 6,
        "flow": 0.435028248587571
    },
    "model": "graph.pathflowassignment",
    "pk": 386
},
{
    "fields": {
        "path": 5,
        "flow": 0.384180790960452
    },
    "model": "graph.pathflowassignment",
    "pk": 387
},
{
    "fields": {
        "path": 4,
        "flow": 0.220994475138122
    },
    "model": "graph.pathflowassignment",
    "pk": 388
},
{
    "fields": {
        "path": 3,
        "flow": 0.259668508287293
    },
    "model": "graph.pathflowassignment",
    "pk": 389
},
{
    "fields": {
        "path": 2,
        "flow": 0.259668508287293
    },
    "model": "graph.pathflowassignment",
    "pk": 390
},
{
    "fields": {
        "path": 1,
        "flow": 0.259668508287293
    },
    "model": "graph.pathflowassignment",
    "pk": 391
},
{
    "fields": {
        "path": 17,
        "flow": 0.692307692307692
    },
    "model": "graph.pathflowassignment",
    "pk": 392
},
{
    "fields": {
        "path": 16,
        "flow": 0.153846153846154
    },
    "model": "graph.pathflowassignment",
    "pk": 393
},
{
    "fields": {
        "path": 15,
        "flow": 0.153846153846154
    },
    "model": "graph.pathflowassignment",
    "pk": 394
},
{
    "fields": {
        "path": 14,
        "flow": 0.531914893617021
    },
    "model": "graph.pathflowassignment",
    "pk": 395
},
{
    "fields": {
        "path": 13,
        "flow": 0.212765957446809
    },
    "model": "graph.pathflowassignment",
    "pk": 396
},
{
    "fields": {
        "path": 12,
        "flow": 0.25531914893617
    },
    "model": "graph.pathflowassignment",
    "pk": 397
},
{
    "fields": {
        "path": 11,
        "flow": 0.230769230769231
    },
    "model": "graph.pathflowassignment",
    "pk": 398
},
{
    "fields": {
        "path": 10,
        "flow": 0.769230769230769
    },
    "model": "graph.pathflowassignment",
    "pk": 399
},
{
    "fields": {
        "path": 9,
        "flow": 0.0
    },
    "model": "graph.pathflowassignment",
    "pk": 400
},
{
    "fields": {
        "path": 8,
        "flow": 0.0
    },
    "model": "graph.pathflowassignment",
    "pk": 401
},
{
    "fields": {
        "path": 7,
        "flow": 0.220430107526882
    },
    "model": "graph.pathflowassignment",
    "pk": 402
},
{
    "fields": {
        "path": 6,
        "flow": 0.413978494623656
    },
    "model": "graph.pathflowassignment",
    "pk": 403
},
{
    "fields": {
        "path": 5,
        "flow": 0.365591397849462
    },
    "model": "graph.pathflowassignment",
    "pk": 404
},
{
    "fields": {
        "path": 4,
        "flow": 0.294736842105263
    },
    "model": "graph.pathflowassignment",
    "pk": 405
},
{
    "fields": {
        "path": 3,
        "flow": 0.210526315789474
    },
    "model": "graph.pathflowassignment",
    "pk": 406
},
{
    "fields": {
        "path": 2,
        "flow": 0.247368421052632
    },
    "model": "graph.pathflowassignment",
    "pk": 407
},
{
    "fields": {
        "path": 1,
        "flow": 0.247368421052632
    },
    "model": "graph.pathflowassignment",
    "pk": 408
},
{
    "fields": {
        "path": 17,
        "flow": 0.473684210526316
    },
    "model": "graph.pathflowassignment",
    "pk": 409
},
{
    "fields": {
        "path": 16,
        "flow": 0.263157894736842
    },
    "model": "graph.pathflowassignment",
    "pk": 410
},
{
    "fields": {
        "path": 15,
        "flow": 0.263157894736842
    },
    "model": "graph.pathflowassignment",
    "pk": 411
},
{
    "fields": {
        "path": 14,
        "flow": 0.568181818181818
    },
    "model": "graph.pathflowassignment",
    "pk": 412
},
{
    "fields": {
        "path": 13,
        "flow": 0.204545454545455
    },
    "model": "graph.pathflowassignment",
    "pk": 413
},
{
    "fields": {
        "path": 12,
        "flow": 0.227272727272727
    },
    "model": "graph.pathflowassignment",
    "pk": 414
},
{
    "fields": {
        "path": 11,
        "flow": 0.315068493150685
    },
    "model": "graph.pathflowassignment",
    "pk": 415
},
{
    "fields": {
        "path": 10,
        "flow": 0.684931506849315
    },
    "model": "graph.pathflowassignment",
    "pk": 416
},
{
    "fields": {
        "path": 9,
        "flow": 0.0
    },
    "model": "graph.pathflowassignment",
    "pk": 417
},
{
    "fields": {
        "path": 8,
        "flow": 0.0
    },
    "model": "graph.pathflowassignment",
    "pk": 418
},
{
    "fields": {
        "path": 7,
        "flow": 0.389830508474576
    },
    "model": "graph.pathflowassignment",
    "pk": 419
},
{
    "fields": {
        "path": 6,
        "flow": 0.225988700564972
    },
    "model": "graph.pathflowassignment",
    "pk": 420
},
{
    "fields": {
        "path": 5,
        "flow": 0.384180790960452
    },
    "model": "graph.pathflowassignment",
    "pk": 421
},
{
    "fields": {
        "path": 4,
        "flow": 0.272727272727273
    },
    "model": "graph.pathflowassignment",
    "pk": 422
},
{
    "fields": {
        "path": 3,
        "flow": 0.252525252525253
    },
    "model": "graph.pathflowassignment",
    "pk": 423
},
{
    "fields": {
        "path": 2,
        "flow": 0.237373737373737
    },
    "model": "graph.pathflowassignment",
    "pk": 424
},
{
    "fields": {
        "path": 1,
        "flow": 0.237373737373737
    },
    "model": "graph.pathflowassignment",
    "pk": 425
},
{
    "fields": {
        "path": 17,
        "flow": 0.6
    },
    "model": "graph.pathflowassignment",
    "pk": 426
},
{
    "fields": {
        "path": 16,
        "flow": 0.2
    },
    "model": "graph.pathflowassignment",
    "pk": 427
},
{
    "fields": {
        "path": 15,
        "flow": 0.2
    },
    "model": "graph.pathflowassignment",
    "pk": 428
},
{
    "fields": {
        "path": 14,
        "flow": 0.555555555555556
    },
    "model": "graph.pathflowassignment",
    "pk": 429
},
{
    "fields": {
        "path": 13,
        "flow": 0.25
    },
    "model": "graph.pathflowassignment",
    "pk": 430
},
{
    "fields": {
        "path": 12,
        "flow": 0.194444444444444
    },
    "model": "graph.pathflowassignment",
    "pk": 431
},
{
    "fields": {
        "path": 11,
        "flow": 0.253731343283582
    },
    "model": "graph.pathflowassignment",
    "pk": 432
},
{
    "fields": {
        "path": 10,
        "flow": 0.746268656716418
    },
    "model": "graph.pathflowassignment",
    "pk": 433
},
{
    "fields": {
        "path": 9,
        "flow": 0.0
    },
    "model": "graph.pathflowassignment",
    "pk": 434
},
{
    "fields": {
        "path": 8,
        "flow": 0.0
    },
    "model": "graph.pathflowassignment",
    "pk": 435
},
{
    "fields": {
        "path": 7,
        "flow": 0.184357541899441
    },
    "model": "graph.pathflowassignment",
    "pk": 436
},
{
    "fields": {
        "path": 6,
        "flow": 0.435754189944134
    },
    "model": "graph.pathflowassignment",
    "pk": 437
},
{
    "fields": {
        "path": 5,
        "flow": 0.379888268156425
    },
    "model": "graph.pathflowassignment",
    "pk": 438
},
{
    "fields": {
        "path": 4,
        "flow": 0.235602094240838
    },
    "model": "graph.pathflowassignment",
    "pk": 439
},
{
    "fields": {
        "path": 3,
        "flow": 0.272251308900524
    },
    "model": "graph.pathflowassignment",
    "pk": 440
},
{
    "fields": {
        "path": 2,
        "flow": 0.246073298429319
    },
    "model": "graph.pathflowassignment",
    "pk": 441
},
{
    "fields": {
        "path": 1,
        "flow": 0.246073298429319
    },
    "model": "graph.pathflowassignment",
    "pk": 442
},
{
    "fields": {
        "path": 17,
        "flow": 0.818181818181818
    },
    "model": "graph.pathflowassignment",
    "pk": 443
},
{
    "fields": {
        "path": 16,
        "flow": 0.0909090909090909
    },
    "model": "graph.pathflowassignment",
    "pk": 444
},
{
    "fields": {
        "path": 15,
        "flow": 0.0909090909090909
    },
    "model": "graph.pathflowassignment",
    "pk": 445
},
{
    "fields": {
        "path": 14,
        "flow": 0.606060606060606
    },
    "model": "graph.pathflowassignment",
    "pk": 446
},
{
    "fields": {
        "path": 13,
        "flow": 0.212121212121212
    },
    "model": "graph.pathflowassignment",
    "pk": 447
},
{
    "fields": {
        "path": 12,
        "flow": 0.181818181818182
    },
    "model": "graph.pathflowassignment",
    "pk": 448
},
{
    "fields": {
        "path": 11,
        "flow": 0.433333333333333
    },
    "model": "graph.pathflowassignment",
    "pk": 449
},
{
    "fields": {
        "path": 10,
        "flow": 0.566666666666667
    },
    "model": "graph.pathflowassignment",
    "pk": 450
},
{
    "fields": {
        "path": 9,
        "flow": 0.0
    },
    "model": "graph.pathflowassignment",
    "pk": 451
},
{
    "fields": {
        "path": 8,
        "flow": 0.0
    },
    "model": "graph.pathflowassignment",
    "pk": 452
},
{
    "fields": {
        "path": 7,
        "flow": 0.184357541899441
    },
    "model": "graph.pathflowassignment",
    "pk": 453
},
{
    "fields": {
        "path": 6,
        "flow": 0.435754189944134
    },
    "model": "graph.pathflowassignment",
    "pk": 454
},
{
    "fields": {
        "path": 5,
        "flow": 0.379888268156425
    },
    "model": "graph.pathflowassignment",
    "pk": 455
},
{
    "fields": {
        "path": 4,
        "flow": 0.283582089552239
    },
    "model": "graph.pathflowassignment",
    "pk": 456
},
{
    "fields": {
        "path": 3,
        "flow": 0.248756218905473
    },
    "model": "graph.pathflowassignment",
    "pk": 457
},
{
    "fields": {
        "path": 2,
        "flow": 0.233830845771144
    },
    "model": "graph.pathflowassignment",
    "pk": 458
},
{
    "fields": {
        "path": 1,
        "flow": 0.233830845771144
    },
    "model": "graph.pathflowassignment",
    "pk": 459
},
{
    "fields": {
        "path": 17,
        "flow": 0.692307692307692
    },
    "model": "graph.pathflowassignment",
    "pk": 460
},
{
    "fields": {
        "path": 16,
        "flow": 0.153846153846154
    },
    "model": "graph.pathflowassignment",
    "pk": 461
},
{
    "fields": {
        "path": 15,
        "flow": 0.153846153846154
    },
    "model": "graph.pathflowassignment",
    "pk": 462
},
{
    "fields": {
        "path": 14,
        "flow": 0.54054054054054
    },
    "model": "graph.pathflowassignment",
    "pk": 463
},
{
    "fields": {
        "path": 13,
        "flow": 0.189189189189189
    },
    "model": "graph.pathflowassignment",
    "pk": 464
},
{
    "fields": {
        "path": 12,
        "flow": 0.27027027027027
    },
    "model": "graph.pathflowassignment",
    "pk": 465
},
{
    "fields": {
        "path": 11,
        "flow": 0.397163120567376
    },
    "model": "graph.pathflowassignment",
    "pk": 466
},
{
    "fields": {
        "path": 10,
        "flow": 0.602836879432624
    },
    "model": "graph.pathflowassignment",
    "pk": 467
},
{
    "fields": {
        "path": 9,
        "flow": 0.0
    },
    "model": "graph.pathflowassignment",
    "pk": 468
},
{
    "fields": {
        "path": 8,
        "flow": 0.0
    },
    "model": "graph.pathflowassignment",
    "pk": 469
},
{
    "fields": {
        "path": 7,
        "flow": 0.170984455958549
    },
    "model": "graph.pathflowassignment",
    "pk": 470
},
{
    "fields": {
        "path": 6,
        "flow": 0.404145077720207
    },
    "model": "graph.pathflowassignment",
    "pk": 471
},
{
    "fields": {
        "path": 5,
        "flow": 0.424870466321243
    },
    "model": "graph.pathflowassignment",
    "pk": 472
},
{
    "fields": {
        "path": 4,
        "flow": 0.225988700564972
    },
    "model": "graph.pathflowassignment",
    "pk": 473
},
{
    "fields": {
        "path": 3,
        "flow": 0.242937853107345
    },
    "model": "graph.pathflowassignment",
    "pk": 474
},
{
    "fields": {
        "path": 2,
        "flow": 0.265536723163842
    },
    "model": "graph.pathflowassignment",
    "pk": 475
},
{
    "fields": {
        "path": 1,
        "flow": 0.265536723163842
    },
    "model": "graph.pathflowassignment",
    "pk": 476
},
{
    "fields": {
        "path": 17,
        "flow": 0.411764705882353
    },
    "model": "graph.pathflowassignment",
    "pk": 477
},
{
    "fields": {
        "path": 16,
        "flow": 0.294117647058824
    },
    "model": "graph.pathflowassignment",
    "pk": 478
},
{
    "fields": {
        "path": 15,
        "flow": 0.294117647058824
    },
    "model": "graph.pathflowassignment",
    "pk": 479
},
{
    "fields": {
        "path": 14,
        "flow": 0.571428571428571
    },
    "model": "graph.pathflowassignment",
    "pk": 480
},
{
    "fields": {
        "path": 13,
        "flow": 0.2
    },
    "model": "graph.pathflowassignment",
    "pk": 481
},
{
    "fields": {
        "path": 12,
        "flow": 0.228571428571429
    },
    "model": "graph.pathflowassignment",
    "pk": 482
},
{
    "fields": {
        "path": 11,
        "flow": 0.397163120567376
    },
    "model": "graph.pathflowassignment",
    "pk": 483
},
{
    "fields": {
        "path": 10,
        "flow": 0.602836879432624
    },
    "model": "graph.pathflowassignment",
    "pk": 484
},
{
    "fields": {
        "path": 9,
        "flow": 0.0
    },
    "model": "graph.pathflowassignment",
    "pk": 485
},
{
    "fields": {
        "path": 8,
        "flow": 0.0
    },
    "model": "graph.pathflowassignment",
    "pk": 486
},
{
    "fields": {
        "path": 7,
        "flow": 0.168367346938776
    },
    "model": "graph.pathflowassignment",
    "pk": 487
},
{
    "fields": {
        "path": 6,
        "flow": 0.397959183673469
    },
    "model": "graph.pathflowassignment",
    "pk": 488
},
{
    "fields": {
        "path": 5,
        "flow": 0.433673469387755
    },
    "model": "graph.pathflowassignment",
    "pk": 489
},
{
    "fields": {
        "path": 4,
        "flow": 0.272727272727273
    },
    "model": "graph.pathflowassignment",
    "pk": 490
},
{
    "fields": {
        "path": 3,
        "flow": 0.252525252525253
    },
    "model": "graph.pathflowassignment",
    "pk": 491
},
{
    "fields": {
        "path": 2,
        "flow": 0.237373737373737
    },
    "model": "graph.pathflowassignment",
    "pk": 492
},
{
    "fields": {
        "path": 1,
        "flow": 0.237373737373737
    },
    "model": "graph.pathflowassignment",
    "pk": 493
},
{
    "fields": {
        "path": 17,
        "flow": 0.538461538461538
    },
    "model": "graph.pathflowassignment",
    "pk": 494
},
{
    "fields": {
        "path": 16,
        "flow": 0.230769230769231
    },
    "model": "graph.pathflowassignment",
    "pk": 495
},
{
    "fields": {
        "path": 15,
        "flow": 0.230769230769231
    },
    "model": "graph.pathflowassignment",
    "pk": 496
},
{
    "fields": {
        "path": 14,
        "flow": 0.606060606060606
    },
    "model": "graph.pathflowassignment",
    "pk": 497
},
{
    "fields": {
        "path": 13,
        "flow": 0.212121212121212
    },
    "model": "graph.pathflowassignment",
    "pk": 498
},
{
    "fields": {
        "path": 12,
        "flow": 0.181818181818182
    },
    "model": "graph.pathflowassignment",
    "pk": 499
},
{
    "fields": {
        "path": 11,
        "flow": 0.4
    },
    "model": "graph.pathflowassignment",
    "pk": 500
},
{
    "fields": {
        "path": 10,
        "flow": 0.6
    },
    "model": "graph.pathflowassignment",
    "pk": 501
},
{
    "fields": {
        "path": 9,
        "flow": 0.0
    },
    "model": "graph.pathflowassignment",
    "pk": 502
},
{
    "fields": {
        "path": 8,
        "flow": 0.0
    },
    "model": "graph.pathflowassignment",
    "pk": 503
},
{
    "fields": {
        "path": 7,
        "flow": 0.186440677966102
    },
    "model": "graph.pathflowassignment",
    "pk": 504
},
{
    "fields": {
        "path": 6,
        "flow": 0.440677966101695
    },
    "model": "graph.pathflowassignment",
    "pk": 505
},
{
    "fields": {
        "path": 5,
        "flow": 0.372881355932203
    },
    "model": "graph.pathflowassignment",
    "pk": 506
},
{
    "fields": {
        "path": 4,
        "flow": 0.247058823529412
    },
    "model": "graph.pathflowassignment",
    "pk": 507
},
{
    "fields": {
        "path": 3,
        "flow": 0.294117647058824
    },
    "model": "graph.pathflowassignment",
    "pk": 508
},
{
    "fields": {
        "path": 2,
        "flow": 0.235294117647059
    },
    "model": "graph.pathflowassignment",
    "pk": 509
},
{
    "fields": {
        "path": 1,
        "flow": 0.223529411764706
    },
    "model": "graph.pathflowassignment",
    "pk": 510
},
{
    "fields": {
        "path": 17,
        "flow": 0.6
    },
    "model": "graph.pathflowassignment",
    "pk": 511
},
{
    "fields": {
        "path": 16,
        "flow": 0.2
    },
    "model": "graph.pathflowassignment",
    "pk": 512
},
{
    "fields": {
        "path": 15,
        "flow": 0.2
    },
    "model": "graph.pathflowassignment",
    "pk": 513
},
{
    "fields": {
        "path": 14,
        "flow": 0.571428571428571
    },
    "model": "graph.pathflowassignment",
    "pk": 514
},
{
    "fields": {
        "path": 13,
        "flow": 0.228571428571429
    },
    "model": "graph.pathflowassignment",
    "pk": 515
},
{
    "fields": {
        "path": 12,
        "flow": 0.2
    },
    "model": "graph.pathflowassignment",
    "pk": 516
},
{
    "fields": {
        "path": 11,
        "flow": 0.352517985611511
    },
    "model": "graph.pathflowassignment",
    "pk": 517
},
{
    "fields": {
        "path": 10,
        "flow": 0.647482014388489
    },
    "model": "graph.pathflowassignment",
    "pk": 518
},
{
    "fields": {
        "path": 9,
        "flow": 0.0
    },
    "model": "graph.pathflowassignment",
    "pk": 519
},
{
    "fields": {
        "path": 8,
        "flow": 0.0
    },
    "model": "graph.pathflowassignment",
    "pk": 520
},
{
    "fields": {
        "path": 7,
        "flow": 0.186440677966102
    },
    "model": "graph.pathflowassignment",
    "pk": 521
},
{
    "fields": {
        "path": 6,
        "flow": 0.440677966101695
    },
    "model": "graph.pathflowassignment",
    "pk": 522
},
{
    "fields": {
        "path": 5,
        "flow": 0.372881355932203
    },
    "model": "graph.pathflowassignment",
    "pk": 523
},
{
    "fields": {
        "path": 4,
        "flow": 0.251533742331288
    },
    "model": "graph.pathflowassignment",
    "pk": 524
},
{
    "fields": {
        "path": 3,
        "flow": 0.257668711656442
    },
    "model": "graph.pathflowassignment",
    "pk": 525
},
{
    "fields": {
        "path": 2,
        "flow": 0.245398773006135
    },
    "model": "graph.pathflowassignment",
    "pk": 526
},
{
    "fields": {
        "path": 1,
        "flow": 0.245398773006135
    },
    "model": "graph.pathflowassignment",
    "pk": 527
},
{
    "fields": {
        "iteration": 0,
        "graph_cost": 1
    },
    "model": "graph.gameturn",
    "pk": 1
},
{
    "fields": {
        "iteration": 1,
        "graph_cost": 2
    },
    "model": "graph.gameturn",
    "pk": 2
},
{
    "fields": {
        "iteration": 2,
        "graph_cost": 3
    },
    "model": "graph.gameturn",
    "pk": 3
},
{
    "fields": {
        "iteration": 3,
        "graph_cost": 4
    },
    "model": "graph.gameturn",
    "pk": 4
},
{
    "fields": {
        "iteration": 4,
        "graph_cost": 5
    },
    "model": "graph.gameturn",
    "pk": 5
},
{
    "fields": {
        "iteration": 5,
        "graph_cost": 6
    },
    "model": "graph.gameturn",
    "pk": 6
},
{
    "fields": {
        "iteration": 6,
        "graph_cost": 7
    },
    "model": "graph.gameturn",
    "pk": 7
},
{
    "fields": {
        "iteration": 7,
        "graph_cost": 8
    },
    "model": "graph.gameturn",
    "pk": 8
},
{
    "fields": {
        "iteration": 8,
        "graph_cost": 9
    },
    "model": "graph.gameturn",
    "pk": 9
},
{
    "fields": {
        "iteration": 9,
        "graph_cost": 10
    },
    "model": "graph.gameturn",
    "pk": 10
},
{
    "fields": {
        "iteration": 10,
        "graph_cost": 11
    },
    "model": "graph.gameturn",
    "pk": 11
},
{
    "fields": {
        "iteration": 11,
        "graph_cost": 12
    },
    "model": "graph.gameturn",
    "pk": 12
},
{
    "fields": {
        "iteration": 12,
        "graph_cost": 13
    },
    "model": "graph.gameturn",
    "pk": 13
},
{
    "fields": {
        "iteration": 13,
        "graph_cost": 14
    },
    "model": "graph.gameturn",
    "pk": 14
},
{
    "fields": {
        "iteration": 14,
        "graph_cost": 15
    },
    "model": "graph.gameturn",
    "pk": 15
},
{
    "fields": {
        "iteration": 15,
        "graph_cost": 16
    },
    "model": "graph.gameturn",
    "pk": 16
},
{
    "fields": {
        "iteration": 16,
        "graph_cost": 17
    },
    "model": "graph.gameturn",
    "pk": 17
},
{
    "fields": {
        "iteration": 17,
        "graph_cost": 18
    },
    "model": "graph.gameturn",
    "pk": 18
},
{
    "fields": {
        "iteration": 18,
        "graph_cost": 19
    },
    "model": "graph.gameturn",
    "pk": 19
},
{
    "fields": {
        "iteration": 19,
        "graph_cost": 20
    },
    "model": "graph.gameturn",
    "pk": 20
},
{
    "fields": {
        "iteration": 20,
        "graph_cost": 21
    },
    "model": "graph.gameturn",
    "pk": 21
},
{
    "fields": {
        "iteration": 21,
        "graph_cost": 22
    },
    "model": "graph.gameturn",
    "pk": 22
},
{
    "fields": {
        "iteration": 22,
        "graph_cost": 23
    },
    "model": "graph.gameturn",
    "pk": 23
},
{
    "fields": {
        "iteration": 23,
        "graph_cost": 24
    },
    "model": "graph.gameturn",
    "pk": 24
},
{
    "fields": {
        "iteration": 24,
        "graph_cost": 25
    },
    "model": "graph.gameturn",
    "pk": 25
},
{
    "fields": {
        "iteration": 25,
        "graph_cost": 26
    },
    "model": "graph.gameturn",
    "pk": 26
},
{
    "fields": {
        "iteration": 26,
        "graph_cost": 27
    },
    "model": "graph.gameturn",
    "pk": 27
},
{
    "fields": {
        "iteration": 27,
        "graph_cost": 28
    },
    "model": "graph.gameturn",
    "pk": 28
},
{
    "fields": {
        "iteration": 28,
        "graph_cost": 29
    },
    "model": "graph.gameturn",
    "pk": 29
},
{
    "fields": {
        "iteration": 29,
        "graph_cost": 30
    },
    "model": "graph.gameturn",
    "pk": 30
},
{
    "fields": {
        "iteration": 30,
        "graph_cost": 31
    },
    "model": "graph.gameturn",
    "pk": 31
},
{
    "fields": {
        "iteration": 31,
        "graph_cost": null
    },
    "model": "graph.gameturn",
    "pk": 32
},
{
    "fields": {
        "player": 1,
        "path_assignments": [
            14,
            15,
            16,
            17
        ],
        "turn": 1
    },
    "model": "graph.flowdistribution",
    "pk": 1
},
{
    "fields": {
        "player": 2,
        "path_assignments": [
            11,
            12,
            13
        ],
        "turn": 1
    },
    "model": "graph.flowdistribution",
    "pk": 2
},
{
    "fields": {
        "player": 3,
        "path_assignments": [
            7,
            8,
            9,
            10
        ],
        "turn": 1
    },
    "model": "graph.flowdistribution",
    "pk": 3
},
{
    "fields": {
        "player": 4,
        "path_assignments": [
            4,
            5,
            6
        ],
        "turn": 1
    },
    "model": "graph.flowdistribution",
    "pk": 4
},
{
    "fields": {
        "player": 5,
        "path_assignments": [
            1,
            2,
            3
        ],
        "turn": 1
    },
    "model": "graph.flowdistribution",
    "pk": 5
},
{
    "fields": {
        "player": 5,
        "path_assignments": [
            18,
            19,
            20
        ],
        "turn": 2
    },
    "model": "graph.flowdistribution",
    "pk": 6
},
{
    "fields": {
        "player": 4,
        "path_assignments": [
            21,
            22,
            23
        ],
        "turn": 2
    },
    "model": "graph.flowdistribution",
    "pk": 7
},
{
    "fields": {
        "player": 3,
        "path_assignments": [
            24,
            25,
            26,
            27
        ],
        "turn": 2
    },
    "model": "graph.flowdistribution",
    "pk": 8
},
{
    "fields": {
        "player": 2,
        "path_assignments": [
            28,
            29,
            30
        ],
        "turn": 2
    },
    "model": "graph.flowdistribution",
    "pk": 9
},
{
    "fields": {
        "player": 1,
        "path_assignments": [
            31,
            32,
            33,
            34
        ],
        "turn": 2
    },
    "model": "graph.flowdistribution",
    "pk": 10
},
{
    "fields": {
        "player": 5,
        "path_assignments": [
            35,
            36,
            37
        ],
        "turn": 3
    },
    "model": "graph.flowdistribution",
    "pk": 11
},
{
    "fields": {
        "player": 4,
        "path_assignments": [
            38,
            39,
            40
        ],
        "turn": 3
    },
    "model": "graph.flowdistribution",
    "pk": 12
},
{
    "fields": {
        "player": 3,
        "path_assignments": [
            41,
            42,
            43,
            44
        ],
        "turn": 3
    },
    "model": "graph.flowdistribution",
    "pk": 13
},
{
    "fields": {
        "player": 2,
        "path_assignments": [
            45,
            46,
            47
        ],
        "turn": 3
    },
    "model": "graph.flowdistribution",
    "pk": 14
},
{
    "fields": {
        "player": 1,
        "path_assignments": [
            48,
            49,
            50,
            51
        ],
        "turn": 3
    },
    "model": "graph.flowdistribution",
    "pk": 15
},
{
    "fields": {
        "player": 5,
        "path_assignments": [
            52,
            53,
            54
        ],
        "turn": 4
    },
    "model": "graph.flowdistribution",
    "pk": 16
},
{
    "fields": {
        "player": 4,
        "path_assignments": [
            55,
            56,
            57
        ],
        "turn": 4
    },
    "model": "graph.flowdistribution",
    "pk": 17
},
{
    "fields": {
        "player": 3,
        "path_assignments": [
            58,
            59,
            60,
            61
        ],
        "turn": 4
    },
    "model": "graph.flowdistribution",
    "pk": 18
},
{
    "fields": {
        "player": 2,
        "path_assignments": [
            62,
            63,
            64
        ],
        "turn": 4
    },
    "model": "graph.flowdistribution",
    "pk": 19
},
{
    "fields": {
        "player": 1,
        "path_assignments": [
            65,
            66,
            67,
            68
        ],
        "turn": 4
    },
    "model": "graph.flowdistribution",
    "pk": 20
},
{
    "fields": {
        "player": 5,
        "path_assignments": [
            69,
            70,
            71
        ],
        "turn": 5
    },
    "model": "graph.flowdistribution",
    "pk": 21
},
{
    "fields": {
        "player": 4,
        "path_assignments": [
            72,
            73,
            74
        ],
        "turn": 5
    },
    "model": "graph.flowdistribution",
    "pk": 22
},
{
    "fields": {
        "player": 3,
        "path_assignments": [
            75,
            76,
            77,
            78
        ],
        "turn": 5
    },
    "model": "graph.flowdistribution",
    "pk": 23
},
{
    "fields": {
        "player": 2,
        "path_assignments": [
            79,
            80,
            81
        ],
        "turn": 5
    },
    "model": "graph.flowdistribution",
    "pk": 24
},
{
    "fields": {
        "player": 1,
        "path_assignments": [
            82,
            83,
            84,
            85
        ],
        "turn": 5
    },
    "model": "graph.flowdistribution",
    "pk": 25
},
{
    "fields": {
        "player": 5,
        "path_assignments": [
            86,
            87,
            88
        ],
        "turn": 6
    },
    "model": "graph.flowdistribution",
    "pk": 26
},
{
    "fields": {
        "player": 4,
        "path_assignments": [
            89,
            90,
            91
        ],
        "turn": 6
    },
    "model": "graph.flowdistribution",
    "pk": 27
},
{
    "fields": {
        "player": 3,
        "path_assignments": [
            92,
            93,
            94,
            95
        ],
        "turn": 6
    },
    "model": "graph.flowdistribution",
    "pk": 28
},
{
    "fields": {
        "player": 2,
        "path_assignments": [
            96,
            97,
            98
        ],
        "turn": 6
    },
    "model": "graph.flowdistribution",
    "pk": 29
},
{
    "fields": {
        "player": 1,
        "path_assignments": [
            99,
            100,
            101,
            102
        ],
        "turn": 6
    },
    "model": "graph.flowdistribution",
    "pk": 30
},
{
    "fields": {
        "player": 5,
        "path_assignments": [
            103,
            104,
            105
        ],
        "turn": 7
    },
    "model": "graph.flowdistribution",
    "pk": 31
},
{
    "fields": {
        "player": 4,
        "path_assignments": [
            106,
            107,
            108
        ],
        "turn": 7
    },
    "model": "graph.flowdistribution",
    "pk": 32
},
{
    "fields": {
        "player": 3,
        "path_assignments": [
            109,
            110,
            111,
            112
        ],
        "turn": 7
    },
    "model": "graph.flowdistribution",
    "pk": 33
},
{
    "fields": {
        "player": 2,
        "path_assignments": [
            113,
            114,
            115
        ],
        "turn": 7
    },
    "model": "graph.flowdistribution",
    "pk": 34
},
{
    "fields": {
        "player": 1,
        "path_assignments": [
            116,
            117,
            118,
            119
        ],
        "turn": 7
    },
    "model": "graph.flowdistribution",
    "pk": 35
},
{
    "fields": {
        "player": 5,
        "path_assignments": [
            120,
            121,
            122
        ],
        "turn": 8
    },
    "model": "graph.flowdistribution",
    "pk": 36
},
{
    "fields": {
        "player": 4,
        "path_assignments": [
            123,
            124,
            125
        ],
        "turn": 8
    },
    "model": "graph.flowdistribution",
    "pk": 37
},
{
    "fields": {
        "player": 3,
        "path_assignments": [
            126,
            127,
            128,
            129
        ],
        "turn": 8
    },
    "model": "graph.flowdistribution",
    "pk": 38
},
{
    "fields": {
        "player": 2,
        "path_assignments": [
            130,
            131,
            132
        ],
        "turn": 8
    },
    "model": "graph.flowdistribution",
    "pk": 39
},
{
    "fields": {
        "player": 1,
        "path_assignments": [
            133,
            134,
            135,
            136
        ],
        "turn": 8
    },
    "model": "graph.flowdistribution",
    "pk": 40
},
{
    "fields": {
        "player": 5,
        "path_assignments": [
            137,
            138,
            139
        ],
        "turn": 9
    },
    "model": "graph.flowdistribution",
    "pk": 41
},
{
    "fields": {
        "player": 4,
        "path_assignments": [
            140,
            141,
            142
        ],
        "turn": 9
    },
    "model": "graph.flowdistribution",
    "pk": 42
},
{
    "fields": {
        "player": 3,
        "path_assignments": [
            143,
            144,
            145,
            146
        ],
        "turn": 9
    },
    "model": "graph.flowdistribution",
    "pk": 43
},
{
    "fields": {
        "player": 2,
        "path_assignments": [
            147,
            148,
            149
        ],
        "turn": 9
    },
    "model": "graph.flowdistribution",
    "pk": 44
},
{
    "fields": {
        "player": 1,
        "path_assignments": [
            150,
            151,
            152,
            153
        ],
        "turn": 9
    },
    "model": "graph.flowdistribution",
    "pk": 45
},
{
    "fields": {
        "player": 5,
        "path_assignments": [
            154,
            155,
            156
        ],
        "turn": 10
    },
    "model": "graph.flowdistribution",
    "pk": 46
},
{
    "fields": {
        "player": 4,
        "path_assignments": [
            157,
            158,
            159
        ],
        "turn": 10
    },
    "model": "graph.flowdistribution",
    "pk": 47
},
{
    "fields": {
        "player": 3,
        "path_assignments": [
            160,
            161,
            162,
            163
        ],
        "turn": 10
    },
    "model": "graph.flowdistribution",
    "pk": 48
},
{
    "fields": {
        "player": 2,
        "path_assignments": [
            164,
            165,
            166
        ],
        "turn": 10
    },
    "model": "graph.flowdistribution",
    "pk": 49
},
{
    "fields": {
        "player": 1,
        "path_assignments": [
            167,
            168,
            169,
            170
        ],
        "turn": 10
    },
    "model": "graph.flowdistribution",
    "pk": 50
},
{
    "fields": {
        "player": 5,
        "path_assignments": [
            171,
            172,
            173
        ],
        "turn": 11
    },
    "model": "graph.flowdistribution",
    "pk": 51
},
{
    "fields": {
        "player": 4,
        "path_assignments": [
            174,
            175,
            176
        ],
        "turn": 11
    },
    "model": "graph.flowdistribution",
    "pk": 52
},
{
    "fields": {
        "player": 3,
        "path_assignments": [
            177,
            178,
            179,
            180
        ],
        "turn": 11
    },
    "model": "graph.flowdistribution",
    "pk": 53
},
{
    "fields": {
        "player": 2,
        "path_assignments": [
            181,
            182,
            183
        ],
        "turn": 11
    },
    "model": "graph.flowdistribution",
    "pk": 54
},
{
    "fields": {
        "player": 1,
        "path_assignments": [
            184,
            185,
            186,
            187
        ],
        "turn": 11
    },
    "model": "graph.flowdistribution",
    "pk": 55
},
{
    "fields": {
        "player": 5,
        "path_assignments": [
            188,
            189,
            190
        ],
        "turn": 12
    },
    "model": "graph.flowdistribution",
    "pk": 56
},
{
    "fields": {
        "player": 4,
        "path_assignments": [
            191,
            192,
            193
        ],
        "turn": 12
    },
    "model": "graph.flowdistribution",
    "pk": 57
},
{
    "fields": {
        "player": 3,
        "path_assignments": [
            194,
            195,
            196,
            197
        ],
        "turn": 12
    },
    "model": "graph.flowdistribution",
    "pk": 58
},
{
    "fields": {
        "player": 2,
        "path_assignments": [
            198,
            199,
            200
        ],
        "turn": 12
    },
    "model": "graph.flowdistribution",
    "pk": 59
},
{
    "fields": {
        "player": 1,
        "path_assignments": [
            201,
            202,
            203,
            204
        ],
        "turn": 12
    },
    "model": "graph.flowdistribution",
    "pk": 60
},
{
    "fields": {
        "player": 5,
        "path_assignments": [
            205,
            206,
            207
        ],
        "turn": 13
    },
    "model": "graph.flowdistribution",
    "pk": 61
},
{
    "fields": {
        "player": 4,
        "path_assignments": [
            208,
            209,
            210
        ],
        "turn": 13
    },
    "model": "graph.flowdistribution",
    "pk": 62
},
{
    "fields": {
        "player": 3,
        "path_assignments": [
            211,
            212,
            213,
            214
        ],
        "turn": 13
    },
    "model": "graph.flowdistribution",
    "pk": 63
},
{
    "fields": {
        "player": 2,
        "path_assignments": [
            215,
            216,
            217
        ],
        "turn": 13
    },
    "model": "graph.flowdistribution",
    "pk": 64
},
{
    "fields": {
        "player": 1,
        "path_assignments": [
            218,
            219,
            220,
            221
        ],
        "turn": 13
    },
    "model": "graph.flowdistribution",
    "pk": 65
},
{
    "fields": {
        "player": 5,
        "path_assignments": [
            222,
            223,
            224
        ],
        "turn": 14
    },
    "model": "graph.flowdistribution",
    "pk": 66
},
{
    "fields": {
        "player": 4,
        "path_assignments": [
            225,
            226,
            227
        ],
        "turn": 14
    },
    "model": "graph.flowdistribution",
    "pk": 67
},
{
    "fields": {
        "player": 3,
        "path_assignments": [
            228,
            229,
            230,
            231
        ],
        "turn": 14
    },
    "model": "graph.flowdistribution",
    "pk": 68
},
{
    "fields": {
        "player": 2,
        "path_assignments": [
            232,
            233,
            234
        ],
        "turn": 14
    },
    "model": "graph.flowdistribution",
    "pk": 69
},
{
    "fields": {
        "player": 1,
        "path_assignments": [
            235,
            236,
            237,
            238
        ],
        "turn": 14
    },
    "model": "graph.flowdistribution",
    "pk": 70
},
{
    "fields": {
        "player": 5,
        "path_assignments": [
            239,
            240,
            241
        ],
        "turn": 15
    },
    "model": "graph.flowdistribution",
    "pk": 71
},
{
    "fields": {
        "player": 4,
        "path_assignments": [
            242,
            243,
            244
        ],
        "turn": 15
    },
    "model": "graph.flowdistribution",
    "pk": 72
},
{
    "fields": {
        "player": 3,
        "path_assignments": [
            245,
            246,
            247,
            248
        ],
        "turn": 15
    },
    "model": "graph.flowdistribution",
    "pk": 73
},
{
    "fields": {
        "player": 2,
        "path_assignments": [
            249,
            250,
            251
        ],
        "turn": 15
    },
    "model": "graph.flowdistribution",
    "pk": 74
},
{
    "fields": {
        "player": 1,
        "path_assignments": [
            252,
            253,
            254,
            255
        ],
        "turn": 15
    },
    "model": "graph.flowdistribution",
    "pk": 75
},
{
    "fields": {
        "player": 5,
        "path_assignments": [
            256,
            257,
            258
        ],
        "turn": 16
    },
    "model": "graph.flowdistribution",
    "pk": 76
},
{
    "fields": {
        "player": 4,
        "path_assignments": [
            259,
            260,
            261
        ],
        "turn": 16
    },
    "model": "graph.flowdistribution",
    "pk": 77
},
{
    "fields": {
        "player": 3,
        "path_assignments": [
            262,
            263,
            264,
            265
        ],
        "turn": 16
    },
    "model": "graph.flowdistribution",
    "pk": 78
},
{
    "fields": {
        "player": 2,
        "path_assignments": [
            266,
            267,
            268
        ],
        "turn": 16
    },
    "model": "graph.flowdistribution",
    "pk": 79
},
{
    "fields": {
        "player": 1,
        "path_assignments": [
            269,
            270,
            271,
            272
        ],
        "turn": 16
    },
    "model": "graph.flowdistribution",
    "pk": 80
},
{
    "fields": {
        "player": 5,
        "path_assignments": [
            273,
            274,
            275
        ],
        "turn": 17
    },
    "model": "graph.flowdistribution",
    "pk": 81
},
{
    "fields": {
        "player": 4,
        "path_assignments": [
            276,
            277,
            278
        ],
        "turn": 17
    },
    "model": "graph.flowdistribution",
    "pk": 82
},
{
    "fields": {
        "player": 3,
        "path_assignments": [
            279,
            280,
            281,
            282
        ],
        "turn": 17
    },
    "model": "graph.flowdistribution",
    "pk": 83
},
{
    "fields": {
        "player": 2,
        "path_assignments": [
            283,
            284,
            285
        ],
        "turn": 17
    },
    "model": "graph.flowdistribution",
    "pk": 84
},
{
    "fields": {
        "player": 1,
        "path_assignments": [
            286,
            287,
            288,
            289
        ],
        "turn": 17
    },
    "model": "graph.flowdistribution",
    "pk": 85
},
{
    "fields": {
        "player": 5,
        "path_assignments": [
            290,
            291,
            292
        ],
        "turn": 18
    },
    "model": "graph.flowdistribution",
    "pk": 86
},
{
    "fields": {
        "player": 4,
        "path_assignments": [
            293,
            294,
            295
        ],
        "turn": 18
    },
    "model": "graph.flowdistribution",
    "pk": 87
},
{
    "fields": {
        "player": 3,
        "path_assignments": [
            296,
            297,
            298,
            299
        ],
        "turn": 18
    },
    "model": "graph.flowdistribution",
    "pk": 88
},
{
    "fields": {
        "player": 2,
        "path_assignments": [
            300,
            301,
            302
        ],
        "turn": 18
    },
    "model": "graph.flowdistribution",
    "pk": 89
},
{
    "fields": {
        "player": 1,
        "path_assignments": [
            303,
            304,
            305,
            306
        ],
        "turn": 18
    },
    "model": "graph.flowdistribution",
    "pk": 90
},
{
    "fields": {
        "player": 5,
        "path_assignments": [
            307,
            308,
            309
        ],
        "turn": 19
    },
    "model": "graph.flowdistribution",
    "pk": 91
},
{
    "fields": {
        "player": 4,
        "path_assignments": [
            310,
            311,
            312
        ],
        "turn": 19
    },
    "model": "graph.flowdistribution",
    "pk": 92
},
{
    "fields": {
        "player": 3,
        "path_assignments": [
            313,
            314,
            315,
            316
        ],
        "turn": 19
    },
    "model": "graph.flowdistribution",
    "pk": 93
},
{
    "fields": {
        "player": 2,
        "path_assignments": [
            317,
            318,
            319
        ],
        "turn": 19
    },
    "model": "graph.flowdistribution",
    "pk": 94
},
{
    "fields": {
        "player": 1,
        "path_assignments": [
            320,
            321,
            322,
            323
        ],
        "turn": 19
    },
    "model": "graph.flowdistribution",
    "pk": 95
},
{
    "fields": {
        "player": 5,
        "path_assignments": [
            324,
            325,
            326
        ],
        "turn": 20
    },
    "model": "graph.flowdistribution",
    "pk": 96
},
{
    "fields": {
        "player": 4,
        "path_assignments": [
            327,
            328,
            329
        ],
        "turn": 20
    },
    "model": "graph.flowdistribution",
    "pk": 97
},
{
    "fields": {
        "player": 3,
        "path_assignments": [
            330,
            331,
            332,
            333
        ],
        "turn": 20
    },
    "model": "graph.flowdistribution",
    "pk": 98
},
{
    "fields": {
        "player": 2,
        "path_assignments": [
            334,
            335,
            336
        ],
        "turn": 20
    },
    "model": "graph.flowdistribution",
    "pk": 99
},
{
    "fields": {
        "player": 1,
        "path_assignments": [
            337,
            338,
            339,
            340
        ],
        "turn": 20
    },
    "model": "graph.flowdistribution",
    "pk": 100
},
{
    "fields": {
        "player": 5,
        "path_assignments": [
            341,
            342,
            343
        ],
        "turn": 21
    },
    "model": "graph.flowdistribution",
    "pk": 101
},
{
    "fields": {
        "player": 4,
        "path_assignments": [
            344,
            345,
            346
        ],
        "turn": 21
    },
    "model": "graph.flowdistribution",
    "pk": 102
},
{
    "fields": {
        "player": 3,
        "path_assignments": [
            347,
            348,
            349,
            350
        ],
        "turn": 21
    },
    "model": "graph.flowdistribution",
    "pk": 103
},
{
    "fields": {
        "player": 2,
        "path_assignments": [
            351,
            352,
            353
        ],
        "turn": 21
    },
    "model": "graph.flowdistribution",
    "pk": 104
},
{
    "fields": {
        "player": 1,
        "path_assignments": [
            354,
            355,
            356,
            357
        ],
        "turn": 21
    },
    "model": "graph.flowdistribution",
    "pk": 105
},
{
    "fields": {
        "player": 5,
        "path_assignments": [
            358,
            359,
            360
        ],
        "turn": 22
    },
    "model": "graph.flowdistribution",
    "pk": 106
},
{
    "fields": {
        "player": 4,
        "path_assignments": [
            361,
            362,
            363
        ],
        "turn": 22
    },
    "model": "graph.flowdistribution",
    "pk": 107
},
{
    "fields": {
        "player": 3,
        "path_assignments": [
            364,
            365,
            366,
            367
        ],
        "turn": 22
    },
    "model": "graph.flowdistribution",
    "pk": 108
},
{
    "fields": {
        "player": 2,
        "path_assignments": [
            368,
            369,
            370
        ],
        "turn": 22
    },
    "model": "graph.flowdistribution",
    "pk": 109
},
{
    "fields": {
        "player": 1,
        "path_assignments": [
            371,
            372,
            373,
            374
        ],
        "turn": 22
    },
    "model": "graph.flowdistribution",
    "pk": 110
},
{
    "fields": {
        "player": 5,
        "path_assignments": [
            375,
            376,
            377
        ],
        "turn": 23
    },
    "model": "graph.flowdistribution",
    "pk": 111
},
{
    "fields": {
        "player": 4,
        "path_assignments": [
            378,
            379,
            380
        ],
        "turn": 23
    },
    "model": "graph.flowdistribution",
    "pk": 112
},
{
    "fields": {
        "player": 3,
        "path_assignments": [
            381,
            382,
            383,
            384
        ],
        "turn": 23
    },
    "model": "graph.flowdistribution",
    "pk": 113
},
{
    "fields": {
        "player": 2,
        "path_assignments": [
            385,
            386,
            387
        ],
        "turn": 23
    },
    "model": "graph.flowdistribution",
    "pk": 114
},
{
    "fields": {
        "player": 1,
        "path_assignments": [
            388,
            389,
            390,
            391
        ],
        "turn": 23
    },
    "model": "graph.flowdistribution",
    "pk": 115
},
{
    "fields": {
        "player": 5,
        "path_assignments": [
            392,
            393,
            394
        ],
        "turn": 24
    },
    "model": "graph.flowdistribution",
    "pk": 116
},
{
    "fields": {
        "player": 4,
        "path_assignments": [
            395,
            396,
            397
        ],
        "turn": 24
    },
    "model": "graph.flowdistribution",
    "pk": 117
},
{
    "fields": {
        "player": 3,
        "path_assignments": [
            398,
            399,
            400,
            401
        ],
        "turn": 24
    },
    "model": "graph.flowdistribution",
    "pk": 118
},
{
    "fields": {
        "player": 2,
        "path_assignments": [
            402,
            403,
            404
        ],
        "turn": 24
    },
    "model": "graph.flowdistribution",
    "pk": 119
},
{
    "fields": {
        "player": 1,
        "path_assignments": [
            405,
            406,
            407,
            408
        ],
        "turn": 24
    },
    "model": "graph.flowdistribution",
    "pk": 120
},
{
    "fields": {
        "player": 5,
        "path_assignments": [
            409,
            410,
            411
        ],
        "turn": 25
    },
    "model": "graph.flowdistribution",
    "pk": 121
},
{
    "fields": {
        "player": 4,
        "path_assignments": [
            412,
            413,
            414
        ],
        "turn": 25
    },
    "model": "graph.flowdistribution",
    "pk": 122
},
{
    "fields": {
        "player": 3,
        "path_assignments": [
            415,
            416,
            417,
            418
        ],
        "turn": 25
    },
    "model": "graph.flowdistribution",
    "pk": 123
},
{
    "fields": {
        "player": 2,
        "path_assignments": [
            419,
            420,
            421
        ],
        "turn": 25
    },
    "model": "graph.flowdistribution",
    "pk": 124
},
{
    "fields": {
        "player": 1,
        "path_assignments": [
            422,
            423,
            424,
            425
        ],
        "turn": 25
    },
    "model": "graph.flowdistribution",
    "pk": 125
},
{
    "fields": {
        "player": 5,
        "path_assignments": [
            426,
            427,
            428
        ],
        "turn": 26
    },
    "model": "graph.flowdistribution",
    "pk": 126
},
{
    "fields": {
        "player": 4,
        "path_assignments": [
            429,
            430,
            431
        ],
        "turn": 26
    },
    "model": "graph.flowdistribution",
    "pk": 127
},
{
    "fields": {
        "player": 3,
        "path_assignments": [
            432,
            433,
            434,
            435
        ],
        "turn": 26
    },
    "model": "graph.flowdistribution",
    "pk": 128
},
{
    "fields": {
        "player": 2,
        "path_assignments": [
            436,
            437,
            438
        ],
        "turn": 26
    },
    "model": "graph.flowdistribution",
    "pk": 129
},
{
    "fields": {
        "player": 1,
        "path_assignments": [
            439,
            440,
            441,
            442
        ],
        "turn": 26
    },
    "model": "graph.flowdistribution",
    "pk": 130
},
{
    "fields": {
        "player": 5,
        "path_assignments": [
            443,
            444,
            445
        ],
        "turn": 27
    },
    "model": "graph.flowdistribution",
    "pk": 131
},
{
    "fields": {
        "player": 4,
        "path_assignments": [
            446,
            447,
            448
        ],
        "turn": 27
    },
    "model": "graph.flowdistribution",
    "pk": 132
},
{
    "fields": {
        "player": 3,
        "path_assignments": [
            449,
            450,
            451,
            452
        ],
        "turn": 27
    },
    "model": "graph.flowdistribution",
    "pk": 133
},
{
    "fields": {
        "player": 2,
        "path_assignments": [
            453,
            454,
            455
        ],
        "turn": 27
    },
    "model": "graph.flowdistribution",
    "pk": 134
},
{
    "fields": {
        "player": 1,
        "path_assignments": [
            456,
            457,
            458,
            459
        ],
        "turn": 27
    },
    "model": "graph.flowdistribution",
    "pk": 135
},
{
    "fields": {
        "player": 5,
        "path_assignments": [
            460,
            461,
            462
        ],
        "turn": 28
    },
    "model": "graph.flowdistribution",
    "pk": 136
},
{
    "fields": {
        "player": 4,
        "path_assignments": [
            463,
            464,
            465
        ],
        "turn": 28
    },
    "model": "graph.flowdistribution",
    "pk": 137
},
{
    "fields": {
        "player": 3,
        "path_assignments": [
            466,
            467,
            468,
            469
        ],
        "turn": 28
    },
    "model": "graph.flowdistribution",
    "pk": 138
},
{
    "fields": {
        "player": 2,
        "path_assignments": [
            470,
            471,
            472
        ],
        "turn": 28
    },
    "model": "graph.flowdistribution",
    "pk": 139
},
{
    "fields": {
        "player": 1,
        "path_assignments": [
            473,
            474,
            475,
            476
        ],
        "turn": 28
    },
    "model": "graph.flowdistribution",
    "pk": 140
},
{
    "fields": {
        "player": 5,
        "path_assignments": [
            477,
            478,
            479
        ],
        "turn": 29
    },
    "model": "graph.flowdistribution",
    "pk": 141
},
{
    "fields": {
        "player": 4,
        "path_assignments": [
            480,
            481,
            482
        ],
        "turn": 29
    },
    "model": "graph.flowdistribution",
    "pk": 142
},
{
    "fields": {
        "player": 3,
        "path_assignments": [
            483,
            484,
            485,
            486
        ],
        "turn": 29
    },
    "model": "graph.flowdistribution",
    "pk": 143
},
{
    "fields": {
        "player": 2,
        "path_assignments": [
            487,
            488,
            489
        ],
        "turn": 29
    },
    "model": "graph.flowdistribution",
    "pk": 144
},
{
    "fields": {
        "player": 1,
        "path_assignments": [
            490,
            491,
            492,
            493
        ],
        "turn": 29
    },
    "model": "graph.flowdistribution",
    "pk": 145
},
{
    "fields": {
        "player": 5,
        "path_assignments": [
            494,
            495,
            496
        ],
        "turn": 30
    },
    "model": "graph.flowdistribution",
    "pk": 146
},
{
    "fields": {
        "player": 4,
        "path_assignments": [
            497,
            498,
            499
        ],
        "turn": 30
    },
    "model": "graph.flowdistribution",
    "pk": 147
},
{
    "fields": {
        "player": 3,
        "path_assignments": [
            500,
            501,
            502,
            503
        ],
        "turn": 30
    },
    "model": "graph.flowdistribution",
    "pk": 148
},
{
    "fields": {
        "player": 2,
        "path_assignments": [
            504,
            505,
            506
        ],
        "turn": 30
    },
    "model": "graph.flowdistribution",
    "pk": 149
},
{
    "fields": {
        "player": 1,
        "path_assignments": [
            507,
            508,
            509,
            510
        ],
        "turn": 30
    },
    "model": "graph.flowdistribution",
    "pk": 150
},
{
    "fields": {
        "player": 5,
        "path_assignments": [
            511,
            512,
            513
        ],
        "turn": 31
    },
    "model": "graph.flowdistribution",
    "pk": 151
},
{
    "fields": {
        "player": 4,
        "path_assignments": [
            514,
            515,
            516
        ],
        "turn": 31
    },
    "model": "graph.flowdistribution",
    "pk": 152
},
{
    "fields": {
        "player": 3,
        "path_assignments": [
            517,
            518,
            519,
            520
        ],
        "turn": 31
    },
    "model": "graph.flowdistribution",
    "pk": 153
},
{
    "fields": {
        "player": 2,
        "path_assignments": [
            521,
            522,
            523
        ],
        "turn": 31
    },
    "model": "graph.flowdistribution",
    "pk": 154
},
{
    "fields": {
        "player": 1,
        "path_assignments": [
            524,
            525,
            526,
            527
        ],
        "turn": 31
    },
    "model": "graph.flowdistribution",
    "pk": 155
},
{
    "fields": {
        "edge": "01180e3f595f64bd0fccad5f7d2a73be",
        "cost": 1.52265737776941
    },
    "model": "graph.edgecost",
    "pk": 1
},
{
    "fields": {
        "edge": "14812841179217cfdb6e63d0ffbef319",
        "cost": 2.48404255319149
    },
    "model": "graph.edgecost",
    "pk": 2
},
{
    "fields": {
        "edge": "182175f053c3703cb8d33b8a8425f647",
        "cost": 2.01280361513839
    },
    "model": "graph.edgecost",
    "pk": 3
},
{
    "fields": {
        "edge": "187f70636347316d2626d5edc4548ef2",
        "cost": 0.596976401179941
    },
    "model": "graph.edgecost",
    "pk": 4
},
{
    "fields": {
        "edge": "301c5a0c06642fbe79661af6fb1a0896",
        "cost": 1.51595744680851
    },
    "model": "graph.edgecost",
    "pk": 5
},
{
    "fields": {
        "edge": "3c8b3e83bef2492e3a4ce8ca52d51591",
        "cost": 5.48029247473797
    },
    "model": "graph.edgecost",
    "pk": 6
},
{
    "fields": {
        "edge": "60dc0a497c04648c9e4641bd18c17b04",
        "cost": 1.48719638486161
    },
    "model": "graph.edgecost",
    "pk": 7
},
{
    "fields": {
        "edge": "b81e5815c9ad0e911fcae8ce6542ce68",
        "cost": 2.75
    },
    "model": "graph.edgecost",
    "pk": 8
},
{
    "fields": {
        "edge": "be20b37134dc0fe6c75fa9314fe7adce",
        "cost": 0.5
    },
    "model": "graph.edgecost",
    "pk": 9
},
{
    "fields": {
        "edge": "cdff64e531121d7e2da47c95529415de",
        "cost": 2.61209439528024
    },
    "model": "graph.edgecost",
    "pk": 10
},
{
    "fields": {
        "edge": "d2139601f439afc2d48ccc82a655eec9",
        "cost": 1.47439276972322
    },
    "model": "graph.edgecost",
    "pk": 11
},
{
    "fields": {
        "edge": "f989b13a4792dd7eb3d47a078a7b446c",
        "cost": 1.0
    },
    "model": "graph.edgecost",
    "pk": 12
},
{
    "fields": {
        "edge": "fa87b1d9062a52fa051e7db856781a26",
        "cost": 0.75
    },
    "model": "graph.edgecost",
    "pk": 13
},
{
    "fields": {
        "edge": "01180e3f595f64bd0fccad5f7d2a73be",
        "cost": 2.1883445945946
    },
    "model": "graph.edgecost",
    "pk": 14
},
{
    "fields": {
        "edge": "14812841179217cfdb6e63d0ffbef319",
        "cost": 2.78378378378378
    },
    "model": "graph.edgecost",
    "pk": 15
},
{
    "fields": {
        "edge": "182175f053c3703cb8d33b8a8425f647",
        "cost": 1.98268581081081
    },
    "model": "graph.edgecost",
    "pk": 16
},
{
    "fields": {
        "edge": "187f70636347316d2626d5edc4548ef2",
        "cost": 0.864583333333333
    },
    "model": "graph.edgecost",
    "pk": 17
},
{
    "fields": {
        "edge": "301c5a0c06642fbe79661af6fb1a0896",
        "cost": 1.21621621621622
    },
    "model": "graph.edgecost",
    "pk": 18
},
{
    "fields": {
        "edge": "3c8b3e83bef2492e3a4ce8ca52d51591",
        "cost": 2.58868243243243
    },
    "model": "graph.edgecost",
    "pk": 19
},
{
    "fields": {
        "edge": "60dc0a497c04648c9e4641bd18c17b04",
        "cost": 1.51731418918919
    },
    "model": "graph.edgecost",
    "pk": 20
},
{
    "fields": {
        "edge": "b81e5815c9ad0e911fcae8ce6542ce68",
        "cost": 2.0
    },
    "model": "graph.edgecost",
    "pk": 21
},
{
    "fields": {
        "edge": "be20b37134dc0fe6c75fa9314fe7adce",
        "cost": 0.5
    },
    "model": "graph.edgecost",
    "pk": 22
},
{
    "fields": {
        "edge": "cdff64e531121d7e2da47c95529415de",
        "cost": 1.54166666666667
    },
    "model": "graph.edgecost",
    "pk": 23
},
{
    "fields": {
        "edge": "d2139601f439afc2d48ccc82a655eec9",
        "cost": 3.03462837837838
    },
    "model": "graph.edgecost",
    "pk": 24
},
{
    "fields": {
        "edge": "f989b13a4792dd7eb3d47a078a7b446c",
        "cost": 1.0
    },
    "model": "graph.edgecost",
    "pk": 25
},
{
    "fields": {
        "edge": "fa87b1d9062a52fa051e7db856781a26",
        "cost": 1.5
    },
    "model": "graph.edgecost",
    "pk": 26
},
{
    "fields": {
        "edge": "01180e3f595f64bd0fccad5f7d2a73be",
        "cost": 1.82893125068918
    },
    "model": "graph.edgecost",
    "pk": 27
},
{
    "fields": {
        "edge": "14812841179217cfdb6e63d0ffbef319",
        "cost": 2.37826420890937
    },
    "model": "graph.edgecost",
    "pk": 28
},
{
    "fields": {
        "edge": "182175f053c3703cb8d33b8a8425f647",
        "cost": 2.12304727125177
    },
    "model": "graph.edgecost",
    "pk": 29
},
{
    "fields": {
        "edge": "187f70636347316d2626d5edc4548ef2",
        "cost": 0.901792814284682
    },
    "model": "graph.edgecost",
    "pk": 30
},
{
    "fields": {
        "edge": "301c5a0c06642fbe79661af6fb1a0896",
        "cost": 1.62173579109063
    },
    "model": "graph.edgecost",
    "pk": 31
},
{
    "fields": {
        "edge": "3c8b3e83bef2492e3a4ce8ca52d51591",
        "cost": 4.80799120916022
    },
    "model": "graph.edgecost",
    "pk": 32
},
{
    "fields": {
        "edge": "60dc0a497c04648c9e4641bd18c17b04",
        "cost": 1.37695272874823
    },
    "model": "graph.edgecost",
    "pk": 33
},
{
    "fields": {
        "edge": "b81e5815c9ad0e911fcae8ce6542ce68",
        "cost": 2.60987958401752
    },
    "model": "graph.edgecost",
    "pk": 34
},
{
    "fields": {
        "edge": "be20b37134dc0fe6c75fa9314fe7adce",
        "cost": 0.5
    },
    "model": "graph.edgecost",
    "pk": 35
},
{
    "fields": {
        "edge": "cdff64e531121d7e2da47c95529415de",
        "cost": 1.39282874286127
    },
    "model": "graph.edgecost",
    "pk": 36
},
{
    "fields": {
        "edge": "d2139601f439afc2d48ccc82a655eec9",
        "cost": 1.53414628946142
    },
    "model": "graph.edgecost",
    "pk": 37
},
{
    "fields": {
        "edge": "f989b13a4792dd7eb3d47a078a7b446c",
        "cost": 1.0
    },
    "model": "graph.edgecost",
    "pk": 38
},
{
    "fields": {
        "edge": "fa87b1d9062a52fa051e7db856781a26",
        "cost": 0.890120415982485
    },
    "model": "graph.edgecost",
    "pk": 39
},
{
    "fields": {
        "edge": "01180e3f595f64bd0fccad5f7d2a73be",
        "cost": 2.59223484848485
    },
    "model": "graph.edgecost",
    "pk": 40
},
{
    "fields": {
        "edge": "14812841179217cfdb6e63d0ffbef319",
        "cost": 2.51190476190476
    },
    "model": "graph.edgecost",
    "pk": 41
},
{
    "fields": {
        "edge": "182175f053c3703cb8d33b8a8425f647",
        "cost": 1.94226190476191
    },
    "model": "graph.edgecost",
    "pk": 42
},
{
    "fields": {
        "edge": "187f70636347316d2626d5edc4548ef2",
        "cost": 0.919318181818182
    },
    "model": "graph.edgecost",
    "pk": 43
},
{
    "fields": {
        "edge": "301c5a0c06642fbe79661af6fb1a0896",
        "cost": 1.48809523809524
    },
    "model": "graph.edgecost",
    "pk": 44
},
{
    "fields": {
        "edge": "3c8b3e83bef2492e3a4ce8ca52d51591",
        "cost": 2.51823593073593
    },
    "model": "graph.edgecost",
    "pk": 45
},
{
    "fields": {
        "edge": "60dc0a497c04648c9e4641bd18c17b04",
        "cost": 1.5577380952381
    },
    "model": "graph.edgecost",
    "pk": 46
},
{
    "fields": {
        "edge": "b81e5815c9ad0e911fcae8ce6542ce68",
        "cost": 2.40909090909091
    },
    "model": "graph.edgecost",
    "pk": 47
},
{
    "fields": {
        "edge": "be20b37134dc0fe6c75fa9314fe7adce",
        "cost": 0.5
    },
    "model": "graph.edgecost",
    "pk": 48
},
{
    "fields": {
        "edge": "cdff64e531121d7e2da47c95529415de",
        "cost": 1.32272727272727
    },
    "model": "graph.edgecost",
    "pk": 49
},
{
    "fields": {
        "edge": "d2139601f439afc2d48ccc82a655eec9",
        "cost": 2.29729437229437
    },
    "model": "graph.edgecost",
    "pk": 50
},
{
    "fields": {
        "edge": "f989b13a4792dd7eb3d47a078a7b446c",
        "cost": 1.0
    },
    "model": "graph.edgecost",
    "pk": 51
},
{
    "fields": {
        "edge": "fa87b1d9062a52fa051e7db856781a26",
        "cost": 1.09090909090909
    },
    "model": "graph.edgecost",
    "pk": 52
},
{
    "fields": {
        "edge": "01180e3f595f64bd0fccad5f7d2a73be",
        "cost": 2.31286654742586
    },
    "model": "graph.edgecost",
    "pk": 53
},
{
    "fields": {
        "edge": "14812841179217cfdb6e63d0ffbef319",
        "cost": 2.39408649602824
    },
    "model": "graph.edgecost",
    "pk": 54
},
{
    "fields": {
        "edge": "182175f053c3703cb8d33b8a8425f647",
        "cost": 2.05173163309665
    },
    "model": "graph.edgecost",
    "pk": 55
},
{
    "fields": {
        "edge": "187f70636347316d2626d5edc4548ef2",
        "cost": 0.89347316282026
    },
    "model": "graph.edgecost",
    "pk": 56
},
{
    "fields": {
        "edge": "301c5a0c06642fbe79661af6fb1a0896",
        "cost": 1.60591350397176
    },
    "model": "graph.edgecost",
    "pk": 57
},
{
    "fields": {
        "edge": "3c8b3e83bef2492e3a4ce8ca52d51591",
        "cost": 3.0748467111894
    },
    "model": "graph.edgecost",
    "pk": 58
},
{
    "fields": {
        "edge": "60dc0a497c04648c9e4641bd18c17b04",
        "cost": 1.44826836690335
    },
    "model": "graph.edgecost",
    "pk": 59
},
{
    "fields": {
        "edge": "b81e5815c9ad0e911fcae8ce6542ce68",
        "cost": 2.29855826992391
    },
    "model": "graph.edgecost",
    "pk": 60
},
{
    "fields": {
        "edge": "be20b37134dc0fe6c75fa9314fe7adce",
        "cost": 0.5
    },
    "model": "graph.edgecost",
    "pk": 61
},
{
    "fields": {
        "edge": "cdff64e531121d7e2da47c95529415de",
        "cost": 1.42610734871896
    },
    "model": "graph.edgecost",
    "pk": 62
},
{
    "fields": {
        "edge": "d2139601f439afc2d48ccc82a655eec9",
        "cost": 2.29942019395888
    },
    "model": "graph.edgecost",
    "pk": 63
},
{
    "fields": {
        "edge": "f989b13a4792dd7eb3d47a078a7b446c",
        "cost": 1.0
    },
    "model": "graph.edgecost",
    "pk": 64
},
{
    "fields": {
        "edge": "fa87b1d9062a52fa051e7db856781a26",
        "cost": 1.20144173007609
    },
    "model": "graph.edgecost",
    "pk": 65
},
{
    "fields": {
        "edge": "01180e3f595f64bd0fccad5f7d2a73be",
        "cost": 2.1458110516934
    },
    "model": "graph.edgecost",
    "pk": 66
},
{
    "fields": {
        "edge": "14812841179217cfdb6e63d0ffbef319",
        "cost": 2.53030303030303
    },
    "model": "graph.edgecost",
    "pk": 67
},
{
    "fields": {
        "edge": "182175f053c3703cb8d33b8a8425f647",
        "cost": 1.62843137254902
    },
    "model": "graph.edgecost",
    "pk": 68
},
{
    "fields": {
        "edge": "187f70636347316d2626d5edc4548ef2",
        "cost": 0.916421568627451
    },
    "model": "graph.edgecost",
    "pk": 69
},
{
    "fields": {
        "edge": "301c5a0c06642fbe79661af6fb1a0896",
        "cost": 1.46969696969697
    },
    "model": "graph.edgecost",
    "pk": 70
},
{
    "fields": {
        "edge": "3c8b3e83bef2492e3a4ce8ca52d51591",
        "cost": 2.27433155080214
    },
    "model": "graph.edgecost",
    "pk": 71
},
{
    "fields": {
        "edge": "60dc0a497c04648c9e4641bd18c17b04",
        "cost": 1.87156862745098
    },
    "model": "graph.edgecost",
    "pk": 72
},
{
    "fields": {
        "edge": "b81e5815c9ad0e911fcae8ce6542ce68",
        "cost": 2.15454545454545
    },
    "model": "graph.edgecost",
    "pk": 73
},
{
    "fields": {
        "edge": "be20b37134dc0fe6c75fa9314fe7adce",
        "cost": 0.5
    },
    "model": "graph.edgecost",
    "pk": 74
},
{
    "fields": {
        "edge": "cdff64e531121d7e2da47c95529415de",
        "cost": 1.3343137254902
    },
    "model": "graph.edgecost",
    "pk": 75
},
{
    "fields": {
        "edge": "d2139601f439afc2d48ccc82a655eec9",
        "cost": 3.43404634581105
    },
    "model": "graph.edgecost",
    "pk": 76
},
{
    "fields": {
        "edge": "f989b13a4792dd7eb3d47a078a7b446c",
        "cost": 1.0
    },
    "model": "graph.edgecost",
    "pk": 77
},
{
    "fields": {
        "edge": "fa87b1d9062a52fa051e7db856781a26",
        "cost": 1.34545454545455
    },
    "model": "graph.edgecost",
    "pk": 78
},
{
    "fields": {
        "edge": "01180e3f595f64bd0fccad5f7d2a73be",
        "cost": 2.32959152257673
    },
    "model": "graph.edgecost",
    "pk": 79
},
{
    "fields": {
        "edge": "14812841179217cfdb6e63d0ffbef319",
        "cost": 2.37760869565217
    },
    "model": "graph.edgecost",
    "pk": 80
},
{
    "fields": {
        "edge": "182175f053c3703cb8d33b8a8425f647",
        "cost": 2.16943298969072
    },
    "model": "graph.edgecost",
    "pk": 81
},
{
    "fields": {
        "edge": "187f70636347316d2626d5edc4548ef2",
        "cost": 0.849578256794751
    },
    "model": "graph.edgecost",
    "pk": 82
},
{
    "fields": {
        "edge": "301c5a0c06642fbe79661af6fb1a0896",
        "cost": 1.62239130434783
    },
    "model": "graph.edgecost",
    "pk": 83
},
{
    "fields": {
        "edge": "3c8b3e83bef2492e3a4ce8ca52d51591",
        "cost": 3.55978833607251
    },
    "model": "graph.edgecost",
    "pk": 84
},
{
    "fields": {
        "edge": "60dc0a497c04648c9e4641bd18c17b04",
        "cost": 1.33056701030928
    },
    "model": "graph.edgecost",
    "pk": 85
},
{
    "fields": {
        "edge": "b81e5815c9ad0e911fcae8ce6542ce68",
        "cost": 2.44005270092227
    },
    "model": "graph.edgecost",
    "pk": 86
},
{
    "fields": {
        "edge": "be20b37134dc0fe6c75fa9314fe7adce",
        "cost": 0.5
    },
    "model": "graph.edgecost",
    "pk": 87
},
{
    "fields": {
        "edge": "cdff64e531121d7e2da47c95529415de",
        "cost": 1.60168697282099
    },
    "model": "graph.edgecost",
    "pk": 88
},
{
    "fields": {
        "edge": "d2139601f439afc2d48ccc82a655eec9",
        "cost": 1.78102861877402
    },
    "model": "graph.edgecost",
    "pk": 89
},
{
    "fields": {
        "edge": "f989b13a4792dd7eb3d47a078a7b446c",
        "cost": 1.0
    },
    "model": "graph.edgecost",
    "pk": 90
},
{
    "fields": {
        "edge": "fa87b1d9062a52fa051e7db856781a26",
        "cost": 1.05994729907773
    },
    "model": "graph.edgecost",
    "pk": 91
},
{
    "fields": {
        "edge": "01180e3f595f64bd0fccad5f7d2a73be",
        "cost": 1.42437770864908
    },
    "model": "graph.edgecost",
    "pk": 92
},
{
    "fields": {
        "edge": "14812841179217cfdb6e63d0ffbef319",
        "cost": 2.51418764302059
    },
    "model": "graph.edgecost",
    "pk": 93
},
{
    "fields": {
        "edge": "182175f053c3703cb8d33b8a8425f647",
        "cost": 1.90520686743597
    },
    "model": "graph.edgecost",
    "pk": 94
},
{
    "fields": {
        "edge": "187f70636347316d2626d5edc4548ef2",
        "cost": 0.789660319896405
    },
    "model": "graph.edgecost",
    "pk": 95
},
{
    "fields": {
        "edge": "301c5a0c06642fbe79661af6fb1a0896",
        "cost": 1.48581235697941
    },
    "model": "graph.edgecost",
    "pk": 96
},
{
    "fields": {
        "edge": "3c8b3e83bef2492e3a4ce8ca52d51591",
        "cost": 4.48573708536477
    },
    "model": "graph.edgecost",
    "pk": 97
},
{
    "fields": {
        "edge": "60dc0a497c04648c9e4641bd18c17b04",
        "cost": 1.59479313256403
    },
    "model": "graph.edgecost",
    "pk": 98
},
{
    "fields": {
        "edge": "b81e5815c9ad0e911fcae8ce6542ce68",
        "cost": 2.2620393838955
    },
    "model": "graph.edgecost",
    "pk": 99
},
{
    "fields": {
        "edge": "be20b37134dc0fe6c75fa9314fe7adce",
        "cost": 0.5
    },
    "model": "graph.edgecost",
    "pk": 100
},
{
    "fields": {
        "edge": "cdff64e531121d7e2da47c95529415de",
        "cost": 1.84135872041438
    },
    "model": "graph.edgecost",
    "pk": 101
},
{
    "fields": {
        "edge": "d2139601f439afc2d48ccc82a655eec9",
        "cost": 2.66550749733707
    },
    "model": "graph.edgecost",
    "pk": 102
},
{
    "fields": {
        "edge": "f989b13a4792dd7eb3d47a078a7b446c",
        "cost": 1.0
    },
    "model": "graph.edgecost",
    "pk": 103
},
{
    "fields": {
        "edge": "fa87b1d9062a52fa051e7db856781a26",
        "cost": 1.2379606161045
    },
    "model": "graph.edgecost",
    "pk": 104
},
{
    "fields": {
        "edge": "01180e3f595f64bd0fccad5f7d2a73be",
        "cost": 2.45139706952884
    },
    "model": "graph.edgecost",
    "pk": 105
},
{
    "fields": {
        "edge": "14812841179217cfdb6e63d0ffbef319",
        "cost": 2.47116228070175
    },
    "model": "graph.edgecost",
    "pk": 106
},
{
    "fields": {
        "edge": "182175f053c3703cb8d33b8a8425f647",
        "cost": 1.95975232198143
    },
    "model": "graph.edgecost",
    "pk": 107
},
{
    "fields": {
        "edge": "187f70636347316d2626d5edc4548ef2",
        "cost": 0.927099096900171
    },
    "model": "graph.edgecost",
    "pk": 108
},
{
    "fields": {
        "edge": "301c5a0c06642fbe79661af6fb1a0896",
        "cost": 1.52883771929825
    },
    "model": "graph.edgecost",
    "pk": 109
},
{
    "fields": {
        "edge": "3c8b3e83bef2492e3a4ce8ca52d51591",
        "cost": 2.46138547032703
    },
    "model": "graph.edgecost",
    "pk": 110
},
{
    "fields": {
        "edge": "60dc0a497c04648c9e4641bd18c17b04",
        "cost": 1.54024767801858
    },
    "model": "graph.edgecost",
    "pk": 111
},
{
    "fields": {
        "edge": "b81e5815c9ad0e911fcae8ce6542ce68",
        "cost": 2.22233748271093
    },
    "model": "graph.edgecost",
    "pk": 112
},
{
    "fields": {
        "edge": "be20b37134dc0fe6c75fa9314fe7adce",
        "cost": 0.5
    },
    "model": "graph.edgecost",
    "pk": 113
},
{
    "fields": {
        "edge": "cdff64e531121d7e2da47c95529415de",
        "cost": 1.29160361239932
    },
    "model": "graph.edgecost",
    "pk": 114
},
{
    "fields": {
        "edge": "d2139601f439afc2d48ccc82a655eec9",
        "cost": 2.6358203906153
    },
    "model": "graph.edgecost",
    "pk": 115
},
{
    "fields": {
        "edge": "f989b13a4792dd7eb3d47a078a7b446c",
        "cost": 1.0
    },
    "model": "graph.edgecost",
    "pk": 116
},
{
    "fields": {
        "edge": "fa87b1d9062a52fa051e7db856781a26",
        "cost": 1.27766251728907
    },
    "model": "graph.edgecost",
    "pk": 117
},
{
    "fields": {
        "edge": "01180e3f595f64bd0fccad5f7d2a73be",
        "cost": 2.14318985483875
    },
    "model": "graph.edgecost",
    "pk": 118
},
{
    "fields": {
        "edge": "14812841179217cfdb6e63d0ffbef319",
        "cost": 2.43564852793729
    },
    "model": "graph.edgecost",
    "pk": 119
},
{
    "fields": {
        "edge": "182175f053c3703cb8d33b8a8425f647",
        "cost": 2.01713117800074
    },
    "model": "graph.edgecost",
    "pk": 120
},
{
    "fields": {
        "edge": "187f70636347316d2626d5edc4548ef2",
        "cost": 0.88972323972324
    },
    "model": "graph.edgecost",
    "pk": 121
},
{
    "fields": {
        "edge": "301c5a0c06642fbe79661af6fb1a0896",
        "cost": 1.56435147206271
    },
    "model": "graph.edgecost",
    "pk": 122
},
{
    "fields": {
        "edge": "3c8b3e83bef2492e3a4ce8ca52d51591",
        "cost": 2.88385149927398
    },
    "model": "graph.edgecost",
    "pk": 123
},
{
    "fields": {
        "edge": "60dc0a497c04648c9e4641bd18c17b04",
        "cost": 1.48286882199926
    },
    "model": "graph.edgecost",
    "pk": 124
},
{
    "fields": {
        "edge": "b81e5815c9ad0e911fcae8ce6542ce68",
        "cost": 2.06798442647499
    },
    "model": "graph.edgecost",
    "pk": 125
},
{
    "fields": {
        "edge": "be20b37134dc0fe6c75fa9314fe7adce",
        "cost": 0.5
    },
    "model": "graph.edgecost",
    "pk": 126
},
{
    "fields": {
        "edge": "cdff64e531121d7e2da47c95529415de",
        "cost": 1.44110704110704
    },
    "model": "graph.edgecost",
    "pk": 127
},
{
    "fields": {
        "edge": "d2139601f439afc2d48ccc82a655eec9",
        "cost": 2.82976879104853
    },
    "model": "graph.edgecost",
    "pk": 128
},
{
    "fields": {
        "edge": "f989b13a4792dd7eb3d47a078a7b446c",
        "cost": 1.0
    },
    "model": "graph.edgecost",
    "pk": 129
},
{
    "fields": {
        "edge": "fa87b1d9062a52fa051e7db856781a26",
        "cost": 1.43201557352501
    },
    "model": "graph.edgecost",
    "pk": 130
},
{
    "fields": {
        "edge": "01180e3f595f64bd0fccad5f7d2a73be",
        "cost": 1.22136216006317
    },
    "model": "graph.edgecost",
    "pk": 131
},
{
    "fields": {
        "edge": "14812841179217cfdb6e63d0ffbef319",
        "cost": 2.4136354794787
    },
    "model": "graph.edgecost",
    "pk": 132
},
{
    "fields": {
        "edge": "182175f053c3703cb8d33b8a8425f647",
        "cost": 2.0629359837027
    },
    "model": "graph.edgecost",
    "pk": 133
},
{
    "fields": {
        "edge": "187f70636347316d2626d5edc4548ef2",
        "cost": 0.787387515471849
    },
    "model": "graph.edgecost",
    "pk": 134
},
{
    "fields": {
        "edge": "301c5a0c06642fbe79661af6fb1a0896",
        "cost": 1.5863645205213
    },
    "model": "graph.edgecost",
    "pk": 135
},
{
    "fields": {
        "edge": "3c8b3e83bef2492e3a4ce8ca52d51591",
        "cost": 4.76768438175782
    },
    "model": "graph.edgecost",
    "pk": 136
},
{
    "fields": {
        "edge": "60dc0a497c04648c9e4641bd18c17b04",
        "cost": 1.4370640162973
    },
    "model": "graph.edgecost",
    "pk": 137
},
{
    "fields": {
        "edge": "b81e5815c9ad0e911fcae8ce6542ce68",
        "cost": 2.04226836723938
    },
    "model": "graph.edgecost",
    "pk": 138
},
{
    "fields": {
        "edge": "be20b37134dc0fe6c75fa9314fe7adce",
        "cost": 0.5
    },
    "model": "graph.edgecost",
    "pk": 139
},
{
    "fields": {
        "edge": "cdff64e531121d7e2da47c95529415de",
        "cost": 1.8504499381126
    },
    "model": "graph.edgecost",
    "pk": 140
},
{
    "fields": {
        "edge": "d2139601f439afc2d48ccc82a655eec9",
        "cost": 2.78959129811584
    },
    "model": "graph.edgecost",
    "pk": 141
},
{
    "fields": {
        "edge": "f989b13a4792dd7eb3d47a078a7b446c",
        "cost": 1.0
    },
    "model": "graph.edgecost",
    "pk": 142
},
{
    "fields": {
        "edge": "fa87b1d9062a52fa051e7db856781a26",
        "cost": 1.45773163276062
    },
    "model": "graph.edgecost",
    "pk": 143
},
{
    "fields": {
        "edge": "01180e3f595f64bd0fccad5f7d2a73be",
        "cost": 2.35164793522591
    },
    "model": "graph.edgecost",
    "pk": 144
},
{
    "fields": {
        "edge": "14812841179217cfdb6e63d0ffbef319",
        "cost": 2.4992628992629
    },
    "model": "graph.edgecost",
    "pk": 145
},
{
    "fields": {
        "edge": "182175f053c3703cb8d33b8a8425f647",
        "cost": 1.9874863302609
    },
    "model": "graph.edgecost",
    "pk": 146
},
{
    "fields": {
        "edge": "187f70636347316d2626d5edc4548ef2",
        "cost": 0.943061548481641
    },
    "model": "graph.edgecost",
    "pk": 147
},
{
    "fields": {
        "edge": "301c5a0c06642fbe79661af6fb1a0896",
        "cost": 1.5007371007371
    },
    "model": "graph.edgecost",
    "pk": 148
},
{
    "fields": {
        "edge": "3c8b3e83bef2492e3a4ce8ca52d51591",
        "cost": 1.97680596081638
    },
    "model": "graph.edgecost",
    "pk": 149
},
{
    "fields": {
        "edge": "60dc0a497c04648c9e4641bd18c17b04",
        "cost": 1.5125136697391
    },
    "model": "graph.edgecost",
    "pk": 150
},
{
    "fields": {
        "edge": "b81e5815c9ad0e911fcae8ce6542ce68",
        "cost": 1.8525645853732
    },
    "model": "graph.edgecost",
    "pk": 151
},
{
    "fields": {
        "edge": "be20b37134dc0fe6c75fa9314fe7adce",
        "cost": 0.5
    },
    "model": "graph.edgecost",
    "pk": 152
},
{
    "fields": {
        "edge": "cdff64e531121d7e2da47c95529415de",
        "cost": 1.22775380607343
    },
    "model": "graph.edgecost",
    "pk": 153
},
{
    "fields": {
        "edge": "d2139601f439afc2d48ccc82a655eec9",
        "cost": 3.3198981687318
    },
    "model": "graph.edgecost",
    "pk": 154
},
{
    "fields": {
        "edge": "f989b13a4792dd7eb3d47a078a7b446c",
        "cost": 1.0
    },
    "model": "graph.edgecost",
    "pk": 155
},
{
    "fields": {
        "edge": "fa87b1d9062a52fa051e7db856781a26",
        "cost": 1.6474354146268
    },
    "model": "graph.edgecost",
    "pk": 156
},
{
    "fields": {
        "edge": "01180e3f595f64bd0fccad5f7d2a73be",
        "cost": 2.18177078765263
    },
    "model": "graph.edgecost",
    "pk": 157
},
{
    "fields": {
        "edge": "14812841179217cfdb6e63d0ffbef319",
        "cost": 2.69084467648704
    },
    "model": "graph.edgecost",
    "pk": 158
},
{
    "fields": {
        "edge": "182175f053c3703cb8d33b8a8425f647",
        "cost": 1.9794498116915
    },
    "model": "graph.edgecost",
    "pk": 159
},
{
    "fields": {
        "edge": "187f70636347316d2626d5edc4548ef2",
        "cost": 0.875590541287631
    },
    "model": "graph.edgecost",
    "pk": 160
},
{
    "fields": {
        "edge": "301c5a0c06642fbe79661af6fb1a0896",
        "cost": 1.30915532351296
    },
    "model": "graph.edgecost",
    "pk": 161
},
{
    "fields": {
        "edge": "3c8b3e83bef2492e3a4ce8ca52d51591",
        "cost": 2.57790254530204
    },
    "model": "graph.edgecost",
    "pk": 162
},
{
    "fields": {
        "edge": "60dc0a497c04648c9e4641bd18c17b04",
        "cost": 1.5205501883085
    },
    "model": "graph.edgecost",
    "pk": 163
},
{
    "fields": {
        "edge": "b81e5815c9ad0e911fcae8ce6542ce68",
        "cost": 1.99127224861214
    },
    "model": "graph.edgecost",
    "pk": 164
},
{
    "fields": {
        "edge": "be20b37134dc0fe6c75fa9314fe7adce",
        "cost": 0.5
    },
    "model": "graph.edgecost",
    "pk": 165
},
{
    "fields": {
        "edge": "cdff64e531121d7e2da47c95529415de",
        "cost": 1.49763783484947
    },
    "model": "graph.edgecost",
    "pk": 166
},
{
    "fields": {
        "edge": "d2139601f439afc2d48ccc82a655eec9",
        "cost": 3.05855587939271
    },
    "model": "graph.edgecost",
    "pk": 167
},
{
    "fields": {
        "edge": "f989b13a4792dd7eb3d47a078a7b446c",
        "cost": 1.0
    },
    "model": "graph.edgecost",
    "pk": 168
},
{
    "fields": {
        "edge": "fa87b1d9062a52fa051e7db856781a26",
        "cost": 1.50872775138786
    },
    "model": "graph.edgecost",
    "pk": 169
},
{
    "fields": {
        "edge": "01180e3f595f64bd0fccad5f7d2a73be",
        "cost": 2.18897390254593
    },
    "model": "graph.edgecost",
    "pk": 170
},
{
    "fields": {
        "edge": "14812841179217cfdb6e63d0ffbef319",
        "cost": 2.503711245402
    },
    "model": "graph.edgecost",
    "pk": 171
},
{
    "fields": {
        "edge": "182175f053c3703cb8d33b8a8425f647",
        "cost": 2.10506706408346
    },
    "model": "graph.edgecost",
    "pk": 172
},
{
    "fields": {
        "edge": "187f70636347316d2626d5edc4548ef2",
        "cost": 0.904898859169782
    },
    "model": "graph.edgecost",
    "pk": 173
},
{
    "fields": {
        "edge": "301c5a0c06642fbe79661af6fb1a0896",
        "cost": 1.496288754598
    },
    "model": "graph.edgecost",
    "pk": 174
},
{
    "fields": {
        "edge": "3c8b3e83bef2492e3a4ce8ca52d51591",
        "cost": 2.65857309926407
    },
    "model": "graph.edgecost",
    "pk": 175
},
{
    "fields": {
        "edge": "60dc0a497c04648c9e4641bd18c17b04",
        "cost": 1.39493293591654
    },
    "model": "graph.edgecost",
    "pk": 176
},
{
    "fields": {
        "edge": "b81e5815c9ad0e911fcae8ce6542ce68",
        "cost": 1.91319338809451
    },
    "model": "graph.edgecost",
    "pk": 177
},
{
    "fields": {
        "edge": "be20b37134dc0fe6c75fa9314fe7adce",
        "cost": 0.5
    },
    "model": "graph.edgecost",
    "pk": 178
},
{
    "fields": {
        "edge": "cdff64e531121d7e2da47c95529415de",
        "cost": 1.38040456332087
    },
    "model": "graph.edgecost",
    "pk": 179
},
{
    "fields": {
        "edge": "d2139601f439afc2d48ccc82a655eec9",
        "cost": 2.96347909564406
    },
    "model": "graph.edgecost",
    "pk": 180
},
{
    "fields": {
        "edge": "f989b13a4792dd7eb3d47a078a7b446c",
        "cost": 1.0
    },
    "model": "graph.edgecost",
    "pk": 181
},
{
    "fields": {
        "edge": "fa87b1d9062a52fa051e7db856781a26",
        "cost": 1.58680661190549
    },
    "model": "graph.edgecost",
    "pk": 182
},
{
    "fields": {
        "edge": "01180e3f595f64bd0fccad5f7d2a73be",
        "cost": 2.19109275199683
    },
    "model": "graph.edgecost",
    "pk": 183
},
{
    "fields": {
        "edge": "14812841179217cfdb6e63d0ffbef319",
        "cost": 2.47263082530591
    },
    "model": "graph.edgecost",
    "pk": 184
},
{
    "fields": {
        "edge": "182175f053c3703cb8d33b8a8425f647",
        "cost": 2.10065343051018
    },
    "model": "graph.edgecost",
    "pk": 185
},
{
    "fields": {
        "edge": "187f70636347316d2626d5edc4548ef2",
        "cost": 0.878392150897475
    },
    "model": "graph.edgecost",
    "pk": 186
},
{
    "fields": {
        "edge": "301c5a0c06642fbe79661af6fb1a0896",
        "cost": 1.52736917469409
    },
    "model": "graph.edgecost",
    "pk": 187
},
{
    "fields": {
        "edge": "3c8b3e83bef2492e3a4ce8ca52d51591",
        "cost": 3.01099025081805
    },
    "model": "graph.edgecost",
    "pk": 188
},
{
    "fields": {
        "edge": "60dc0a497c04648c9e4641bd18c17b04",
        "cost": 1.39934656948982
    },
    "model": "graph.edgecost",
    "pk": 189
},
{
    "fields": {
        "edge": "b81e5815c9ad0e911fcae8ce6542ce68",
        "cost": 2.09593444689568
    },
    "model": "graph.edgecost",
    "pk": 190
},
{
    "fields": {
        "edge": "be20b37134dc0fe6c75fa9314fe7adce",
        "cost": 0.5
    },
    "model": "graph.edgecost",
    "pk": 191
},
{
    "fields": {
        "edge": "cdff64e531121d7e2da47c95529415de",
        "cost": 1.4864313964101
    },
    "model": "graph.edgecost",
    "pk": 192
},
{
    "fields": {
        "edge": "d2139601f439afc2d48ccc82a655eec9",
        "cost": 2.60682424518828
    },
    "model": "graph.edgecost",
    "pk": 193
},
{
    "fields": {
        "edge": "f989b13a4792dd7eb3d47a078a7b446c",
        "cost": 1.0
    },
    "model": "graph.edgecost",
    "pk": 194
},
{
    "fields": {
        "edge": "fa87b1d9062a52fa051e7db856781a26",
        "cost": 1.40406555310432
    },
    "model": "graph.edgecost",
    "pk": 195
},
{
    "fields": {
        "edge": "01180e3f595f64bd0fccad5f7d2a73be",
        "cost": 2.20029455749774
    },
    "model": "graph.edgecost",
    "pk": 196
},
{
    "fields": {
        "edge": "14812841179217cfdb6e63d0ffbef319",
        "cost": 2.47263082530591
    },
    "model": "graph.edgecost",
    "pk": 197
},
{
    "fields": {
        "edge": "182175f053c3703cb8d33b8a8425f647",
        "cost": 2.04120323559151
    },
    "model": "graph.edgecost",
    "pk": 198
},
{
    "fields": {
        "edge": "187f70636347316d2626d5edc4548ef2",
        "cost": 0.902647876643074
    },
    "model": "graph.edgecost",
    "pk": 199
},
{
    "fields": {
        "edge": "301c5a0c06642fbe79661af6fb1a0896",
        "cost": 1.52736917469409
    },
    "model": "graph.edgecost",
    "pk": 200
},
{
    "fields": {
        "edge": "3c8b3e83bef2492e3a4ce8ca52d51591",
        "cost": 2.6907343048988
    },
    "model": "graph.edgecost",
    "pk": 201
},
{
    "fields": {
        "edge": "60dc0a497c04648c9e4641bd18c17b04",
        "cost": 1.45879676440849
    },
    "model": "graph.edgecost",
    "pk": 202
},
{
    "fields": {
        "edge": "b81e5815c9ad0e911fcae8ce6542ce68",
        "cost": 2.00445847435564
    },
    "model": "graph.edgecost",
    "pk": 203
},
{
    "fields": {
        "edge": "be20b37134dc0fe6c75fa9314fe7adce",
        "cost": 0.5
    },
    "model": "graph.edgecost",
    "pk": 204
},
{
    "fields": {
        "edge": "cdff64e531121d7e2da47c95529415de",
        "cost": 1.3894084934277
    },
    "model": "graph.edgecost",
    "pk": 205
},
{
    "fields": {
        "edge": "d2139601f439afc2d48ccc82a655eec9",
        "cost": 2.90867658010572
    },
    "model": "graph.edgecost",
    "pk": 206
},
{
    "fields": {
        "edge": "f989b13a4792dd7eb3d47a078a7b446c",
        "cost": 1.0
    },
    "model": "graph.edgecost",
    "pk": 207
},
{
    "fields": {
        "edge": "fa87b1d9062a52fa051e7db856781a26",
        "cost": 1.49554152564436
    },
    "model": "graph.edgecost",
    "pk": 208
},
{
    "fields": {
        "edge": "01180e3f595f64bd0fccad5f7d2a73be",
        "cost": 1.90950001983422
    },
    "model": "graph.edgecost",
    "pk": 209
},
{
    "fields": {
        "edge": "14812841179217cfdb6e63d0ffbef319",
        "cost": 2.42569406641263
    },
    "model": "graph.edgecost",
    "pk": 210
},
{
    "fields": {
        "edge": "182175f053c3703cb8d33b8a8425f647",
        "cost": 2.08509591082023
    },
    "model": "graph.edgecost",
    "pk": 211
},
{
    "fields": {
        "edge": "187f70636347316d2626d5edc4548ef2",
        "cost": 0.937810945273632
    },
    "model": "graph.edgecost",
    "pk": 212
},
{
    "fields": {
        "edge": "301c5a0c06642fbe79661af6fb1a0896",
        "cost": 1.57430593358737
    },
    "model": "graph.edgecost",
    "pk": 213
},
{
    "fields": {
        "edge": "3c8b3e83bef2492e3a4ce8ca52d51591",
        "cost": 3.13969810266396
    },
    "model": "graph.edgecost",
    "pk": 214
},
{
    "fields": {
        "edge": "60dc0a497c04648c9e4641bd18c17b04",
        "cost": 1.41490408917977
    },
    "model": "graph.edgecost",
    "pk": 215
},
{
    "fields": {
        "edge": "b81e5815c9ad0e911fcae8ce6542ce68",
        "cost": 1.89425316034598
    },
    "model": "graph.edgecost",
    "pk": 216
},
{
    "fields": {
        "edge": "be20b37134dc0fe6c75fa9314fe7adce",
        "cost": 0.5
    },
    "model": "graph.edgecost",
    "pk": 217
},
{
    "fields": {
        "edge": "cdff64e531121d7e2da47c95529415de",
        "cost": 1.24875621890547
    },
    "model": "graph.edgecost",
    "pk": 218
},
{
    "fields": {
        "edge": "d2139601f439afc2d48ccc82a655eec9",
        "cost": 3.04130185766759
    },
    "model": "graph.edgecost",
    "pk": 219
},
{
    "fields": {
        "edge": "f989b13a4792dd7eb3d47a078a7b446c",
        "cost": 1.0
    },
    "model": "graph.edgecost",
    "pk": 220
},
{
    "fields": {
        "edge": "fa87b1d9062a52fa051e7db856781a26",
        "cost": 1.60574683965402
    },
    "model": "graph.edgecost",
    "pk": 221
},
{
    "fields": {
        "edge": "01180e3f595f64bd0fccad5f7d2a73be",
        "cost": 1.95374992846168
    },
    "model": "graph.edgecost",
    "pk": 222
},
{
    "fields": {
        "edge": "14812841179217cfdb6e63d0ffbef319",
        "cost": 2.4563304439191
    },
    "model": "graph.edgecost",
    "pk": 223
},
{
    "fields": {
        "edge": "182175f053c3703cb8d33b8a8425f647",
        "cost": 2.07280399381909
    },
    "model": "graph.edgecost",
    "pk": 224
},
{
    "fields": {
        "edge": "187f70636347316d2626d5edc4548ef2",
        "cost": 0.811406571596589
    },
    "model": "graph.edgecost",
    "pk": 225
},
{
    "fields": {
        "edge": "301c5a0c06642fbe79661af6fb1a0896",
        "cost": 1.5436695560809
    },
    "model": "graph.edgecost",
    "pk": 226
},
{
    "fields": {
        "edge": "3c8b3e83bef2492e3a4ce8ca52d51591",
        "cost": 3.04301391369077
    },
    "model": "graph.edgecost",
    "pk": 227
},
{
    "fields": {
        "edge": "60dc0a497c04648c9e4641bd18c17b04",
        "cost": 1.42719600618091
    },
    "model": "graph.edgecost",
    "pk": 228
},
{
    "fields": {
        "edge": "b81e5815c9ad0e911fcae8ce6542ce68",
        "cost": 1.90245289148798
    },
    "model": "graph.edgecost",
    "pk": 229
},
{
    "fields": {
        "edge": "be20b37134dc0fe6c75fa9314fe7adce",
        "cost": 0.5
    },
    "model": "graph.edgecost",
    "pk": 230
},
{
    "fields": {
        "edge": "cdff64e531121d7e2da47c95529415de",
        "cost": 1.75437371361364
    },
    "model": "graph.edgecost",
    "pk": 231
},
{
    "fields": {
        "edge": "d2139601f439afc2d48ccc82a655eec9",
        "cost": 3.04948622938586
    },
    "model": "graph.edgecost",
    "pk": 232
},
{
    "fields": {
        "edge": "f989b13a4792dd7eb3d47a078a7b446c",
        "cost": 1.0
    },
    "model": "graph.edgecost",
    "pk": 233
},
{
    "fields": {
        "edge": "fa87b1d9062a52fa051e7db856781a26",
        "cost": 1.59754710851202
    },
    "model": "graph.edgecost",
    "pk": 234
},
{
    "fields": {
        "edge": "01180e3f595f64bd0fccad5f7d2a73be",
        "cost": 2.47766056183239
    },
    "model": "graph.edgecost",
    "pk": 235
},
{
    "fields": {
        "edge": "14812841179217cfdb6e63d0ffbef319",
        "cost": 2.36441622103387
    },
    "model": "graph.edgecost",
    "pk": 236
},
{
    "fields": {
        "edge": "182175f053c3703cb8d33b8a8425f647",
        "cost": 2.07841573631047
    },
    "model": "graph.edgecost",
    "pk": 237
},
{
    "fields": {
        "edge": "187f70636347316d2626d5edc4548ef2",
        "cost": 0.814735702893598
    },
    "model": "graph.edgecost",
    "pk": 238
},
{
    "fields": {
        "edge": "301c5a0c06642fbe79661af6fb1a0896",
        "cost": 1.63558377896613
    },
    "model": "graph.edgecost",
    "pk": 239
},
{
    "fields": {
        "edge": "3c8b3e83bef2492e3a4ce8ca52d51591",
        "cost": 3.22111819209343
    },
    "model": "graph.edgecost",
    "pk": 240
},
{
    "fields": {
        "edge": "60dc0a497c04648c9e4641bd18c17b04",
        "cost": 1.42158426368953
    },
    "model": "graph.edgecost",
    "pk": 241
},
{
    "fields": {
        "edge": "b81e5815c9ad0e911fcae8ce6542ce68",
        "cost": 2.50980392156863
    },
    "model": "graph.edgecost",
    "pk": 242
},
{
    "fields": {
        "edge": "be20b37134dc0fe6c75fa9314fe7adce",
        "cost": 0.5
    },
    "model": "graph.edgecost",
    "pk": 243
},
{
    "fields": {
        "edge": "cdff64e531121d7e2da47c95529415de",
        "cost": 1.74105718842561
    },
    "model": "graph.edgecost",
    "pk": 244
},
{
    "fields": {
        "edge": "d2139601f439afc2d48ccc82a655eec9",
        "cost": 1.8235606842418
    },
    "model": "graph.edgecost",
    "pk": 245
},
{
    "fields": {
        "edge": "f989b13a4792dd7eb3d47a078a7b446c",
        "cost": 1.0
    },
    "model": "graph.edgecost",
    "pk": 246
},
{
    "fields": {
        "edge": "fa87b1d9062a52fa051e7db856781a26",
        "cost": 0.990196078431373
    },
    "model": "graph.edgecost",
    "pk": 247
},
{
    "fields": {
        "edge": "01180e3f595f64bd0fccad5f7d2a73be",
        "cost": 2.28779468876586
    },
    "model": "graph.edgecost",
    "pk": 248
},
{
    "fields": {
        "edge": "14812841179217cfdb6e63d0ffbef319",
        "cost": 2.44956811535061
    },
    "model": "graph.edgecost",
    "pk": 249
},
{
    "fields": {
        "edge": "182175f053c3703cb8d33b8a8425f647",
        "cost": 2.01825322675525
    },
    "model": "graph.edgecost",
    "pk": 250
},
{
    "fields": {
        "edge": "187f70636347316d2626d5edc4548ef2",
        "cost": 0.947368421052632
    },
    "model": "graph.edgecost",
    "pk": 251
},
{
    "fields": {
        "edge": "301c5a0c06642fbe79661af6fb1a0896",
        "cost": 1.55043188464939
    },
    "model": "graph.edgecost",
    "pk": 252
},
{
    "fields": {
        "edge": "3c8b3e83bef2492e3a4ce8ca52d51591",
        "cost": 1.98975265818767
    },
    "model": "graph.edgecost",
    "pk": 253
},
{
    "fields": {
        "edge": "60dc0a497c04648c9e4641bd18c17b04",
        "cost": 1.48174677324475
    },
    "model": "graph.edgecost",
    "pk": 254
},
{
    "fields": {
        "edge": "b81e5815c9ad0e911fcae8ce6542ce68",
        "cost": 1.76441779110445
    },
    "model": "graph.edgecost",
    "pk": 255
},
{
    "fields": {
        "edge": "be20b37134dc0fe6c75fa9314fe7adce",
        "cost": 0.5
    },
    "model": "graph.edgecost",
    "pk": 256
},
{
    "fields": {
        "edge": "cdff64e531121d7e2da47c95529415de",
        "cost": 1.21052631578947
    },
    "model": "graph.edgecost",
    "pk": 257
},
{
    "fields": {
        "edge": "d2139601f439afc2d48ccc82a655eec9",
        "cost": 3.4346579642806
    },
    "model": "graph.edgecost",
    "pk": 258
},
{
    "fields": {
        "edge": "f989b13a4792dd7eb3d47a078a7b446c",
        "cost": 1.0
    },
    "model": "graph.edgecost",
    "pk": 259
},
{
    "fields": {
        "edge": "fa87b1d9062a52fa051e7db856781a26",
        "cost": 1.73558220889555
    },
    "model": "graph.edgecost",
    "pk": 260
},
{
    "fields": {
        "edge": "01180e3f595f64bd0fccad5f7d2a73be",
        "cost": 2.26834007899856
    },
    "model": "graph.edgecost",
    "pk": 261
},
{
    "fields": {
        "edge": "14812841179217cfdb6e63d0ffbef319",
        "cost": 2.44278462185146
    },
    "model": "graph.edgecost",
    "pk": 262
},
{
    "fields": {
        "edge": "182175f053c3703cb8d33b8a8425f647",
        "cost": 2.12546570238878
    },
    "model": "graph.edgecost",
    "pk": 263
},
{
    "fields": {
        "edge": "187f70636347316d2626d5edc4548ef2",
        "cost": 0.922839506172839
    },
    "model": "graph.edgecost",
    "pk": 264
},
{
    "fields": {
        "edge": "301c5a0c06642fbe79661af6fb1a0896",
        "cost": 1.55721537814854
    },
    "model": "graph.edgecost",
    "pk": 265
},
{
    "fields": {
        "edge": "3c8b3e83bef2492e3a4ce8ca52d51591",
        "cost": 2.29961594148227
    },
    "model": "graph.edgecost",
    "pk": 266
},
{
    "fields": {
        "edge": "60dc0a497c04648c9e4641bd18c17b04",
        "cost": 1.37453429761122
    },
    "model": "graph.edgecost",
    "pk": 267
},
{
    "fields": {
        "edge": "b81e5815c9ad0e911fcae8ce6542ce68",
        "cost": 1.79268234735092
    },
    "model": "graph.edgecost",
    "pk": 268
},
{
    "fields": {
        "edge": "be20b37134dc0fe6c75fa9314fe7adce",
        "cost": 0.5
    },
    "model": "graph.edgecost",
    "pk": 269
},
{
    "fields": {
        "edge": "cdff64e531121d7e2da47c95529415de",
        "cost": 1.30864197530864
    },
    "model": "graph.edgecost",
    "pk": 270
},
{
    "fields": {
        "edge": "d2139601f439afc2d48ccc82a655eec9",
        "cost": 3.16370390052061
    },
    "model": "graph.edgecost",
    "pk": 271
},
{
    "fields": {
        "edge": "f989b13a4792dd7eb3d47a078a7b446c",
        "cost": 1.0
    },
    "model": "graph.edgecost",
    "pk": 272
},
{
    "fields": {
        "edge": "fa87b1d9062a52fa051e7db856781a26",
        "cost": 1.70731765264909
    },
    "model": "graph.edgecost",
    "pk": 273
},
{
    "fields": {
        "edge": "01180e3f595f64bd0fccad5f7d2a73be",
        "cost": 2.09430079633595
    },
    "model": "graph.edgecost",
    "pk": 274
},
{
    "fields": {
        "edge": "14812841179217cfdb6e63d0ffbef319",
        "cost": 2.42156615888203
    },
    "model": "graph.edgecost",
    "pk": 275
},
{
    "fields": {
        "edge": "182175f053c3703cb8d33b8a8425f647",
        "cost": 2.12130177514793
    },
    "model": "graph.edgecost",
    "pk": 276
},
{
    "fields": {
        "edge": "187f70636347316d2626d5edc4548ef2",
        "cost": 0.903308230231307
    },
    "model": "graph.edgecost",
    "pk": 277
},
{
    "fields": {
        "edge": "301c5a0c06642fbe79661af6fb1a0896",
        "cost": 1.57843384111797
    },
    "model": "graph.edgecost",
    "pk": 278
},
{
    "fields": {
        "edge": "3c8b3e83bef2492e3a4ce8ca52d51591",
        "cost": 2.66843303995514
    },
    "model": "graph.edgecost",
    "pk": 279
},
{
    "fields": {
        "edge": "60dc0a497c04648c9e4641bd18c17b04",
        "cost": 1.37869822485207
    },
    "model": "graph.edgecost",
    "pk": 280
},
{
    "fields": {
        "edge": "b81e5815c9ad0e911fcae8ce6542ce68",
        "cost": 1.80721554116559
    },
    "model": "graph.edgecost",
    "pk": 281
},
{
    "fields": {
        "edge": "be20b37134dc0fe6c75fa9314fe7adce",
        "cost": 0.5
    },
    "model": "graph.edgecost",
    "pk": 282
},
{
    "fields": {
        "edge": "cdff64e531121d7e2da47c95529415de",
        "cost": 1.38676707907477
    },
    "model": "graph.edgecost",
    "pk": 283
},
{
    "fields": {
        "edge": "d2139601f439afc2d48ccc82a655eec9",
        "cost": 3.14296536737297
    },
    "model": "graph.edgecost",
    "pk": 284
},
{
    "fields": {
        "edge": "f989b13a4792dd7eb3d47a078a7b446c",
        "cost": 1.0
    },
    "model": "graph.edgecost",
    "pk": 285
},
{
    "fields": {
        "edge": "fa87b1d9062a52fa051e7db856781a26",
        "cost": 1.69278445883441
    },
    "model": "graph.edgecost",
    "pk": 286
},
{
    "fields": {
        "edge": "01180e3f595f64bd0fccad5f7d2a73be",
        "cost": 2.74999197711854
    },
    "model": "graph.edgecost",
    "pk": 287
},
{
    "fields": {
        "edge": "14812841179217cfdb6e63d0ffbef319",
        "cost": 2.36839652862718
    },
    "model": "graph.edgecost",
    "pk": 288
},
{
    "fields": {
        "edge": "182175f053c3703cb8d33b8a8425f647",
        "cost": 2.0982145644099
    },
    "model": "graph.edgecost",
    "pk": 289
},
{
    "fields": {
        "edge": "187f70636347316d2626d5edc4548ef2",
        "cost": 0.912355600200904
    },
    "model": "graph.edgecost",
    "pk": 290
},
{
    "fields": {
        "edge": "301c5a0c06642fbe79661af6fb1a0896",
        "cost": 1.63160347137282
    },
    "model": "graph.edgecost",
    "pk": 291
},
{
    "fields": {
        "edge": "3c8b3e83bef2492e3a4ce8ca52d51591",
        "cost": 2.66551733953118
    },
    "model": "graph.edgecost",
    "pk": 292
},
{
    "fields": {
        "edge": "60dc0a497c04648c9e4641bd18c17b04",
        "cost": 1.4017854355901
    },
    "model": "graph.edgecost",
    "pk": 293
},
{
    "fields": {
        "edge": "b81e5815c9ad0e911fcae8ce6542ce68",
        "cost": 2.48453608247423
    },
    "model": "graph.edgecost",
    "pk": 294
},
{
    "fields": {
        "edge": "be20b37134dc0fe6c75fa9314fe7adce",
        "cost": 0.5
    },
    "model": "graph.edgecost",
    "pk": 295
},
{
    "fields": {
        "edge": "cdff64e531121d7e2da47c95529415de",
        "cost": 1.35057759919638
    },
    "model": "graph.edgecost",
    "pk": 296
},
{
    "fields": {
        "edge": "d2139601f439afc2d48ccc82a655eec9",
        "cost": 1.83449870623174
    },
    "model": "graph.edgecost",
    "pk": 297
},
{
    "fields": {
        "edge": "f989b13a4792dd7eb3d47a078a7b446c",
        "cost": 1.0
    },
    "model": "graph.edgecost",
    "pk": 298
},
{
    "fields": {
        "edge": "fa87b1d9062a52fa051e7db856781a26",
        "cost": 1.01546391752577
    },
    "model": "graph.edgecost",
    "pk": 299
},
{
    "fields": {
        "edge": "01180e3f595f64bd0fccad5f7d2a73be",
        "cost": 2.2988092293984
    },
    "model": "graph.edgecost",
    "pk": 300
},
{
    "fields": {
        "edge": "14812841179217cfdb6e63d0ffbef319",
        "cost": 2.37908945321437
    },
    "model": "graph.edgecost",
    "pk": 301
},
{
    "fields": {
        "edge": "182175f053c3703cb8d33b8a8425f647",
        "cost": 1.98483305036786
    },
    "model": "graph.edgecost",
    "pk": 302
},
{
    "fields": {
        "edge": "187f70636347316d2626d5edc4548ef2",
        "cost": 0.899696356275304
    },
    "model": "graph.edgecost",
    "pk": 303
},
{
    "fields": {
        "edge": "301c5a0c06642fbe79661af6fb1a0896",
        "cost": 1.62091054678563
    },
    "model": "graph.edgecost",
    "pk": 304
},
{
    "fields": {
        "edge": "3c8b3e83bef2492e3a4ce8ca52d51591",
        "cost": 2.84667939316641
    },
    "model": "graph.edgecost",
    "pk": 305
},
{
    "fields": {
        "edge": "60dc0a497c04648c9e4641bd18c17b04",
        "cost": 1.51516694963215
    },
    "model": "graph.edgecost",
    "pk": 306
},
{
    "fields": {
        "edge": "b81e5815c9ad0e911fcae8ce6542ce68",
        "cost": 2.23731587561375
    },
    "model": "graph.edgecost",
    "pk": 307
},
{
    "fields": {
        "edge": "be20b37134dc0fe6c75fa9314fe7adce",
        "cost": 0.5
    },
    "model": "graph.edgecost",
    "pk": 308
},
{
    "fields": {
        "edge": "cdff64e531121d7e2da47c95529415de",
        "cost": 1.40121457489879
    },
    "model": "graph.edgecost",
    "pk": 309
},
{
    "fields": {
        "edge": "d2139601f439afc2d48ccc82a655eec9",
        "cost": 2.55570214803679
    },
    "model": "graph.edgecost",
    "pk": 310
},
{
    "fields": {
        "edge": "f989b13a4792dd7eb3d47a078a7b446c",
        "cost": 1.0
    },
    "model": "graph.edgecost",
    "pk": 311
},
{
    "fields": {
        "edge": "fa87b1d9062a52fa051e7db856781a26",
        "cost": 1.26268412438625
    },
    "model": "graph.edgecost",
    "pk": 312
},
{
    "fields": {
        "edge": "01180e3f595f64bd0fccad5f7d2a73be",
        "cost": 1.84167512501131
    },
    "model": "graph.edgecost",
    "pk": 313
},
{
    "fields": {
        "edge": "14812841179217cfdb6e63d0ffbef319",
        "cost": 2.38854648176682
    },
    "model": "graph.edgecost",
    "pk": 314
},
{
    "fields": {
        "edge": "182175f053c3703cb8d33b8a8425f647",
        "cost": 1.83744221879815
    },
    "model": "graph.edgecost",
    "pk": 315
},
{
    "fields": {
        "edge": "187f70636347316d2626d5edc4548ef2",
        "cost": 0.874867091972355
    },
    "model": "graph.edgecost",
    "pk": 316
},
{
    "fields": {
        "edge": "301c5a0c06642fbe79661af6fb1a0896",
        "cost": 1.61145351823318
    },
    "model": "graph.edgecost",
    "pk": 317
},
{
    "fields": {
        "edge": "3c8b3e83bef2492e3a4ce8ca52d51591",
        "cost": 3.22503356490867
    },
    "model": "graph.edgecost",
    "pk": 318
},
{
    "fields": {
        "edge": "60dc0a497c04648c9e4641bd18c17b04",
        "cost": 1.66255778120185
    },
    "model": "graph.edgecost",
    "pk": 319
},
{
    "fields": {
        "edge": "b81e5815c9ad0e911fcae8ce6542ce68",
        "cost": 2.1167496886675
    },
    "model": "graph.edgecost",
    "pk": 320
},
{
    "fields": {
        "edge": "be20b37134dc0fe6c75fa9314fe7adce",
        "cost": 0.5
    },
    "model": "graph.edgecost",
    "pk": 321
},
{
    "fields": {
        "edge": "cdff64e531121d7e2da47c95529415de",
        "cost": 1.50053163211058
    },
    "model": "graph.edgecost",
    "pk": 322
},
{
    "fields": {
        "edge": "d2139601f439afc2d48ccc82a655eec9",
        "cost": 3.0916161850687
    },
    "model": "graph.edgecost",
    "pk": 323
},
{
    "fields": {
        "edge": "f989b13a4792dd7eb3d47a078a7b446c",
        "cost": 1.0
    },
    "model": "graph.edgecost",
    "pk": 324
},
{
    "fields": {
        "edge": "fa87b1d9062a52fa051e7db856781a26",
        "cost": 1.3832503113325
    },
    "model": "graph.edgecost",
    "pk": 325
},
{
    "fields": {
        "edge": "01180e3f595f64bd0fccad5f7d2a73be",
        "cost": 2.30427415556108
    },
    "model": "graph.edgecost",
    "pk": 326
},
{
    "fields": {
        "edge": "14812841179217cfdb6e63d0ffbef319",
        "cost": 2.42566728739913
    },
    "model": "graph.edgecost",
    "pk": 327
},
{
    "fields": {
        "edge": "182175f053c3703cb8d33b8a8425f647",
        "cost": 2.08004036385972
    },
    "model": "graph.edgecost",
    "pk": 328
},
{
    "fields": {
        "edge": "187f70636347316d2626d5edc4548ef2",
        "cost": 0.88848167539267
    },
    "model": "graph.edgecost",
    "pk": 329
},
{
    "fields": {
        "edge": "301c5a0c06642fbe79661af6fb1a0896",
        "cost": 1.57433271260087
    },
    "model": "graph.edgecost",
    "pk": 330
},
{
    "fields": {
        "edge": "3c8b3e83bef2492e3a4ce8ca52d51591",
        "cost": 2.93295861891901
    },
    "model": "graph.edgecost",
    "pk": 331
},
{
    "fields": {
        "edge": "60dc0a497c04648c9e4641bd18c17b04",
        "cost": 1.41995963614028
    },
    "model": "graph.edgecost",
    "pk": 332
},
{
    "fields": {
        "edge": "b81e5815c9ad0e911fcae8ce6542ce68",
        "cost": 2.19071310116086
    },
    "model": "graph.edgecost",
    "pk": 333
},
{
    "fields": {
        "edge": "be20b37134dc0fe6c75fa9314fe7adce",
        "cost": 0.5
    },
    "model": "graph.edgecost",
    "pk": 334
},
{
    "fields": {
        "edge": "cdff64e531121d7e2da47c95529415de",
        "cost": 1.44607329842932
    },
    "model": "graph.edgecost",
    "pk": 335
},
{
    "fields": {
        "edge": "d2139601f439afc2d48ccc82a655eec9",
        "cost": 2.45849306995883
    },
    "model": "graph.edgecost",
    "pk": 336
},
{
    "fields": {
        "edge": "f989b13a4792dd7eb3d47a078a7b446c",
        "cost": 1.0
    },
    "model": "graph.edgecost",
    "pk": 337
},
{
    "fields": {
        "edge": "fa87b1d9062a52fa051e7db856781a26",
        "cost": 1.30928689883914
    },
    "model": "graph.edgecost",
    "pk": 338
},
{
    "fields": {
        "edge": "01180e3f595f64bd0fccad5f7d2a73be",
        "cost": 2.2814801058193
    },
    "model": "graph.edgecost",
    "pk": 339
},
{
    "fields": {
        "edge": "14812841179217cfdb6e63d0ffbef319",
        "cost": 2.43829355002539
    },
    "model": "graph.edgecost",
    "pk": 340
},
{
    "fields": {
        "edge": "182175f053c3703cb8d33b8a8425f647",
        "cost": 2.03206036854832
    },
    "model": "graph.edgecost",
    "pk": 341
},
{
    "fields": {
        "edge": "187f70636347316d2626d5edc4548ef2",
        "cost": 0.918815015829941
    },
    "model": "graph.edgecost",
    "pk": 342
},
{
    "fields": {
        "edge": "301c5a0c06642fbe79661af6fb1a0896",
        "cost": 1.56170644997461
    },
    "model": "graph.edgecost",
    "pk": 343
},
{
    "fields": {
        "edge": "3c8b3e83bef2492e3a4ce8ca52d51591",
        "cost": 2.42237264667015
    },
    "model": "graph.edgecost",
    "pk": 344
},
{
    "fields": {
        "edge": "60dc0a497c04648c9e4641bd18c17b04",
        "cost": 1.46793963145168
    },
    "model": "graph.edgecost",
    "pk": 345
},
{
    "fields": {
        "edge": "b81e5815c9ad0e911fcae8ce6542ce68",
        "cost": 1.96060606060606
    },
    "model": "graph.edgecost",
    "pk": 346
},
{
    "fields": {
        "edge": "be20b37134dc0fe6c75fa9314fe7adce",
        "cost": 0.5
    },
    "model": "graph.edgecost",
    "pk": 347
},
{
    "fields": {
        "edge": "cdff64e531121d7e2da47c95529415de",
        "cost": 1.32473993668023
    },
    "model": "graph.edgecost",
    "pk": 348
},
{
    "fields": {
        "edge": "d2139601f439afc2d48ccc82a655eec9",
        "cost": 3.01466714169124
    },
    "model": "graph.edgecost",
    "pk": 349
},
{
    "fields": {
        "edge": "f989b13a4792dd7eb3d47a078a7b446c",
        "cost": 1.0
    },
    "model": "graph.edgecost",
    "pk": 350
},
{
    "fields": {
        "edge": "fa87b1d9062a52fa051e7db856781a26",
        "cost": 1.53939393939394
    },
    "model": "graph.edgecost",
    "pk": 351
},
{
    "fields": {
        "edge": "01180e3f595f64bd0fccad5f7d2a73be",
        "cost": 2.13141669175706
    },
    "model": "graph.edgecost",
    "pk": 352
},
{
    "fields": {
        "edge": "14812841179217cfdb6e63d0ffbef319",
        "cost": 2.30485926340849
    },
    "model": "graph.edgecost",
    "pk": 353
},
{
    "fields": {
        "edge": "182175f053c3703cb8d33b8a8425f647",
        "cost": 2.10302684347648
    },
    "model": "graph.edgecost",
    "pk": 354
},
{
    "fields": {
        "edge": "187f70636347316d2626d5edc4548ef2",
        "cost": 0.895154280747501
    },
    "model": "graph.edgecost",
    "pk": 355
},
{
    "fields": {
        "edge": "301c5a0c06642fbe79661af6fb1a0896",
        "cost": 1.69514073659151
    },
    "model": "graph.edgecost",
    "pk": 356
},
{
    "fields": {
        "edge": "3c8b3e83bef2492e3a4ce8ca52d51591",
        "cost": 3.06781298122301
    },
    "model": "graph.edgecost",
    "pk": 357
},
{
    "fields": {
        "edge": "60dc0a497c04648c9e4641bd18c17b04",
        "cost": 1.39697315652352
    },
    "model": "graph.edgecost",
    "pk": 358
},
{
    "fields": {
        "edge": "b81e5815c9ad0e911fcae8ce6542ce68",
        "cost": 2.06229633889208
    },
    "model": "graph.edgecost",
    "pk": 359
},
{
    "fields": {
        "edge": "be20b37134dc0fe6c75fa9314fe7adce",
        "cost": 0.5
    },
    "model": "graph.edgecost",
    "pk": 360
},
{
    "fields": {
        "edge": "cdff64e531121d7e2da47c95529415de",
        "cost": 1.41938287701
    },
    "model": "graph.edgecost",
    "pk": 361
},
{
    "fields": {
        "edge": "d2139601f439afc2d48ccc82a655eec9",
        "cost": 2.66935363526287
    },
    "model": "graph.edgecost",
    "pk": 362
},
{
    "fields": {
        "edge": "f989b13a4792dd7eb3d47a078a7b446c",
        "cost": 1.0
    },
    "model": "graph.edgecost",
    "pk": 363
},
{
    "fields": {
        "edge": "fa87b1d9062a52fa051e7db856781a26",
        "cost": 1.43770366110792
    },
    "model": "graph.edgecost",
    "pk": 364
},
{
    "fields": {
        "edge": "01180e3f595f64bd0fccad5f7d2a73be",
        "cost": 1.8650860215137
    },
    "model": "graph.edgecost",
    "pk": 365
},
{
    "fields": {
        "edge": "14812841179217cfdb6e63d0ffbef319",
        "cost": 2.33775510204082
    },
    "model": "graph.edgecost",
    "pk": 366
},
{
    "fields": {
        "edge": "182175f053c3703cb8d33b8a8425f647",
        "cost": 2.05890538033395
    },
    "model": "graph.edgecost",
    "pk": 367
},
{
    "fields": {
        "edge": "187f70636347316d2626d5edc4548ef2",
        "cost": 0.86712715389186
    },
    "model": "graph.edgecost",
    "pk": 368
},
{
    "fields": {
        "edge": "301c5a0c06642fbe79661af6fb1a0896",
        "cost": 1.66224489795918
    },
    "model": "graph.edgecost",
    "pk": 369
},
{
    "fields": {
        "edge": "3c8b3e83bef2492e3a4ce8ca52d51591",
        "cost": 3.45045533364861
    },
    "model": "graph.edgecost",
    "pk": 370
},
{
    "fields": {
        "edge": "60dc0a497c04648c9e4641bd18c17b04",
        "cost": 1.44109461966605
    },
    "model": "graph.edgecost",
    "pk": 371
},
{
    "fields": {
        "edge": "b81e5815c9ad0e911fcae8ce6542ce68",
        "cost": 2.03140830800405
    },
    "model": "graph.edgecost",
    "pk": 372
},
{
    "fields": {
        "edge": "be20b37134dc0fe6c75fa9314fe7adce",
        "cost": 0.5
    },
    "model": "graph.edgecost",
    "pk": 373
},
{
    "fields": {
        "edge": "cdff64e531121d7e2da47c95529415de",
        "cost": 1.53149138443256
    },
    "model": "graph.edgecost",
    "pk": 374
},
{
    "fields": {
        "edge": "d2139601f439afc2d48ccc82a655eec9",
        "cost": 2.81937262332399
    },
    "model": "graph.edgecost",
    "pk": 375
},
{
    "fields": {
        "edge": "f989b13a4792dd7eb3d47a078a7b446c",
        "cost": 1.0
    },
    "model": "graph.edgecost",
    "pk": 376
},
{
    "fields": {
        "edge": "fa87b1d9062a52fa051e7db856781a26",
        "cost": 1.46859169199595
    },
    "model": "graph.edgecost",
    "pk": 377
},
{
    "fields": {
        "edge": "01180e3f595f64bd0fccad5f7d2a73be",
        "cost": 2.08537836374327
    },
    "model": "graph.edgecost",
    "pk": 378
},
{
    "fields": {
        "edge": "14812841179217cfdb6e63d0ffbef319",
        "cost": 2.44530046224962
    },
    "model": "graph.edgecost",
    "pk": 379
},
{
    "fields": {
        "edge": "182175f053c3703cb8d33b8a8425f647",
        "cost": 2.06650049850449
    },
    "model": "graph.edgecost",
    "pk": 380
},
{
    "fields": {
        "edge": "187f70636347316d2626d5edc4548ef2",
        "cost": 0.886425339366516
    },
    "model": "graph.edgecost",
    "pk": 381
},
{
    "fields": {
        "edge": "301c5a0c06642fbe79661af6fb1a0896",
        "cost": 1.55469953775038
    },
    "model": "graph.edgecost",
    "pk": 382
},
{
    "fields": {
        "edge": "3c8b3e83bef2492e3a4ce8ca52d51591",
        "cost": 2.95012305740122
    },
    "model": "graph.edgecost",
    "pk": 383
},
{
    "fields": {
        "edge": "60dc0a497c04648c9e4641bd18c17b04",
        "cost": 1.43349950149551
    },
    "model": "graph.edgecost",
    "pk": 384
},
{
    "fields": {
        "edge": "b81e5815c9ad0e911fcae8ce6542ce68",
        "cost": 1.99393939393939
    },
    "model": "graph.edgecost",
    "pk": 385
},
{
    "fields": {
        "edge": "be20b37134dc0fe6c75fa9314fe7adce",
        "cost": 0.5
    },
    "model": "graph.edgecost",
    "pk": 386
},
{
    "fields": {
        "edge": "cdff64e531121d7e2da47c95529415de",
        "cost": 1.45429864253394
    },
    "model": "graph.edgecost",
    "pk": 387
},
{
    "fields": {
        "edge": "d2139601f439afc2d48ccc82a655eec9",
        "cost": 2.87912021511224
    },
    "model": "graph.edgecost",
    "pk": 388
},
{
    "fields": {
        "edge": "f989b13a4792dd7eb3d47a078a7b446c",
        "cost": 1.0
    },
    "model": "graph.edgecost",
    "pk": 389
},
{
    "fields": {
        "edge": "fa87b1d9062a52fa051e7db856781a26",
        "cost": 1.50606060606061
    },
    "model": "graph.edgecost",
    "pk": 390
},
{
    "fields": {
        "edge": "01180e3f595f64bd0fccad5f7d2a73be",
        "cost": 2.17440012071805
    },
    "model": "graph.edgecost",
    "pk": 391
},
{
    "fields": {
        "edge": "14812841179217cfdb6e63d0ffbef319",
        "cost": 2.4271186440678
    },
    "model": "graph.edgecost",
    "pk": 392
},
{
    "fields": {
        "edge": "182175f053c3703cb8d33b8a8425f647",
        "cost": 2.06202557970261
    },
    "model": "graph.edgecost",
    "pk": 393
},
{
    "fields": {
        "edge": "187f70636347316d2626d5edc4548ef2",
        "cost": 0.888650306748466
    },
    "model": "graph.edgecost",
    "pk": 394
},
{
    "fields": {
        "edge": "301c5a0c06642fbe79661af6fb1a0896",
        "cost": 1.5728813559322
    },
    "model": "graph.edgecost",
    "pk": 395
},
{
    "fields": {
        "edge": "3c8b3e83bef2492e3a4ce8ca52d51591",
        "cost": 2.92735780388895
    },
    "model": "graph.edgecost",
    "pk": 396
},
{
    "fields": {
        "edge": "60dc0a497c04648c9e4641bd18c17b04",
        "cost": 1.43797442029739
    },
    "model": "graph.edgecost",
    "pk": 397
},
{
    "fields": {
        "edge": "b81e5815c9ad0e911fcae8ce6542ce68",
        "cost": 2.07605344295992
    },
    "model": "graph.edgecost",
    "pk": 398
},
{
    "fields": {
        "edge": "be20b37134dc0fe6c75fa9314fe7adce",
        "cost": 0.5
    },
    "model": "graph.edgecost",
    "pk": 399
},
{
    "fields": {
        "edge": "cdff64e531121d7e2da47c95529415de",
        "cost": 1.44539877300614
    },
    "model": "graph.edgecost",
    "pk": 400
},
{
    "fields": {
        "edge": "d2139601f439afc2d48ccc82a655eec9",
        "cost": 2.72384195467494
    },
    "model": "graph.edgecost",
    "pk": 401
},
{
    "fields": {
        "edge": "f989b13a4792dd7eb3d47a078a7b446c",
        "cost": 1.0
    },
    "model": "graph.edgecost",
    "pk": 402
},
{
    "fields": {
        "edge": "fa87b1d9062a52fa051e7db856781a26",
        "cost": 1.42394655704008
    },
    "model": "graph.edgecost",
    "pk": 403
},
{
    "fields": {
        "graph": "g1",
        "edge_costs": [
            1,
            2,
            3,
            4,
            5,
            6,
            7,
            8,
            9,
            10,
            11,
            12,
            13
        ]
    },
    "model": "graph.graphcost",
    "pk": 1
},
{
    "fields": {
        "graph": "g1",
        "edge_costs": [
            14,
            15,
            16,
            17,
            18,
            19,
            20,
            21,
            22,
            23,
            24,
            25,
            26
        ]
    },
    "model": "graph.graphcost",
    "pk": 2
},
{
    "fields": {
        "graph": "g1",
        "edge_costs": [
            27,
            28,
            29,
            30,
            31,
            32,
            33,
            34,
            35,
            36,
            37,
            38,
            39
        ]
    },
    "model": "graph.graphcost",
    "pk": 3
},
{
    "fields": {
        "graph": "g1",
        "edge_costs": [
            40,
            41,
            42,
            43,
            44,
            45,
            46,
            47,
            48,
            49,
            50,
            51,
            52
        ]
    },
    "model": "graph.graphcost",
    "pk": 4
},
{
    "fields": {
        "graph": "g1",
        "edge_costs": [
            53,
            54,
            55,
            56,
            57,
            58,
            59,
            60,
            61,
            62,
            63,
            64,
            65
        ]
    },
    "model": "graph.graphcost",
    "pk": 5
},
{
    "fields": {
        "graph": "g1",
        "edge_costs": [
            66,
            67,
            68,
            69,
            70,
            71,
            72,
            73,
            74,
            75,
            76,
            77,
            78
        ]
    },
    "model": "graph.graphcost",
    "pk": 6
},
{
    "fields": {
        "graph": "g1",
        "edge_costs": [
            79,
            80,
            81,
            82,
            83,
            84,
            85,
            86,
            87,
            88,
            89,
            90,
            91
        ]
    },
    "model": "graph.graphcost",
    "pk": 7
},
{
    "fields": {
        "graph": "g1",
        "edge_costs": [
            92,
            93,
            94,
            95,
            96,
            97,
            98,
            99,
            100,
            101,
            102,
            103,
            104
        ]
    },
    "model": "graph.graphcost",
    "pk": 8
},
{
    "fields": {
        "graph": "g1",
        "edge_costs": [
            105,
            106,
            107,
            108,
            109,
            110,
            111,
            112,
            113,
            114,
            115,
            116,
            117
        ]
    },
    "model": "graph.graphcost",
    "pk": 9
},
{
    "fields": {
        "graph": "g1",
        "edge_costs": [
            118,
            119,
            120,
            121,
            122,
            123,
            124,
            125,
            126,
            127,
            128,
            129,
            130
        ]
    },
    "model": "graph.graphcost",
    "pk": 10
},
{
    "fields": {
        "graph": "g1",
        "edge_costs": [
            131,
            132,
            133,
            134,
            135,
            136,
            137,
            138,
            139,
            140,
            141,
            142,
            143
        ]
    },
    "model": "graph.graphcost",
    "pk": 11
},
{
    "fields": {
        "graph": "g1",
        "edge_costs": [
            144,
            145,
            146,
            147,
            148,
            149,
            150,
            151,
            152,
            153,
            154,
            155,
            156
        ]
    },
    "model": "graph.graphcost",
    "pk": 12
},
{
    "fields": {
        "graph": "g1",
        "edge_costs": [
            157,
            158,
            159,
            160,
            161,
            162,
            163,
            164,
            165,
            166,
            167,
            168,
            169
        ]
    },
    "model": "graph.graphcost",
    "pk": 13
},
{
    "fields": {
        "graph": "g1",
        "edge_costs": [
            170,
            171,
            172,
            173,
            174,
            175,
            176,
            177,
            178,
            179,
            180,
            181,
            182
        ]
    },
    "model": "graph.graphcost",
    "pk": 14
},
{
    "fields": {
        "graph": "g1",
        "edge_costs": [
            183,
            184,
            185,
            186,
            187,
            188,
            189,
            190,
            191,
            192,
            193,
            194,
            195
        ]
    },
    "model": "graph.graphcost",
    "pk": 15
},
{
    "fields": {
        "graph": "g1",
        "edge_costs": [
            196,
            197,
            198,
            199,
            200,
            201,
            202,
            203,
            204,
            205,
            206,
            207,
            208
        ]
    },
    "model": "graph.graphcost",
    "pk": 16
},
{
    "fields": {
        "graph": "g1",
        "edge_costs": [
            209,
            210,
            211,
            212,
            213,
            214,
            215,
            216,
            217,
            218,
            219,
            220,
            221
        ]
    },
    "model": "graph.graphcost",
    "pk": 17
},
{
    "fields": {
        "graph": "g1",
        "edge_costs": [
            222,
            223,
            224,
            225,
            226,
            227,
            228,
            229,
            230,
            231,
            232,
            233,
            234
        ]
    },
    "model": "graph.graphcost",
    "pk": 18
},
{
    "fields": {
        "graph": "g1",
        "edge_costs": [
            235,
            236,
            237,
            238,
            239,
            240,
            241,
            242,
            243,
            244,
            245,
            246,
            247
        ]
    },
    "model": "graph.graphcost",
    "pk": 19
},
{
    "fields": {
        "graph": "g1",
        "edge_costs": [
            248,
            249,
            250,
            251,
            252,
            253,
            254,
            255,
            256,
            257,
            258,
            259,
            260
        ]
    },
    "model": "graph.graphcost",
    "pk": 20
},
{
    "fields": {
        "graph": "g1",
        "edge_costs": [
            261,
            262,
            263,
            264,
            265,
            266,
            267,
            268,
            269,
            270,
            271,
            272,
            273
        ]
    },
    "model": "graph.graphcost",
    "pk": 21
},
{
    "fields": {
        "graph": "g1",
        "edge_costs": [
            274,
            275,
            276,
            277,
            278,
            279,
            280,
            281,
            282,
            283,
            284,
            285,
            286
        ]
    },
    "model": "graph.graphcost",
    "pk": 22
},
{
    "fields": {
        "graph": "g1",
        "edge_costs": [
            287,
            288,
            289,
            290,
            291,
            292,
            293,
            294,
            295,
            296,
            297,
            298,
            299
        ]
    },
    "model": "graph.graphcost",
    "pk": 23
},
{
    "fields": {
        "graph": "g1",
        "edge_costs": [
            300,
            301,
            302,
            303,
            304,
            305,
            306,
            307,
            308,
            309,
            310,
            311,
            312
        ]
    },
    "model": "graph.graphcost",
    "pk": 24
},
{
    "fields": {
        "graph": "g1",
        "edge_costs": [
            313,
            314,
            315,
            316,
            317,
            318,
            319,
            320,
            321,
            322,
            323,
            324,
            325
        ]
    },
    "model": "graph.graphcost",
    "pk": 25
},
{
    "fields": {
        "graph": "g1",
        "edge_costs": [
            326,
            327,
            328,
            329,
            330,
            331,
            332,
            333,
            334,
            335,
            336,
            337,
            338
        ]
    },
    "model": "graph.graphcost",
    "pk": 26
},
{
    "fields": {
        "graph": "g1",
        "edge_costs": [
            339,
            340,
            341,
            342,
            343,
            344,
            345,
            346,
            347,
            348,
            349,
            350,
            351
        ]
    },
    "model": "graph.graphcost",
    "pk": 27
},
{
    "fields": {
        "graph": "g1",
        "edge_costs": [
            352,
            353,
            354,
            355,
            356,
            357,
            358,
            359,
            360,
            361,
            362,
            363,
            364
        ]
    },
    "model": "graph.graphcost",
    "pk": 28
},
{
    "fields": {
        "graph": "g1",
        "edge_costs": [
            365,
            366,
            367,
            368,
            369,
            370,
            371,
            372,
            373,
            374,
            375,
            376,
            377
        ]
    },
    "model": "graph.graphcost",
    "pk": 29
},
{
    "fields": {
        "graph": "g1",
        "edge_costs": [
            378,
            379,
            380,
            381,
            382,
            383,
            384,
            385,
            386,
            387,
            388,
            389,
            390
        ]
    },
    "model": "graph.graphcost",
    "pk": 30
},
{
    "fields": {
        "graph": "g1",
        "edge_costs": [
            391,
            392,
            393,
            394,
            395,
            396,
            397,
            398,
            399,
            400,
            401,
            402,
            403
        ]
    },
    "model": "graph.graphcost",
    "pk": 31
},
{
    "fields": {
        "current_turn": 32,
        "single_slider_mode": false,
        "started": true,
        "graph": "g1",
        "game_loop_time": "2015-09-11T18:32:47.456Z",
        "edge_highlight": true,
        "stopped": true,
        "turns": [
            1,
            2,
            3,
            4,
            5,
            6,
            7,
            8,
            9,
            10,
            11,
            12,
            13,
            14,
            15,
            16,
            17,
            18,
            19,
            20,
            21,
            22,
            23,
            24,
            25,
            26,
            27,
            28,
            29,
            30,
            31
        ],
        "duration": 20
    },
    "model": "graph.game",
    "pk": "game"
},
{
    "fields": {
        "codename": "add_permission",
        "name": "Can add permission",
        "content_type": 1
    },
    "model": "auth.permission",
    "pk": 1
},
{
    "fields": {
        "codename": "change_permission",
        "name": "Can change permission",
        "content_type": 1
    },
    "model": "auth.permission",
    "pk": 2
},
{
    "fields": {
        "codename": "delete_permission",
        "name": "Can delete permission",
        "content_type": 1
    },
    "model": "auth.permission",
    "pk": 3
},
{
    "fields": {
        "codename": "add_group",
        "name": "Can add group",
        "content_type": 2
    },
    "model": "auth.permission",
    "pk": 4
},
{
    "fields": {
        "codename": "change_group",
        "name": "Can change group",
        "content_type": 2
    },
    "model": "auth.permission",
    "pk": 5
},
{
    "fields": {
        "codename": "delete_group",
        "name": "Can delete group",
        "content_type": 2
    },
    "model": "auth.permission",
    "pk": 6
},
{
    "fields": {
        "codename": "add_user",
        "name": "Can add user",
        "content_type": 3
    },
    "model": "auth.permission",
    "pk": 7
},
{
    "fields": {
        "codename": "change_user",
        "name": "Can change user",
        "content_type": 3
    },
    "model": "auth.permission",
    "pk": 8
},
{
    "fields": {
        "codename": "delete_user",
        "name": "Can delete user",
        "content_type": 3
    },
    "model": "auth.permission",
    "pk": 9
},
{
    "fields": {
        "codename": "add_contenttype",
        "name": "Can add content type",
        "content_type": 4
    },
    "model": "auth.permission",
    "pk": 10
},
{
    "fields": {
        "codename": "change_contenttype",
        "name": "Can change content type",
        "content_type": 4
    },
    "model": "auth.permission",
    "pk": 11
},
{
    "fields": {
        "codename": "delete_contenttype",
        "name": "Can delete content type",
        "content_type": 4
    },
    "model": "auth.permission",
    "pk": 12
},
{
    "fields": {
        "codename": "add_session",
        "name": "Can add session",
        "content_type": 5
    },
    "model": "auth.permission",
    "pk": 13
},
{
    "fields": {
        "codename": "change_session",
        "name": "Can change session",
        "content_type": 5
    },
    "model": "auth.permission",
    "pk": 14
},
{
    "fields": {
        "codename": "delete_session",
        "name": "Can delete session",
        "content_type": 5
    },
    "model": "auth.permission",
    "pk": 15
},
{
    "fields": {
        "codename": "add_taskmeta",
        "name": "Can add task state",
        "content_type": 6
    },
    "model": "auth.permission",
    "pk": 16
},
{
    "fields": {
        "codename": "change_taskmeta",
        "name": "Can change task state",
        "content_type": 6
    },
    "model": "auth.permission",
    "pk": 17
},
{
    "fields": {
        "codename": "delete_taskmeta",
        "name": "Can delete task state",
        "content_type": 6
    },
    "model": "auth.permission",
    "pk": 18
},
{
    "fields": {
        "codename": "add_tasksetmeta",
        "name": "Can add saved group result",
        "content_type": 7
    },
    "model": "auth.permission",
    "pk": 19
},
{
    "fields": {
        "codename": "change_tasksetmeta",
        "name": "Can change saved group result",
        "content_type": 7
    },
    "model": "auth.permission",
    "pk": 20
},
{
    "fields": {
        "codename": "delete_tasksetmeta",
        "name": "Can delete saved group result",
        "content_type": 7
    },
    "model": "auth.permission",
    "pk": 21
},
{
    "fields": {
        "codename": "add_intervalschedule",
        "name": "Can add interval",
        "content_type": 8
    },
    "model": "auth.permission",
    "pk": 22
},
{
    "fields": {
        "codename": "change_intervalschedule",
        "name": "Can change interval",
        "content_type": 8
    },
    "model": "auth.permission",
    "pk": 23
},
{
    "fields": {
        "codename": "delete_intervalschedule",
        "name": "Can delete interval",
        "content_type": 8
    },
    "model": "auth.permission",
    "pk": 24
},
{
    "fields": {
        "codename": "add_crontabschedule",
        "name": "Can add crontab",
        "content_type": 9
    },
    "model": "auth.permission",
    "pk": 25
},
{
    "fields": {
        "codename": "change_crontabschedule",
        "name": "Can change crontab",
        "content_type": 9
    },
    "model": "auth.permission",
    "pk": 26
},
{
    "fields": {
        "codename": "delete_crontabschedule",
        "name": "Can delete crontab",
        "content_type": 9
    },
    "model": "auth.permission",
    "pk": 27
},
{
    "fields": {
        "codename": "add_periodictasks",
        "name": "Can add periodic tasks",
        "content_type": 10
    },
    "model": "auth.permission",
    "pk": 28
},
{
    "fields": {
        "codename": "change_periodictasks",
        "name": "Can change periodic tasks",
        "content_type": 10
    },
    "model": "auth.permission",
    "pk": 29
},
{
    "fields": {
        "codename": "delete_periodictasks",
        "name": "Can delete periodic tasks",
        "content_type": 10
    },
    "model": "auth.permission",
    "pk": 30
},
{
    "fields": {
        "codename": "add_periodictask",
        "name": "Can add periodic task",
        "content_type": 11
    },
    "model": "auth.permission",
    "pk": 31
},
{
    "fields": {
        "codename": "change_periodictask",
        "name": "Can change periodic task",
        "content_type": 11
    },
    "model": "auth.permission",
    "pk": 32
},
{
    "fields": {
        "codename": "delete_periodictask",
        "name": "Can delete periodic task",
        "content_type": 11
    },
    "model": "auth.permission",
    "pk": 33
},
{
    "fields": {
        "codename": "add_workerstate",
        "name": "Can add worker",
        "content_type": 12
    },
    "model": "auth.permission",
    "pk": 34
},
{
    "fields": {
        "codename": "change_workerstate",
        "name": "Can change worker",
        "content_type": 12
    },
    "model": "auth.permission",
    "pk": 35
},
{
    "fields": {
        "codename": "delete_workerstate",
        "name": "Can delete worker",
        "content_type": 12
    },
    "model": "auth.permission",
    "pk": 36
},
{
    "fields": {
        "codename": "add_taskstate",
        "name": "Can add task",
        "content_type": 13
    },
    "model": "auth.permission",
    "pk": 37
},
{
    "fields": {
        "codename": "change_taskstate",
        "name": "Can change task",
        "content_type": 13
    },
    "model": "auth.permission",
    "pk": 38
},
{
    "fields": {
        "codename": "delete_taskstate",
        "name": "Can delete task",
        "content_type": 13
    },
    "model": "auth.permission",
    "pk": 39
},
{
    "fields": {
        "codename": "add_user",
        "name": "Can add user",
        "content_type": 14
    },
    "model": "auth.permission",
    "pk": 40
},
{
    "fields": {
        "codename": "change_user",
        "name": "Can change user",
        "content_type": 14
    },
    "model": "auth.permission",
    "pk": 41
},
{
    "fields": {
        "codename": "delete_user",
        "name": "Can delete user",
        "content_type": 14
    },
    "model": "auth.permission",
    "pk": 42
},
{
    "fields": {
        "codename": "add_graph",
        "name": "Can add graph",
        "content_type": 15
    },
    "model": "auth.permission",
    "pk": 43
},
{
    "fields": {
        "codename": "change_graph",
        "name": "Can change graph",
        "content_type": 15
    },
    "model": "auth.permission",
    "pk": 44
},
{
    "fields": {
        "codename": "delete_graph",
        "name": "Can delete graph",
        "content_type": 15
    },
    "model": "auth.permission",
    "pk": 45
},
{
    "fields": {
        "codename": "add_node",
        "name": "Can add node",
        "content_type": 16
    },
    "model": "auth.permission",
    "pk": 46
},
{
    "fields": {
        "codename": "change_node",
        "name": "Can change node",
        "content_type": 16
    },
    "model": "auth.permission",
    "pk": 47
},
{
    "fields": {
        "codename": "delete_node",
        "name": "Can delete node",
        "content_type": 16
    },
    "model": "auth.permission",
    "pk": 48
},
{
    "fields": {
        "codename": "add_playermodel",
        "name": "Can add player model",
        "content_type": 17
    },
    "model": "auth.permission",
    "pk": 49
},
{
    "fields": {
        "codename": "change_playermodel",
        "name": "Can change player model",
        "content_type": 17
    },
    "model": "auth.permission",
    "pk": 50
},
{
    "fields": {
        "codename": "delete_playermodel",
        "name": "Can delete player model",
        "content_type": 17
    },
    "model": "auth.permission",
    "pk": 51
},
{
    "fields": {
        "codename": "add_player",
        "name": "Can add player",
        "content_type": 18
    },
    "model": "auth.permission",
    "pk": 52
},
{
    "fields": {
        "codename": "change_player",
        "name": "Can change player",
        "content_type": 18
    },
    "model": "auth.permission",
    "pk": 53
},
{
    "fields": {
        "codename": "delete_player",
        "name": "Can delete player",
        "content_type": 18
    },
    "model": "auth.permission",
    "pk": 54
},
{
    "fields": {
        "codename": "add_edge",
        "name": "Can add edge",
        "content_type": 19
    },
    "model": "auth.permission",
    "pk": 55
},
{
    "fields": {
        "codename": "change_edge",
        "name": "Can change edge",
        "content_type": 19
    },
    "model": "auth.permission",
    "pk": 56
},
{
    "fields": {
        "codename": "delete_edge",
        "name": "Can delete edge",
        "content_type": 19
    },
    "model": "auth.permission",
    "pk": 57
},
{
    "fields": {
        "codename": "add_path",
        "name": "Can add path",
        "content_type": 20
    },
    "model": "auth.permission",
    "pk": 58
},
{
    "fields": {
        "codename": "change_path",
        "name": "Can change path",
        "content_type": 20
    },
    "model": "auth.permission",
    "pk": 59
},
{
    "fields": {
        "codename": "delete_path",
        "name": "Can delete path",
        "content_type": 20
    },
    "model": "auth.permission",
    "pk": 60
},
{
    "fields": {
        "codename": "add_pathflowassignment",
        "name": "Can add path flow assignment",
        "content_type": 21
    },
    "model": "auth.permission",
    "pk": 61
},
{
    "fields": {
        "codename": "change_pathflowassignment",
        "name": "Can change path flow assignment",
        "content_type": 21
    },
    "model": "auth.permission",
    "pk": 62
},
{
    "fields": {
        "codename": "delete_pathflowassignment",
        "name": "Can delete path flow assignment",
        "content_type": 21
    },
    "model": "auth.permission",
    "pk": 63
},
{
    "fields": {
        "codename": "add_gameturn",
        "name": "Can add game turn",
        "content_type": 22
    },
    "model": "auth.permission",
    "pk": 64
},
{
    "fields": {
        "codename": "change_gameturn",
        "name": "Can change game turn",
        "content_type": 22
    },
    "model": "auth.permission",
    "pk": 65
},
{
    "fields": {
        "codename": "delete_gameturn",
        "name": "Can delete game turn",
        "content_type": 22
    },
    "model": "auth.permission",
    "pk": 66
},
{
    "fields": {
        "codename": "add_flowdistribution",
        "name": "Can add flow distribution",
        "content_type": 23
    },
    "model": "auth.permission",
    "pk": 67
},
{
    "fields": {
        "codename": "change_flowdistribution",
        "name": "Can change flow distribution",
        "content_type": 23
    },
    "model": "auth.permission",
    "pk": 68
},
{
    "fields": {
        "codename": "delete_flowdistribution",
        "name": "Can delete flow distribution",
        "content_type": 23
    },
    "model": "auth.permission",
    "pk": 69
},
{
    "fields": {
        "codename": "add_edgecost",
        "name": "Can add edge cost",
        "content_type": 24
    },
    "model": "auth.permission",
    "pk": 70
},
{
    "fields": {
        "codename": "change_edgecost",
        "name": "Can change edge cost",
        "content_type": 24
    },
    "model": "auth.permission",
    "pk": 71
},
{
    "fields": {
        "codename": "delete_edgecost",
        "name": "Can delete edge cost",
        "content_type": 24
    },
    "model": "auth.permission",
    "pk": 72
},
{
    "fields": {
        "codename": "add_graphcost",
        "name": "Can add graph cost",
        "content_type": 25
    },
    "model": "auth.permission",
    "pk": 73
},
{
    "fields": {
        "codename": "change_graphcost",
        "name": "Can change graph cost",
        "content_type": 25
    },
    "model": "auth.permission",
    "pk": 74
},
{
    "fields": {
        "codename": "delete_graphcost",
        "name": "Can delete graph cost",
        "content_type": 25
    },
    "model": "auth.permission",
    "pk": 75
},
{
    "fields": {
        "codename": "add_game",
        "name": "Can add game",
        "content_type": 26
    },
    "model": "auth.permission",
    "pk": 76
},
{
    "fields": {
        "codename": "change_game",
        "name": "Can change game",
        "content_type": 26
    },
    "model": "auth.permission",
    "pk": 77
},
{
    "fields": {
        "codename": "delete_game",
        "name": "Can delete game",
        "content_type": 26
    },
    "model": "auth.permission",
    "pk": 78
},
{
    "fields": {
        "codename": "add_request",
        "name": "Can add request",
        "content_type": 27
    },
    "model": "auth.permission",
    "pk": 79
},
{
    "fields": {
        "codename": "change_request",
        "name": "Can change request",
        "content_type": 27
    },
    "model": "auth.permission",
    "pk": 80
},
{
    "fields": {
        "codename": "delete_request",
        "name": "Can delete request",
        "content_type": 27
    },
    "model": "auth.permission",
    "pk": 81
},
{
    "fields": {
        "codename": "add_response",
        "name": "Can add response",
        "content_type": 28
    },
    "model": "auth.permission",
    "pk": 82
},
{
    "fields": {
        "codename": "change_response",
        "name": "Can change response",
        "content_type": 28
    },
    "model": "auth.permission",
    "pk": 83
},
{
    "fields": {
        "codename": "delete_response",
        "name": "Can delete response",
        "content_type": 28
    },
    "model": "auth.permission",
    "pk": 84
},
{
    "fields": {
        "codename": "add_sqlquery",
        "name": "Can add sql query",
        "content_type": 29
    },
    "model": "auth.permission",
    "pk": 85
},
{
    "fields": {
        "codename": "change_sqlquery",
        "name": "Can change sql query",
        "content_type": 29
    },
    "model": "auth.permission",
    "pk": 86
},
{
    "fields": {
        "codename": "delete_sqlquery",
        "name": "Can delete sql query",
        "content_type": 29
    },
    "model": "auth.permission",
    "pk": 87
},
{
    "fields": {
        "codename": "add_profile",
        "name": "Can add profile",
        "content_type": 30
    },
    "model": "auth.permission",
    "pk": 88
},
{
    "fields": {
        "codename": "change_profile",
        "name": "Can change profile",
        "content_type": 30
    },
    "model": "auth.permission",
    "pk": 89
},
{
    "fields": {
        "codename": "delete_profile",
        "name": "Can delete profile",
        "content_type": 30
    },
    "model": "auth.permission",
    "pk": 90
},
{
    "fields": {
        "username": "root",
        "first_name": "",
        "last_name": "",
        "is_active": true,
        "is_superuser": false,
        "is_staff": false,
        "last_login": "2015-09-11T18:18:49.166Z",
        "groups": [],
        "user_permissions": [],
        "password": "pbkdf2_sha256$15000$zWOziJjvXN2E$eULUdh24ND7anDjb69SNSj9D98aC9Yeohzh1vDqFaxg=",
        "email": "",
        "date_joined": "2015-09-11T17:17:22.047Z"
    },
    "model": "auth.user",
    "pk": 1
},
{
    "fields": {
        "username": "bb8",
        "first_name": "",
        "last_name": "",
        "is_active": true,
        "is_superuser": false,
        "is_staff": false,
        "last_login": "2015-09-11T18:18:34.693Z",
        "groups": [],
        "user_permissions": [],
        "password": "pbkdf2_sha256$15000$R2VcYV78f5Ex$Qx44agJGJ2DYHW7DLJKyVBysC2WmPE7xCUb3TW0mY2s=",
        "email": "",
        "date_joined": "2015-09-11T18:18:27.232Z"
    },
    "model": "auth.user",
    "pk": 2
},
{
    "fields": {
        "username": "golum",
        "first_name": "",
        "last_name": "",
        "is_active": true,
        "is_superuser": false,
        "is_staff": false,
        "last_login": "2015-09-11T18:18:51.286Z",
        "groups": [],
        "user_permissions": [],
        "password": "pbkdf2_sha256$15000$WkZMbLpNlFxJ$nH7w2uBoSBQtVzZtdh2Em1wTDQauUNplycnaJ6gZoBA=",
        "email": "",
        "date_joined": "2015-09-11T18:18:39.305Z"
    },
    "model": "auth.user",
    "pk": 3
},
{
    "fields": {
        "username": "longnecks",
        "first_name": "",
        "last_name": "",
        "is_active": true,
        "is_superuser": false,
        "is_staff": false,
        "last_login": "2015-09-11T18:18:51.959Z",
        "groups": [],
        "user_permissions": [],
        "password": "pbkdf2_sha256$15000$auwnzJPDE42x$agqEMOkH9+H1ZkTsHGV4DySLYQJJLWGGm0FHXGWSRIs=",
        "email": "",
        "date_joined": "2015-09-11T18:18:43.250Z"
    },
    "model": "auth.user",
    "pk": 4
},
{
    "fields": {
        "username": "nobody",
        "first_name": "",
        "last_name": "",
        "is_active": true,
        "is_superuser": false,
        "is_staff": false,
        "last_login": "2015-09-11T18:18:51.409Z",
        "groups": [],
        "user_permissions": [],
        "password": "pbkdf2_sha256$15000$OCaKPT79pehT$6vDb/3hDsE0z/HUtcNhieve8Er0b+fNEPZf66ZuVNTI=",
        "email": "",
        "date_joined": "2015-09-11T18:18:45.470Z"
    },
    "model": "auth.user",
    "pk": 5
},
{
    "fields": {
        "username": "DonkeyKong",
        "first_name": "",
        "last_name": "",
        "is_active": true,
        "is_superuser": false,
        "is_staff": false,
        "last_login": "2015-09-11T18:19:01.000Z",
        "groups": [],
        "user_permissions": [],
        "password": "pbkdf2_sha256$15000$H03LdUQPnVXB$I19/6tnIEIXnRxS7sM1XsjoA86XA+aW1bS9zTkXEn6g=",
        "email": "",
        "date_joined": "2015-09-11T18:18:46.519Z"
    },
    "model": "auth.user",
    "pk": 6
},
{
    "fields": {
        "game": "game",
        "user": 2,
        "player_model": "m1"
    },
    "model": "graph.player",
    "pk": 1
},
{
    "fields": {
        "game": "game",
        "user": 3,
        "player_model": "m2"
    },
    "model": "graph.player",
    "pk": 2
},
{
    "fields": {
        "game": "game",
        "user": 4,
        "player_model": "m3"
    },
    "model": "graph.player",
    "pk": 3
},
{
    "fields": {
        "game": "game",
        "user": 5,
        "player_model": "m4"
    },
    "model": "graph.player",
    "pk": 4
},
{
    "fields": {
        "game": "game",
        "user": 6,
        "player_model": "m5"
    },
    "model": "graph.player",
    "pk": 5
}
]
