[
{
    "fields": {
        "model": "permission",
        "name": "permission",
        "app_label": "auth"
    },
    "model": "contenttypes.contenttype",
    "pk": 1
},
{
    "fields": {
        "model": "group",
        "name": "group",
        "app_label": "auth"
    },
    "model": "contenttypes.contenttype",
    "pk": 2
},
{
    "fields": {
        "model": "user",
        "name": "user",
        "app_label": "auth"
    },
    "model": "contenttypes.contenttype",
    "pk": 3
},
{
    "fields": {
        "model": "contenttype",
        "name": "content type",
        "app_label": "contenttypes"
    },
    "model": "contenttypes.contenttype",
    "pk": 4
},
{
    "fields": {
        "model": "session",
        "name": "session",
        "app_label": "sessions"
    },
    "model": "contenttypes.contenttype",
    "pk": 5
},
{
    "fields": {
        "model": "taskmeta",
        "name": "task state",
        "app_label": "djcelery"
    },
    "model": "contenttypes.contenttype",
    "pk": 6
},
{
    "fields": {
        "model": "tasksetmeta",
        "name": "saved group result",
        "app_label": "djcelery"
    },
    "model": "contenttypes.contenttype",
    "pk": 7
},
{
    "fields": {
        "model": "intervalschedule",
        "name": "interval",
        "app_label": "djcelery"
    },
    "model": "contenttypes.contenttype",
    "pk": 8
},
{
    "fields": {
        "model": "crontabschedule",
        "name": "crontab",
        "app_label": "djcelery"
    },
    "model": "contenttypes.contenttype",
    "pk": 9
},
{
    "fields": {
        "model": "periodictasks",
        "name": "periodic tasks",
        "app_label": "djcelery"
    },
    "model": "contenttypes.contenttype",
    "pk": 10
},
{
    "fields": {
        "model": "periodictask",
        "name": "periodic task",
        "app_label": "djcelery"
    },
    "model": "contenttypes.contenttype",
    "pk": 11
},
{
    "fields": {
        "model": "workerstate",
        "name": "worker",
        "app_label": "djcelery"
    },
    "model": "contenttypes.contenttype",
    "pk": 12
},
{
    "fields": {
        "model": "taskstate",
        "name": "task",
        "app_label": "djcelery"
    },
    "model": "contenttypes.contenttype",
    "pk": 13
},
{
    "fields": {
        "model": "user",
        "name": "user",
        "app_label": "id_counter"
    },
    "model": "contenttypes.contenttype",
    "pk": 14
},
{
    "fields": {
        "model": "graph",
        "name": "graph",
        "app_label": "graph"
    },
    "model": "contenttypes.contenttype",
    "pk": 15
},
{
    "fields": {
        "model": "node",
        "name": "node",
        "app_label": "graph"
    },
    "model": "contenttypes.contenttype",
    "pk": 16
},
{
    "fields": {
        "model": "playermodel",
        "name": "player model",
        "app_label": "graph"
    },
    "model": "contenttypes.contenttype",
    "pk": 17
},
{
    "fields": {
        "model": "player",
        "name": "player",
        "app_label": "graph"
    },
    "model": "contenttypes.contenttype",
    "pk": 18
},
{
    "fields": {
        "model": "edge",
        "name": "edge",
        "app_label": "graph"
    },
    "model": "contenttypes.contenttype",
    "pk": 19
},
{
    "fields": {
        "model": "path",
        "name": "path",
        "app_label": "graph"
    },
    "model": "contenttypes.contenttype",
    "pk": 20
},
{
    "fields": {
        "model": "pathflowassignment",
        "name": "path flow assignment",
        "app_label": "graph"
    },
    "model": "contenttypes.contenttype",
    "pk": 21
},
{
    "fields": {
        "model": "gameturn",
        "name": "game turn",
        "app_label": "graph"
    },
    "model": "contenttypes.contenttype",
    "pk": 22
},
{
    "fields": {
        "model": "flowdistribution",
        "name": "flow distribution",
        "app_label": "graph"
    },
    "model": "contenttypes.contenttype",
    "pk": 23
},
{
    "fields": {
        "model": "edgecost",
        "name": "edge cost",
        "app_label": "graph"
    },
    "model": "contenttypes.contenttype",
    "pk": 24
},
{
    "fields": {
        "model": "graphcost",
        "name": "graph cost",
        "app_label": "graph"
    },
    "model": "contenttypes.contenttype",
    "pk": 25
},
{
    "fields": {
        "model": "game",
        "name": "game",
        "app_label": "graph"
    },
    "model": "contenttypes.contenttype",
    "pk": 26
},
{
    "fields": {
        "model": "request",
        "name": "request",
        "app_label": "silk"
    },
    "model": "contenttypes.contenttype",
    "pk": 27
},
{
    "fields": {
        "model": "response",
        "name": "response",
        "app_label": "silk"
    },
    "model": "contenttypes.contenttype",
    "pk": 28
},
{
    "fields": {
        "model": "sqlquery",
        "name": "sql query",
        "app_label": "silk"
    },
    "model": "contenttypes.contenttype",
    "pk": 29
},
{
    "fields": {
        "model": "profile",
        "name": "profile",
        "app_label": "silk"
    },
    "model": "contenttypes.contenttype",
    "pk": 30
},
{
    "fields": {
        "expire_date": "2015-09-25T18:36:03.823Z",
        "session_data": "NzcxYzhiYTUxN2RiYmZhNDllMWI0ZDg4MWIxYWU0MzFmZjY5ZWJlMTp7Il9hdXRoX3VzZXJfaGFzaCI6ImU0MjI2ODFjMjIwNzE3NDg1NjQ2ZjAyY2RlODZiZTA3YmQ1ODQ5MGEiLCJfYXV0aF91c2VyX2JhY2tlbmQiOiJkamFuZ28uY29udHJpYi5hdXRoLmJhY2tlbmRzLk1vZGVsQmFja2VuZCIsIl9hdXRoX3VzZXJfaWQiOjR9"
    },
    "model": "sessions.session",
    "pk": "6nyozh2lu8iwvaihmwr023ftwwoipvp0"
},
{
    "fields": {
        "expire_date": "2015-09-25T17:17:26.932Z",
        "session_data": "MTU4M2Y1NWM1MGMwNmIyMTMyYzg0MzVkYmU4MGY1ZmM5ZDc0NWRmOTp7Il9hdXRoX3VzZXJfaGFzaCI6IjI1NDFhYTI3MzM1YzUzYTk3MmY5MDYyYzg0YmYwN2YxMWYwZTg0MDQiLCJfYXV0aF91c2VyX2JhY2tlbmQiOiJkamFuZ28uY29udHJpYi5hdXRoLmJhY2tlbmRzLk1vZGVsQmFja2VuZCIsIl9hdXRoX3VzZXJfaWQiOjF9"
    },
    "model": "sessions.session",
    "pk": "7cboh44gyuwan0ngrn5573om23n12ma0"
},
{
    "fields": {
        "expire_date": "2015-09-25T18:36:05.357Z",
        "session_data": "M2ZjNjgzZmMwOTc2MzQ4ODJkOTcyNzAwZDAwMGFiOTgwNjc3ODRkODp7Il9hdXRoX3VzZXJfaGFzaCI6IjU5N2JjZmJhZDgxODc5YTc3NWE3NTlhYzAxNzQwMDE3MGZhNmVjY2QiLCJfYXV0aF91c2VyX2JhY2tlbmQiOiJkamFuZ28uY29udHJpYi5hdXRoLmJhY2tlbmRzLk1vZGVsQmFja2VuZCIsIl9hdXRoX3VzZXJfaWQiOjZ9"
    },
    "model": "sessions.session",
    "pk": "hz94516juojfad7jbgin1ymw1348bl2k"
},
{
    "fields": {
        "expire_date": "2015-09-25T18:35:34.222Z",
        "session_data": "ZjRlMWI5OTgxZDA3OTlmNzczNjgxOTg0YjMyMmFhM2NiNmJiNzE5MDp7fQ=="
    },
    "model": "sessions.session",
    "pk": "jdst3kcvg6i3jyj5n371zni29zheh1b8"
},
{
    "fields": {
        "expire_date": "2015-09-25T18:35:57.100Z",
        "session_data": "NmM0YTVlM2ZkZTZlMWRkMWVlZWEwMDA4MzYzMTA2NmRiZGY1MzlkNjp7Il9hdXRoX3VzZXJfaGFzaCI6ImE4ZWM3N2Q0YzkzNzU1YzRiOWEzMDU4ZDg2Mzk2YmVhZTBmNmYyZDkiLCJfYXV0aF91c2VyX2JhY2tlbmQiOiJkamFuZ28uY29udHJpYi5hdXRoLmJhY2tlbmRzLk1vZGVsQmFja2VuZCIsIl9hdXRoX3VzZXJfaWQiOjV9"
    },
    "model": "sessions.session",
    "pk": "q6v1jitr0vjxx14l3mp15lb3nzk9inf6"
},
{
    "fields": {
        "expire_date": "2015-09-25T18:35:53.987Z",
        "session_data": "ZWIwYzdmMzZkYzMwMWUxY2FkOTdiZDIzNTk1OTJjMzExNmZiODdkMzp7Il9hdXRoX3VzZXJfaGFzaCI6ImVmMGQxMWU1ZDg3ODAzYmNlYmI4NmQzNTZlZGIzYmRjYjNhNDE3ODYiLCJfYXV0aF91c2VyX2JhY2tlbmQiOiJkamFuZ28uY29udHJpYi5hdXRoLmJhY2tlbmRzLk1vZGVsQmFja2VuZCIsIl9hdXRoX3VzZXJfaWQiOjJ9"
    },
    "model": "sessions.session",
    "pk": "rf3lja5ovwi1oyfm110tswcfqtpt7cv4"
},
{
    "fields": {
        "expire_date": "2015-09-25T18:35:54.730Z",
        "session_data": "N2ZkYjI4MTk3YTM1OTYyYjg2YjkyMjg2MmFkNWVjMWViOGU3MTQ2Yzp7Il9hdXRoX3VzZXJfaGFzaCI6IjA2NDkzMGVmYzAzMzBkYjNmOTIzZTczZWYyMDI0YmI5ODJkMzRiYTUiLCJfYXV0aF91c2VyX2JhY2tlbmQiOiJkamFuZ28uY29udHJpYi5hdXRoLmJhY2tlbmRzLk1vZGVsQmFja2VuZCIsIl9hdXRoX3VzZXJfaWQiOjN9"
    },
    "model": "sessions.session",
    "pk": "t2q0jv4jd1hskijjh4m3rkt0rq013jyd"
},
{
    "fields": {
        "expire_date": "2015-09-25T18:35:42.558Z",
        "session_data": "MTU4M2Y1NWM1MGMwNmIyMTMyYzg0MzVkYmU4MGY1ZmM5ZDc0NWRmOTp7Il9hdXRoX3VzZXJfaGFzaCI6IjI1NDFhYTI3MzM1YzUzYTk3MmY5MDYyYzg0YmYwN2YxMWYwZTg0MDQiLCJfYXV0aF91c2VyX2JhY2tlbmQiOiJkamFuZ28uY29udHJpYi5hdXRoLmJhY2tlbmRzLk1vZGVsQmFja2VuZCIsIl9hdXRoX3VzZXJfaWQiOjF9"
    },
    "model": "sessions.session",
    "pk": "vbmp19iev92gf9v6p3ugon3mko2utirg"
},
{
    "fields": {
        "expire_date": "2015-09-25T18:35:33.971Z",
        "session_data": "ZjRlMWI5OTgxZDA3OTlmNzczNjgxOTg0YjMyMmFhM2NiNmJiNzE5MDp7fQ=="
    },
    "model": "sessions.session",
    "pk": "x1kn4d7hdpuxk3uj7gkwihla59mv04zk"
},
{
    "fields": {
        "graph_ui": "{\"graph\": \"g1\", \"nodes\": [{\"index\": 0, \"reflexive\": false, \"weight\": 2, \"px\": 72, \"py\": 81, \"y\": 81, \"x\": 72, \"id\": 1}, {\"index\": 1, \"reflexive\": false, \"weight\": 2, \"px\": 63, \"py\": 207, \"y\": 207, \"x\": 63, \"id\": 2}, {\"index\": 2, \"reflexive\": false, \"weight\": 4, \"px\": 177, \"py\": 105, \"y\": 105, \"x\": 177, \"id\": 3}, {\"index\": 3, \"reflexive\": false, \"weight\": 3, \"px\": 175, \"py\": 193, \"y\": 193, \"x\": 175, \"id\": 4}, {\"index\": 4, \"reflexive\": false, \"weight\": 4, \"px\": 277, \"py\": 106, \"y\": 106, \"x\": 277, \"id\": 5}, {\"index\": 5, \"reflexive\": false, \"weight\": 4, \"px\": 276, \"py\": 195, \"y\": 195, \"x\": 276, \"id\": 6}, {\"index\": 6, \"reflexive\": false, \"weight\": 3, \"px\": 386, \"py\": 52.999996185302734, \"y\": 52.999996185302734, \"x\": 386, \"id\": 7}, {\"index\": 7, \"reflexive\": false, \"weight\": 2, \"px\": 466, \"py\": 114, \"y\": 114, \"x\": 466, \"id\": 8}, {\"index\": 8, \"reflexive\": false, \"weight\": 2, \"px\": 412, \"py\": 215, \"y\": 215, \"x\": 412, \"id\": 9}], \"links\": [{\"id\": \"182175f053c3703cb8d33b8a8425f647\", \"source\": {\"index\": 0, \"reflexive\": false, \"weight\": 2, \"px\": 72, \"py\": 81, \"y\": 81, \"x\": 72, \"id\": 1}, \"right\": true, \"target\": {\"index\": 2, \"reflexive\": false, \"weight\": 4, \"px\": 177, \"py\": 105, \"y\": 105, \"x\": 177, \"id\": 3}, \"left\": false}, {\"id\": \"60dc0a497c04648c9e4641bd18c17b04\", \"source\": {\"index\": 0, \"reflexive\": false, \"weight\": 2, \"px\": 72, \"py\": 81, \"y\": 81, \"x\": 72, \"id\": 1}, \"right\": true, \"target\": {\"index\": 3, \"reflexive\": false, \"weight\": 3, \"px\": 175, \"py\": 193, \"y\": 193, \"x\": 175, \"id\": 4}, \"left\": false}, {\"id\": \"fa87b1d9062a52fa051e7db856781a26\", \"source\": {\"index\": 1, \"reflexive\": false, \"weight\": 2, \"px\": 63, \"py\": 207, \"y\": 207, \"x\": 63, \"id\": 2}, \"right\": true, \"target\": {\"index\": 3, \"reflexive\": false, \"weight\": 3, \"px\": 175, \"py\": 193, \"y\": 193, \"x\": 175, \"id\": 4}, \"left\": false}, {\"id\": \"b81e5815c9ad0e911fcae8ce6542ce68\", \"source\": {\"index\": 1, \"reflexive\": false, \"weight\": 2, \"px\": 63, \"py\": 207, \"y\": 207, \"x\": 63, \"id\": 2}, \"right\": true, \"target\": {\"index\": 2, \"reflexive\": false, \"weight\": 4, \"px\": 177, \"py\": 105, \"y\": 105, \"x\": 177, \"id\": 3}, \"left\": false}, {\"id\": \"3c8b3e83bef2492e3a4ce8ca52d51591\", \"source\": {\"index\": 2, \"reflexive\": false, \"weight\": 4, \"px\": 177, \"py\": 105, \"y\": 105, \"x\": 177, \"id\": 3}, \"right\": true, \"target\": {\"index\": 4, \"reflexive\": false, \"weight\": 4, \"px\": 277, \"py\": 106, \"y\": 106, \"x\": 277, \"id\": 5}, \"left\": false}, {\"id\": \"01180e3f595f64bd0fccad5f7d2a73be\", \"source\": {\"index\": 2, \"reflexive\": false, \"weight\": 4, \"px\": 177, \"py\": 105, \"y\": 105, \"x\": 177, \"id\": 3}, \"right\": true, \"target\": {\"index\": 5, \"reflexive\": false, \"weight\": 4, \"px\": 276, \"py\": 195, \"y\": 195, \"x\": 276, \"id\": 6}, \"left\": false}, {\"id\": \"d2139601f439afc2d48ccc82a655eec9\", \"source\": {\"index\": 3, \"reflexive\": false, \"weight\": 3, \"px\": 175, \"py\": 193, \"y\": 193, \"x\": 175, \"id\": 4}, \"right\": true, \"target\": {\"index\": 5, \"reflexive\": false, \"weight\": 4, \"px\": 276, \"py\": 195, \"y\": 195, \"x\": 276, \"id\": 6}, \"left\": false}, {\"id\": \"be20b37134dc0fe6c75fa9314fe7adce\", \"source\": {\"index\": 4, \"reflexive\": false, \"weight\": 4, \"px\": 277, \"py\": 106, \"y\": 106, \"x\": 277, \"id\": 5}, \"right\": true, \"target\": {\"index\": 6, \"reflexive\": false, \"weight\": 3, \"px\": 386, \"py\": 52.999996185302734, \"y\": 52.999996185302734, \"x\": 386, \"id\": 7}, \"left\": false}, {\"id\": \"187f70636347316d2626d5edc4548ef2\", \"source\": {\"index\": 6, \"reflexive\": false, \"weight\": 3, \"px\": 386, \"py\": 52.999996185302734, \"y\": 52.999996185302734, \"x\": 386, \"id\": 7}, \"right\": true, \"target\": {\"index\": 7, \"reflexive\": false, \"weight\": 2, \"px\": 466, \"py\": 114, \"y\": 114, \"x\": 466, \"id\": 8}, \"left\": false}, {\"id\": \"cdff64e531121d7e2da47c95529415de\", \"source\": {\"index\": 4, \"reflexive\": false, \"weight\": 4, \"px\": 277, \"py\": 106, \"y\": 106, \"x\": 277, \"id\": 5}, \"right\": true, \"target\": {\"index\": 7, \"reflexive\": false, \"weight\": 2, \"px\": 466, \"py\": 114, \"y\": 114, \"x\": 466, \"id\": 8}, \"left\": false}, {\"id\": \"301c5a0c06642fbe79661af6fb1a0896\", \"source\": {\"index\": 4, \"reflexive\": false, \"weight\": 4, \"px\": 277, \"py\": 106, \"y\": 106, \"x\": 277, \"id\": 5}, \"right\": true, \"target\": {\"index\": 8, \"reflexive\": false, \"weight\": 2, \"px\": 412, \"py\": 215, \"y\": 215, \"x\": 412, \"id\": 9}, \"left\": false}, {\"id\": \"f989b13a4792dd7eb3d47a078a7b446c\", \"source\": {\"index\": 5, \"reflexive\": false, \"weight\": 4, \"px\": 276, \"py\": 195, \"y\": 195, \"x\": 276, \"id\": 6}, \"right\": true, \"target\": {\"index\": 6, \"reflexive\": false, \"weight\": 3, \"px\": 386, \"py\": 52.999996185302734, \"y\": 52.999996185302734, \"x\": 386, \"id\": 7}, \"left\": false}, {\"id\": \"14812841179217cfdb6e63d0ffbef319\", \"source\": {\"index\": 5, \"reflexive\": false, \"weight\": 4, \"px\": 276, \"py\": 195, \"y\": 195, \"x\": 276, \"id\": 6}, \"right\": true, \"target\": {\"index\": 8, \"reflexive\": false, \"weight\": 2, \"px\": 412, \"py\": 215, \"y\": 215, \"x\": 412, \"id\": 9}, \"left\": false}]}"
    },
    "model": "graph.graph",
    "pk": "g1"
},
{
    "fields": {
        "graph": "g1",
        "ui_id": 6
    },
    "model": "graph.node",
    "pk": "0ade01f2-596d-4b1f-a566-5d11ce31d333"
},
{
    "fields": {
        "graph": "g1",
        "ui_id": 9
    },
    "model": "graph.node",
    "pk": "34053c3e-8051-4565-a7f9-dcade5d98455"
},
{
    "fields": {
        "graph": "g1",
        "ui_id": 1
    },
    "model": "graph.node",
    "pk": "37db0c1b-3927-4038-8662-9df83f672294"
},
{
    "fields": {
        "graph": "g1",
        "ui_id": 5
    },
    "model": "graph.node",
    "pk": "63cce2e2-f171-4fa5-a9f3-e478d1f7efb8"
},
{
    "fields": {
        "graph": "g1",
        "ui_id": 8
    },
    "model": "graph.node",
    "pk": "91099ee6-8ccf-4629-aac9-094780d5ddb3"
},
{
    "fields": {
        "graph": "g1",
        "ui_id": 2
    },
    "model": "graph.node",
    "pk": "b781dd23-1ac1-4990-8109-0b2dea92b64c"
},
{
    "fields": {
        "graph": "g1",
        "ui_id": 3
    },
    "model": "graph.node",
    "pk": "bc596ac8-b2a6-433c-957d-e7123d8bbb73"
},
{
    "fields": {
        "graph": "g1",
        "ui_id": 7
    },
    "model": "graph.node",
    "pk": "d2ca30e4-2819-4c1b-8f7c-a58985f988ce"
},
{
    "fields": {
        "graph": "g1",
        "ui_id": 4
    },
    "model": "graph.node",
    "pk": "d8c376b4-3a88-4ea1-afc6-309416842e0f"
},
{
    "fields": {
        "destination_node": "91099ee6-8ccf-4629-aac9-094780d5ddb3",
        "graph": "g1",
        "in_use": true,
        "flow": 1.0,
        "normalization_const": 6.17591157819229,
        "start_node": "37db0c1b-3927-4038-8662-9df83f672294"
    },
    "model": "graph.playermodel",
    "pk": "m1"
},
{
    "fields": {
        "destination_node": "34053c3e-8051-4565-a7f9-dcade5d98455",
        "graph": "g1",
        "in_use": true,
        "flow": 1.0,
        "normalization_const": 6.53309435681335,
        "start_node": "37db0c1b-3927-4038-8662-9df83f672294"
    },
    "model": "graph.playermodel",
    "pk": "m2"
},
{
    "fields": {
        "destination_node": "91099ee6-8ccf-4629-aac9-094780d5ddb3",
        "graph": "g1",
        "in_use": true,
        "flow": 1.0,
        "normalization_const": 6.17492388750924,
        "start_node": "b781dd23-1ac1-4990-8109-0b2dea92b64c"
    },
    "model": "graph.playermodel",
    "pk": "m3"
},
{
    "fields": {
        "destination_node": "34053c3e-8051-4565-a7f9-dcade5d98455",
        "graph": "g1",
        "in_use": true,
        "flow": 1.0,
        "normalization_const": 6.53396190388995,
        "start_node": "b781dd23-1ac1-4990-8109-0b2dea92b64c"
    },
    "model": "graph.playermodel",
    "pk": "m4"
},
{
    "fields": {
        "destination_node": "91099ee6-8ccf-4629-aac9-094780d5ddb3",
        "graph": "g1",
        "in_use": true,
        "flow": 1.0,
        "normalization_const": 4.12980325714566,
        "start_node": "bc596ac8-b2a6-433c-957d-e7123d8bbb73"
    },
    "model": "graph.playermodel",
    "pk": "m5"
},
{
    "fields": {
        "graph": "g1",
        "cost_function": "x",
        "to_node": "0ade01f2-596d-4b1f-a566-5d11ce31d333",
        "from_node": "bc596ac8-b2a6-433c-957d-e7123d8bbb73"
    },
    "model": "graph.edge",
    "pk": "01180e3f595f64bd0fccad5f7d2a73be"
},
{
    "fields": {
        "graph": "g1",
        "cost_function": "1+x",
        "to_node": "34053c3e-8051-4565-a7f9-dcade5d98455",
        "from_node": "0ade01f2-596d-4b1f-a566-5d11ce31d333"
    },
    "model": "graph.edge",
    "pk": "14812841179217cfdb6e63d0ffbef319"
},
{
    "fields": {
        "graph": "g1",
        "cost_function": "x+.5",
        "to_node": "bc596ac8-b2a6-433c-957d-e7123d8bbb73",
        "from_node": "37db0c1b-3927-4038-8662-9df83f672294"
    },
    "model": "graph.edge",
    "pk": "182175f053c3703cb8d33b8a8425f647"
},
{
    "fields": {
        "graph": "g1",
        "cost_function": ".25+.25*x",
        "to_node": "91099ee6-8ccf-4629-aac9-094780d5ddb3",
        "from_node": "d2ca30e4-2819-4c1b-8f7c-a58985f988ce"
    },
    "model": "graph.edge",
    "pk": "187f70636347316d2626d5edc4548ef2"
},
{
    "fields": {
        "graph": "g1",
        "cost_function": "1+x",
        "to_node": "34053c3e-8051-4565-a7f9-dcade5d98455",
        "from_node": "63cce2e2-f171-4fa5-a9f3-e478d1f7efb8"
    },
    "model": "graph.edge",
    "pk": "301c5a0c06642fbe79661af6fb1a0896"
},
{
    "fields": {
        "graph": "g1",
        "cost_function": "2*x",
        "to_node": "63cce2e2-f171-4fa5-a9f3-e478d1f7efb8",
        "from_node": "bc596ac8-b2a6-433c-957d-e7123d8bbb73"
    },
    "model": "graph.edge",
    "pk": "3c8b3e83bef2492e3a4ce8ca52d51591"
},
{
    "fields": {
        "graph": "g1",
        "cost_function": "x+1",
        "to_node": "d8c376b4-3a88-4ea1-afc6-309416842e0f",
        "from_node": "37db0c1b-3927-4038-8662-9df83f672294"
    },
    "model": "graph.edge",
    "pk": "60dc0a497c04648c9e4641bd18c17b04"
},
{
    "fields": {
        "graph": "g1",
        "cost_function": "x+1",
        "to_node": "bc596ac8-b2a6-433c-957d-e7123d8bbb73",
        "from_node": "b781dd23-1ac1-4990-8109-0b2dea92b64c"
    },
    "model": "graph.edge",
    "pk": "b81e5815c9ad0e911fcae8ce6542ce68"
},
{
    "fields": {
        "graph": "g1",
        "cost_function": ".5+0*x",
        "to_node": "d2ca30e4-2819-4c1b-8f7c-a58985f988ce",
        "from_node": "63cce2e2-f171-4fa5-a9f3-e478d1f7efb8"
    },
    "model": "graph.edge",
    "pk": "be20b37134dc0fe6c75fa9314fe7adce"
},
{
    "fields": {
        "graph": "g1",
        "cost_function": "1+x",
        "to_node": "91099ee6-8ccf-4629-aac9-094780d5ddb3",
        "from_node": "63cce2e2-f171-4fa5-a9f3-e478d1f7efb8"
    },
    "model": "graph.edge",
    "pk": "cdff64e531121d7e2da47c95529415de"
},
{
    "fields": {
        "graph": "g1",
        "cost_function": "2*x",
        "to_node": "0ade01f2-596d-4b1f-a566-5d11ce31d333",
        "from_node": "d8c376b4-3a88-4ea1-afc6-309416842e0f"
    },
    "model": "graph.edge",
    "pk": "d2139601f439afc2d48ccc82a655eec9"
},
{
    "fields": {
        "graph": "g1",
        "cost_function": "1+0*x",
        "to_node": "d2ca30e4-2819-4c1b-8f7c-a58985f988ce",
        "from_node": "0ade01f2-596d-4b1f-a566-5d11ce31d333"
    },
    "model": "graph.edge",
    "pk": "f989b13a4792dd7eb3d47a078a7b446c"
},
{
    "fields": {
        "graph": "g1",
        "cost_function": "x+.5",
        "to_node": "d8c376b4-3a88-4ea1-afc6-309416842e0f",
        "from_node": "b781dd23-1ac1-4990-8109-0b2dea92b64c"
    },
    "model": "graph.edge",
    "pk": "fa87b1d9062a52fa051e7db856781a26"
},
{
    "fields": {
        "graph": "g1",
        "edges": [
            "182175f053c3703cb8d33b8a8425f647",
            "3c8b3e83bef2492e3a4ce8ca52d51591",
            "cdff64e531121d7e2da47c95529415de"
        ],
        "player_model": "m1"
    },
    "model": "graph.path",
    "pk": 1
},
{
    "fields": {
        "graph": "g1",
        "edges": [
            "182175f053c3703cb8d33b8a8425f647",
            "187f70636347316d2626d5edc4548ef2",
            "3c8b3e83bef2492e3a4ce8ca52d51591",
            "be20b37134dc0fe6c75fa9314fe7adce"
        ],
        "player_model": "m1"
    },
    "model": "graph.path",
    "pk": 2
},
{
    "fields": {
        "graph": "g1",
        "edges": [
            "01180e3f595f64bd0fccad5f7d2a73be",
            "182175f053c3703cb8d33b8a8425f647",
            "187f70636347316d2626d5edc4548ef2",
            "f989b13a4792dd7eb3d47a078a7b446c"
        ],
        "player_model": "m1"
    },
    "model": "graph.path",
    "pk": 3
},
{
    "fields": {
        "graph": "g1",
        "edges": [
            "187f70636347316d2626d5edc4548ef2",
            "60dc0a497c04648c9e4641bd18c17b04",
            "d2139601f439afc2d48ccc82a655eec9",
            "f989b13a4792dd7eb3d47a078a7b446c"
        ],
        "player_model": "m1"
    },
    "model": "graph.path",
    "pk": 4
},
{
    "fields": {
        "graph": "g1",
        "edges": [
            "182175f053c3703cb8d33b8a8425f647",
            "301c5a0c06642fbe79661af6fb1a0896",
            "3c8b3e83bef2492e3a4ce8ca52d51591"
        ],
        "player_model": "m2"
    },
    "model": "graph.path",
    "pk": 5
},
{
    "fields": {
        "graph": "g1",
        "edges": [
            "01180e3f595f64bd0fccad5f7d2a73be",
            "14812841179217cfdb6e63d0ffbef319",
            "182175f053c3703cb8d33b8a8425f647"
        ],
        "player_model": "m2"
    },
    "model": "graph.path",
    "pk": 6
},
{
    "fields": {
        "graph": "g1",
        "edges": [
            "14812841179217cfdb6e63d0ffbef319",
            "60dc0a497c04648c9e4641bd18c17b04",
            "d2139601f439afc2d48ccc82a655eec9"
        ],
        "player_model": "m2"
    },
    "model": "graph.path",
    "pk": 7
},
{
    "fields": {
        "graph": "g1",
        "edges": [
            "3c8b3e83bef2492e3a4ce8ca52d51591",
            "b81e5815c9ad0e911fcae8ce6542ce68",
            "cdff64e531121d7e2da47c95529415de"
        ],
        "player_model": "m3"
    },
    "model": "graph.path",
    "pk": 8
},
{
    "fields": {
        "graph": "g1",
        "edges": [
            "187f70636347316d2626d5edc4548ef2",
            "3c8b3e83bef2492e3a4ce8ca52d51591",
            "b81e5815c9ad0e911fcae8ce6542ce68",
            "be20b37134dc0fe6c75fa9314fe7adce"
        ],
        "player_model": "m3"
    },
    "model": "graph.path",
    "pk": 9
},
{
    "fields": {
        "graph": "g1",
        "edges": [
            "01180e3f595f64bd0fccad5f7d2a73be",
            "187f70636347316d2626d5edc4548ef2",
            "b81e5815c9ad0e911fcae8ce6542ce68",
            "f989b13a4792dd7eb3d47a078a7b446c"
        ],
        "player_model": "m3"
    },
    "model": "graph.path",
    "pk": 10
},
{
    "fields": {
        "graph": "g1",
        "edges": [
            "187f70636347316d2626d5edc4548ef2",
            "d2139601f439afc2d48ccc82a655eec9",
            "f989b13a4792dd7eb3d47a078a7b446c",
            "fa87b1d9062a52fa051e7db856781a26"
        ],
        "player_model": "m3"
    },
    "model": "graph.path",
    "pk": 11
},
{
    "fields": {
        "graph": "g1",
        "edges": [
            "301c5a0c06642fbe79661af6fb1a0896",
            "3c8b3e83bef2492e3a4ce8ca52d51591",
            "b81e5815c9ad0e911fcae8ce6542ce68"
        ],
        "player_model": "m4"
    },
    "model": "graph.path",
    "pk": 12
},
{
    "fields": {
        "graph": "g1",
        "edges": [
            "01180e3f595f64bd0fccad5f7d2a73be",
            "14812841179217cfdb6e63d0ffbef319",
            "b81e5815c9ad0e911fcae8ce6542ce68"
        ],
        "player_model": "m4"
    },
    "model": "graph.path",
    "pk": 13
},
{
    "fields": {
        "graph": "g1",
        "edges": [
            "14812841179217cfdb6e63d0ffbef319",
            "d2139601f439afc2d48ccc82a655eec9",
            "fa87b1d9062a52fa051e7db856781a26"
        ],
        "player_model": "m4"
    },
    "model": "graph.path",
    "pk": 14
},
{
    "fields": {
        "graph": "g1",
        "edges": [
            "cdff64e531121d7e2da47c95529415de",
            "3c8b3e83bef2492e3a4ce8ca52d51591"
        ],
        "player_model": "m5"
    },
    "model": "graph.path",
    "pk": 15
},
{
    "fields": {
        "graph": "g1",
        "edges": [
            "187f70636347316d2626d5edc4548ef2",
            "3c8b3e83bef2492e3a4ce8ca52d51591",
            "be20b37134dc0fe6c75fa9314fe7adce"
        ],
        "player_model": "m5"
    },
    "model": "graph.path",
    "pk": 16
},
{
    "fields": {
        "graph": "g1",
        "edges": [
            "01180e3f595f64bd0fccad5f7d2a73be",
            "187f70636347316d2626d5edc4548ef2",
            "f989b13a4792dd7eb3d47a078a7b446c"
        ],
        "player_model": "m5"
    },
    "model": "graph.path",
    "pk": 17
},
{
    "fields": {
        "path": 4,
        "flow": 0.25
    },
    "model": "graph.pathflowassignment",
    "pk": 1
},
{
    "fields": {
        "path": 3,
        "flow": 0.25
    },
    "model": "graph.pathflowassignment",
    "pk": 2
},
{
    "fields": {
        "path": 2,
        "flow": 0.25
    },
    "model": "graph.pathflowassignment",
    "pk": 3
},
{
    "fields": {
        "path": 1,
        "flow": 0.25
    },
    "model": "graph.pathflowassignment",
    "pk": 4
},
{
    "fields": {
        "path": 7,
        "flow": 0.333333333333333
    },
    "model": "graph.pathflowassignment",
    "pk": 5
},
{
    "fields": {
        "path": 6,
        "flow": 0.333333333333333
    },
    "model": "graph.pathflowassignment",
    "pk": 6
},
{
    "fields": {
        "path": 5,
        "flow": 0.333333333333333
    },
    "model": "graph.pathflowassignment",
    "pk": 7
},
{
    "fields": {
        "path": 11,
        "flow": 0.25
    },
    "model": "graph.pathflowassignment",
    "pk": 8
},
{
    "fields": {
        "path": 10,
        "flow": 0.25
    },
    "model": "graph.pathflowassignment",
    "pk": 9
},
{
    "fields": {
        "path": 9,
        "flow": 0.25
    },
    "model": "graph.pathflowassignment",
    "pk": 10
},
{
    "fields": {
        "path": 8,
        "flow": 0.25
    },
    "model": "graph.pathflowassignment",
    "pk": 11
},
{
    "fields": {
        "path": 14,
        "flow": 0.333333333333333
    },
    "model": "graph.pathflowassignment",
    "pk": 12
},
{
    "fields": {
        "path": 13,
        "flow": 0.333333333333333
    },
    "model": "graph.pathflowassignment",
    "pk": 13
},
{
    "fields": {
        "path": 12,
        "flow": 0.333333333333333
    },
    "model": "graph.pathflowassignment",
    "pk": 14
},
{
    "fields": {
        "path": 17,
        "flow": 0.333333333333333
    },
    "model": "graph.pathflowassignment",
    "pk": 15
},
{
    "fields": {
        "path": 16,
        "flow": 0.333333333333333
    },
    "model": "graph.pathflowassignment",
    "pk": 16
},
{
    "fields": {
        "path": 15,
        "flow": 0.333333333333333
    },
    "model": "graph.pathflowassignment",
    "pk": 17
},
{
    "fields": {
        "path": 4,
        "flow": 0.267676880239007
    },
    "model": "graph.pathflowassignment",
    "pk": 18
},
{
    "fields": {
        "path": 3,
        "flow": 0.727621199452286
    },
    "model": "graph.pathflowassignment",
    "pk": 19
},
{
    "fields": {
        "path": 2,
        "flow": 0.00351291876540734
    },
    "model": "graph.pathflowassignment",
    "pk": 20
},
{
    "fields": {
        "path": 1,
        "flow": 0.00118900154329905
    },
    "model": "graph.pathflowassignment",
    "pk": 21
},
{
    "fields": {
        "path": 7,
        "flow": 0.377087434730701
    },
    "model": "graph.pathflowassignment",
    "pk": 22
},
{
    "fields": {
        "path": 6,
        "flow": 0.484189850507797
    },
    "model": "graph.pathflowassignment",
    "pk": 23
},
{
    "fields": {
        "path": 5,
        "flow": 0.138722714761502
    },
    "model": "graph.pathflowassignment",
    "pk": 24
},
{
    "fields": {
        "path": 11,
        "flow": 0.43749822181306
    },
    "model": "graph.pathflowassignment",
    "pk": 25
},
{
    "fields": {
        "path": 10,
        "flow": 0.354629166241635
    },
    "model": "graph.pathflowassignment",
    "pk": 26
},
{
    "fields": {
        "path": 9,
        "flow": 0.115708331528661
    },
    "model": "graph.pathflowassignment",
    "pk": 27
},
{
    "fields": {
        "path": 8,
        "flow": 0.0921642804166436
    },
    "model": "graph.pathflowassignment",
    "pk": 28
},
{
    "fields": {
        "path": 14,
        "flow": 0.603748896148628
    },
    "model": "graph.pathflowassignment",
    "pk": 29
},
{
    "fields": {
        "path": 13,
        "flow": 0.366192216281798
    },
    "model": "graph.pathflowassignment",
    "pk": 30
},
{
    "fields": {
        "path": 12,
        "flow": 0.0300588875695738
    },
    "model": "graph.pathflowassignment",
    "pk": 31
},
{
    "fields": {
        "path": 17,
        "flow": 0.333333333333333
    },
    "model": "graph.pathflowassignment",
    "pk": 32
},
{
    "fields": {
        "path": 16,
        "flow": 0.333333333333333
    },
    "model": "graph.pathflowassignment",
    "pk": 33
},
{
    "fields": {
        "path": 15,
        "flow": 0.333333333333333
    },
    "model": "graph.pathflowassignment",
    "pk": 34
},
{
    "fields": {
        "path": 4,
        "flow": 0.0793367838450545
    },
    "model": "graph.pathflowassignment",
    "pk": 35
},
{
    "fields": {
        "path": 3,
        "flow": 0.90382795070665
    },
    "model": "graph.pathflowassignment",
    "pk": 36
},
{
    "fields": {
        "path": 2,
        "flow": 0.0127455320548575
    },
    "model": "graph.pathflowassignment",
    "pk": 37
},
{
    "fields": {
        "path": 1,
        "flow": 0.00408973339343812
    },
    "model": "graph.pathflowassignment",
    "pk": 38
},
{
    "fields": {
        "path": 7,
        "flow": 0.196543768995377
    },
    "model": "graph.pathflowassignment",
    "pk": 39
},
{
    "fields": {
        "path": 6,
        "flow": 0.431918356849863
    },
    "model": "graph.pathflowassignment",
    "pk": 40
},
{
    "fields": {
        "path": 5,
        "flow": 0.37153787415476
    },
    "model": "graph.pathflowassignment",
    "pk": 41
},
{
    "fields": {
        "path": 11,
        "flow": 0.34271593459666
    },
    "model": "graph.pathflowassignment",
    "pk": 42
},
{
    "fields": {
        "path": 10,
        "flow": 0.3709597222931
    },
    "model": "graph.pathflowassignment",
    "pk": 43
},
{
    "fields": {
        "path": 9,
        "flow": 0.160366210944719
    },
    "model": "graph.pathflowassignment",
    "pk": 44
},
{
    "fields": {
        "path": 8,
        "flow": 0.125958132165521
    },
    "model": "graph.pathflowassignment",
    "pk": 45
},
{
    "fields": {
        "path": 14,
        "flow": 0.10638123249067
    },
    "model": "graph.pathflowassignment",
    "pk": 46
},
{
    "fields": {
        "path": 13,
        "flow": 0.240365873980874
    },
    "model": "graph.pathflowassignment",
    "pk": 47
},
{
    "fields": {
        "path": 12,
        "flow": 0.653252893528456
    },
    "model": "graph.pathflowassignment",
    "pk": 48
},
{
    "fields": {
        "path": 17,
        "flow": 0.119183444781259
    },
    "model": "graph.pathflowassignment",
    "pk": 49
},
{
    "fields": {
        "path": 16,
        "flow": 0.455094088529009
    },
    "model": "graph.pathflowassignment",
    "pk": 50
},
{
    "fields": {
        "path": 15,
        "flow": 0.425722466689732
    },
    "model": "graph.pathflowassignment",
    "pk": 51
},
{
    "fields": {
        "path": 4,
        "flow": 0.40493414588548
    },
    "model": "graph.pathflowassignment",
    "pk": 52
},
{
    "fields": {
        "path": 3,
        "flow": 0.594140396088022
    },
    "model": "graph.pathflowassignment",
    "pk": 53
},
{
    "fields": {
        "path": 2,
        "flow": 0.000741176366245056
    },
    "model": "graph.pathflowassignment",
    "pk": 54
},
{
    "fields": {
        "path": 1,
        "flow": 0.00018428166025323
    },
    "model": "graph.pathflowassignment",
    "pk": 55
},
{
    "fields": {
        "path": 7,
        "flow": 0.53971948368832
    },
    "model": "graph.pathflowassignment",
    "pk": 56
},
{
    "fields": {
        "path": 6,
        "flow": 0.396717234870527
    },
    "model": "graph.pathflowassignment",
    "pk": 57
},
{
    "fields": {
        "path": 5,
        "flow": 0.0635632814411527
    },
    "model": "graph.pathflowassignment",
    "pk": 58
},
{
    "fields": {
        "path": 11,
        "flow": 0.500139831385028
    },
    "model": "graph.pathflowassignment",
    "pk": 59
},
{
    "fields": {
        "path": 10,
        "flow": 0.332319235593404
    },
    "model": "graph.pathflowassignment",
    "pk": 60
},
{
    "fields": {
        "path": 9,
        "flow": 0.0956008153686919
    },
    "model": "graph.pathflowassignment",
    "pk": 61
},
{
    "fields": {
        "path": 8,
        "flow": 0.0719401176528756
    },
    "model": "graph.pathflowassignment",
    "pk": 62
},
{
    "fields": {
        "path": 14,
        "flow": 0.967520023865491
    },
    "model": "graph.pathflowassignment",
    "pk": 63
},
{
    "fields": {
        "path": 13,
        "flow": 0.0316041197455156
    },
    "model": "graph.pathflowassignment",
    "pk": 64
},
{
    "fields": {
        "path": 12,
        "flow": 0.000875856388992919
    },
    "model": "graph.pathflowassignment",
    "pk": 65
},
{
    "fields": {
        "path": 17,
        "flow": 0.119183451205755
    },
    "model": "graph.pathflowassignment",
    "pk": 66
},
{
    "fields": {
        "path": 16,
        "flow": 0.455094084876186
    },
    "model": "graph.pathflowassignment",
    "pk": 67
},
{
    "fields": {
        "path": 15,
        "flow": 0.425722463918058
    },
    "model": "graph.pathflowassignment",
    "pk": 68
},
{
    "fields": {
        "path": 4,
        "flow": 0.404934139688114
    },
    "model": "graph.pathflowassignment",
    "pk": 69
},
{
    "fields": {
        "path": 3,
        "flow": 0.594140382322407
    },
    "model": "graph.pathflowassignment",
    "pk": 70
},
{
    "fields": {
        "path": 2,
        "flow": 0.000741186336597602
    },
    "model": "graph.pathflowassignment",
    "pk": 71
},
{
    "fields": {
        "path": 1,
        "flow": 0.000184291652881564
    },
    "model": "graph.pathflowassignment",
    "pk": 72
},
{
    "fields": {
        "path": 7,
        "flow": 0.0989721939968899
    },
    "model": "graph.pathflowassignment",
    "pk": 73
},
{
    "fields": {
        "path": 6,
        "flow": 0.686080567157352
    },
    "model": "graph.pathflowassignment",
    "pk": 74
},
{
    "fields": {
        "path": 5,
        "flow": 0.214947238845758
    },
    "model": "graph.pathflowassignment",
    "pk": 75
},
{
    "fields": {
        "path": 11,
        "flow": 0.323756270219907
    },
    "model": "graph.pathflowassignment",
    "pk": 76
},
{
    "fields": {
        "path": 10,
        "flow": 0.458699713378155
    },
    "model": "graph.pathflowassignment",
    "pk": 77
},
{
    "fields": {
        "path": 9,
        "flow": 0.125434686493605
    },
    "model": "graph.pathflowassignment",
    "pk": 78
},
{
    "fields": {
        "path": 8,
        "flow": 0.0921093299083331
    },
    "model": "graph.pathflowassignment",
    "pk": 79
},
{
    "fields": {
        "path": 14,
        "flow": 0.886571724549459
    },
    "model": "graph.pathflowassignment",
    "pk": 80
},
{
    "fields": {
        "path": 13,
        "flow": 0.108962902841979
    },
    "model": "graph.pathflowassignment",
    "pk": 81
},
{
    "fields": {
        "path": 12,
        "flow": 0.00446537260856273
    },
    "model": "graph.pathflowassignment",
    "pk": 82
},
{
    "fields": {
        "path": 17,
        "flow": 0.200619244720987
    },
    "model": "graph.pathflowassignment",
    "pk": 83
},
{
    "fields": {
        "path": 16,
        "flow": 0.461411178965035
    },
    "model": "graph.pathflowassignment",
    "pk": 84
},
{
    "fields": {
        "path": 15,
        "flow": 0.337969576313978
    },
    "model": "graph.pathflowassignment",
    "pk": 85
},
{
    "fields": {
        "path": 4,
        "flow": 0.23432579414387
    },
    "model": "graph.pathflowassignment",
    "pk": 86
},
{
    "fields": {
        "path": 3,
        "flow": 0.764409984219358
    },
    "model": "graph.pathflowassignment",
    "pk": 87
},
{
    "fields": {
        "path": 2,
        "flow": 0.00101926143724163
    },
    "model": "graph.pathflowassignment",
    "pk": 88
},
{
    "fields": {
        "path": 1,
        "flow": 0.000244960199531102
    },
    "model": "graph.pathflowassignment",
    "pk": 89
},
{
    "fields": {
        "path": 7,
        "flow": 0.0497041537023964
    },
    "model": "graph.pathflowassignment",
    "pk": 90
},
{
    "fields": {
        "path": 6,
        "flow": 0.586933573459076
    },
    "model": "graph.pathflowassignment",
    "pk": 91
},
{
    "fields": {
        "path": 5,
        "flow": 0.363362272838528
    },
    "model": "graph.pathflowassignment",
    "pk": 92
},
{
    "fields": {
        "path": 11,
        "flow": 0.284699538013165
    },
    "model": "graph.pathflowassignment",
    "pk": 93
},
{
    "fields": {
        "path": 10,
        "flow": 0.483923199772732
    },
    "model": "graph.pathflowassignment",
    "pk": 94
},
{
    "fields": {
        "path": 9,
        "flow": 0.133709894452181
    },
    "model": "graph.pathflowassignment",
    "pk": 95
},
{
    "fields": {
        "path": 8,
        "flow": 0.0976673677619232
    },
    "model": "graph.pathflowassignment",
    "pk": 96
},
{
    "fields": {
        "path": 14,
        "flow": 0.410152768516421
    },
    "model": "graph.pathflowassignment",
    "pk": 97
},
{
    "fields": {
        "path": 13,
        "flow": 0.460002696663467
    },
    "model": "graph.pathflowassignment",
    "pk": 98
},
{
    "fields": {
        "path": 12,
        "flow": 0.129844534820112
    },
    "model": "graph.pathflowassignment",
    "pk": 99
},
{
    "fields": {
        "path": 17,
        "flow": 0.182561150162832
    },
    "model": "graph.pathflowassignment",
    "pk": 100
},
{
    "fields": {
        "path": 16,
        "flow": 0.486832490322023
    },
    "model": "graph.pathflowassignment",
    "pk": 101
},
{
    "fields": {
        "path": 15,
        "flow": 0.330606359515145
    },
    "model": "graph.pathflowassignment",
    "pk": 102
},
{
    "fields": {
        "path": 4,
        "flow": 0.443838255655823
    },
    "model": "graph.pathflowassignment",
    "pk": 103
},
{
    "fields": {
        "path": 3,
        "flow": 0.555310784787897
    },
    "model": "graph.pathflowassignment",
    "pk": 104
},
{
    "fields": {
        "path": 2,
        "flow": 0.00068917566076339
    },
    "model": "graph.pathflowassignment",
    "pk": 105
},
{
    "fields": {
        "path": 1,
        "flow": 0.000161783895515819
    },
    "model": "graph.pathflowassignment",
    "pk": 106
},
{
    "fields": {
        "path": 7,
        "flow": 0.0905457971690051
    },
    "model": "graph.pathflowassignment",
    "pk": 107
},
{
    "fields": {
        "path": 6,
        "flow": 0.517327238241948
    },
    "model": "graph.pathflowassignment",
    "pk": 108
},
{
    "fields": {
        "path": 5,
        "flow": 0.392126964589047
    },
    "model": "graph.pathflowassignment",
    "pk": 109
},
{
    "fields": {
        "path": 11,
        "flow": 0.532555906484248
    },
    "model": "graph.pathflowassignment",
    "pk": 110
},
{
    "fields": {
        "path": 10,
        "flow": 0.324099956770244
    },
    "model": "graph.pathflowassignment",
    "pk": 111
},
{
    "fields": {
        "path": 9,
        "flow": 0.0836205901782118
    },
    "model": "graph.pathflowassignment",
    "pk": 112
},
{
    "fields": {
        "path": 8,
        "flow": 0.0597235465672971
    },
    "model": "graph.pathflowassignment",
    "pk": 113
},
{
    "fields": {
        "path": 14,
        "flow": 0.838106522375564
    },
    "model": "graph.pathflowassignment",
    "pk": 114
},
{
    "fields": {
        "path": 13,
        "flow": 0.109264407668656
    },
    "model": "graph.pathflowassignment",
    "pk": 115
},
{
    "fields": {
        "path": 12,
        "flow": 0.0526290699557806
    },
    "model": "graph.pathflowassignment",
    "pk": 116
},
{
    "fields": {
        "path": 17,
        "flow": 0.222116032223943
    },
    "model": "graph.pathflowassignment",
    "pk": 117
},
{
    "fields": {
        "path": 16,
        "flow": 0.476537985280093
    },
    "model": "graph.pathflowassignment",
    "pk": 118
},
{
    "fields": {
        "path": 15,
        "flow": 0.301345982495964
    },
    "model": "graph.pathflowassignment",
    "pk": 119
},
{
    "fields": {
        "path": 4,
        "flow": 0.129121501710114
    },
    "model": "graph.pathflowassignment",
    "pk": 120
},
{
    "fields": {
        "path": 3,
        "flow": 0.870074687095736
    },
    "model": "graph.pathflowassignment",
    "pk": 121
},
{
    "fields": {
        "path": 2,
        "flow": 0.000644773436139868
    },
    "model": "graph.pathflowassignment",
    "pk": 122
},
{
    "fields": {
        "path": 1,
        "flow": 0.000159037758009844
    },
    "model": "graph.pathflowassignment",
    "pk": 123
},
{
    "fields": {
        "path": 7,
        "flow": 0.00332018819782736
    },
    "model": "graph.pathflowassignment",
    "pk": 124
},
{
    "fields": {
        "path": 6,
        "flow": 0.515082218986319
    },
    "model": "graph.pathflowassignment",
    "pk": 125
},
{
    "fields": {
        "path": 5,
        "flow": 0.481597592815853
    },
    "model": "graph.pathflowassignment",
    "pk": 126
},
{
    "fields": {
        "path": 11,
        "flow": 0.183655497593295
    },
    "model": "graph.pathflowassignment",
    "pk": 127
},
{
    "fields": {
        "path": 10,
        "flow": 0.623698683090273
    },
    "model": "graph.pathflowassignment",
    "pk": 128
},
{
    "fields": {
        "path": 9,
        "flow": 0.11069702361718
    },
    "model": "graph.pathflowassignment",
    "pk": 129
},
{
    "fields": {
        "path": 8,
        "flow": 0.0819487956992517
    },
    "model": "graph.pathflowassignment",
    "pk": 130
},
{
    "fields": {
        "path": 14,
        "flow": 0.197991266003381
    },
    "model": "graph.pathflowassignment",
    "pk": 131
},
{
    "fields": {
        "path": 13,
        "flow": 0.516928580015533
    },
    "model": "graph.pathflowassignment",
    "pk": 132
},
{
    "fields": {
        "path": 12,
        "flow": 0.285080153981086
    },
    "model": "graph.pathflowassignment",
    "pk": 133
},
{
    "fields": {
        "path": 17,
        "flow": 0.430222607511789
    },
    "model": "graph.pathflowassignment",
    "pk": 134
},
{
    "fields": {
        "path": 16,
        "flow": 0.3358103988857
    },
    "model": "graph.pathflowassignment",
    "pk": 135
},
{
    "fields": {
        "path": 15,
        "flow": 0.233966993602512
    },
    "model": "graph.pathflowassignment",
    "pk": 136
},
{
    "fields": {
        "path": 4,
        "flow": 0.289721393173904
    },
    "model": "graph.pathflowassignment",
    "pk": 137
},
{
    "fields": {
        "path": 3,
        "flow": 0.709529465504705
    },
    "model": "graph.pathflowassignment",
    "pk": 138
},
{
    "fields": {
        "path": 2,
        "flow": 0.000596882679523578
    },
    "model": "graph.pathflowassignment",
    "pk": 139
},
{
    "fields": {
        "path": 1,
        "flow": 0.000152258641867491
    },
    "model": "graph.pathflowassignment",
    "pk": 140
},
{
    "fields": {
        "path": 7,
        "flow": 0.551310076819105
    },
    "model": "graph.pathflowassignment",
    "pk": 141
},
{
    "fields": {
        "path": 6,
        "flow": 0.153041098127009
    },
    "model": "graph.pathflowassignment",
    "pk": 142
},
{
    "fields": {
        "path": 5,
        "flow": 0.295648825053886
    },
    "model": "graph.pathflowassignment",
    "pk": 143
},
{
    "fields": {
        "path": 11,
        "flow": 0.403771533038231
    },
    "model": "graph.pathflowassignment",
    "pk": 144
},
{
    "fields": {
        "path": 10,
        "flow": 0.440296589213191
    },
    "model": "graph.pathflowassignment",
    "pk": 145
},
{
    "fields": {
        "path": 9,
        "flow": 0.0883582315650842
    },
    "model": "graph.pathflowassignment",
    "pk": 146
},
{
    "fields": {
        "path": 8,
        "flow": 0.067573646183494
    },
    "model": "graph.pathflowassignment",
    "pk": 147
},
{
    "fields": {
        "path": 14,
        "flow": 0.922110253945178
    },
    "model": "graph.pathflowassignment",
    "pk": 148
},
{
    "fields": {
        "path": 13,
        "flow": 0.0427494612523241
    },
    "model": "graph.pathflowassignment",
    "pk": 149
},
{
    "fields": {
        "path": 12,
        "flow": 0.035140284802498
    },
    "model": "graph.pathflowassignment",
    "pk": 150
},
{
    "fields": {
        "path": 17,
        "flow": 0.43022260460511
    },
    "model": "graph.pathflowassignment",
    "pk": 151
},
{
    "fields": {
        "path": 16,
        "flow": 0.335810398811388
    },
    "model": "graph.pathflowassignment",
    "pk": 152
},
{
    "fields": {
        "path": 15,
        "flow": 0.233966996583502
    },
    "model": "graph.pathflowassignment",
    "pk": 153
},
{
    "fields": {
        "path": 4,
        "flow": 0.289721391585048
    },
    "model": "graph.pathflowassignment",
    "pk": 154
},
{
    "fields": {
        "path": 3,
        "flow": 0.709529447123527
    },
    "model": "graph.pathflowassignment",
    "pk": 155
},
{
    "fields": {
        "path": 2,
        "flow": 0.000596892655647872
    },
    "model": "graph.pathflowassignment",
    "pk": 156
},
{
    "fields": {
        "path": 1,
        "flow": 0.000152268635776746
    },
    "model": "graph.pathflowassignment",
    "pk": 157
},
{
    "fields": {
        "path": 7,
        "flow": 0.0358797159447079
    },
    "model": "graph.pathflowassignment",
    "pk": 158
},
{
    "fields": {
        "path": 6,
        "flow": 0.154258767327991
    },
    "model": "graph.pathflowassignment",
    "pk": 159
},
{
    "fields": {
        "path": 5,
        "flow": 0.809861516727301
    },
    "model": "graph.pathflowassignment",
    "pk": 160
},
{
    "fields": {
        "path": 11,
        "flow": 0.213650694138804
    },
    "model": "graph.pathflowassignment",
    "pk": 161
},
{
    "fields": {
        "path": 10,
        "flow": 0.569728286219823
    },
    "model": "graph.pathflowassignment",
    "pk": 162
},
{
    "fields": {
        "path": 9,
        "flow": 0.120584894201039
    },
    "model": "graph.pathflowassignment",
    "pk": 163
},
{
    "fields": {
        "path": 8,
        "flow": 0.0960361254403338
    },
    "model": "graph.pathflowassignment",
    "pk": 164
},
{
    "fields": {
        "path": 14,
        "flow": 0.239899951045833
    },
    "model": "graph.pathflowassignment",
    "pk": 165
},
{
    "fields": {
        "path": 13,
        "flow": 0.219124473461817
    },
    "model": "graph.pathflowassignment",
    "pk": 166
},
{
    "fields": {
        "path": 12,
        "flow": 0.54097557549235
    },
    "model": "graph.pathflowassignment",
    "pk": 167
},
{
    "fields": {
        "path": 17,
        "flow": 0.376280525698929
    },
    "model": "graph.pathflowassignment",
    "pk": 168
},
{
    "fields": {
        "path": 16,
        "flow": 0.347926162616612
    },
    "model": "graph.pathflowassignment",
    "pk": 169
},
{
    "fields": {
        "path": 15,
        "flow": 0.275793311684459
    },
    "model": "graph.pathflowassignment",
    "pk": 170
},
{
    "fields": {
        "path": 4,
        "flow": 0.289721389996192
    },
    "model": "graph.pathflowassignment",
    "pk": 171
},
{
    "fields": {
        "path": 3,
        "flow": 0.70952942874235
    },
    "model": "graph.pathflowassignment",
    "pk": 172
},
{
    "fields": {
        "path": 2,
        "flow": 0.000596902631771767
    },
    "model": "graph.pathflowassignment",
    "pk": 173
},
{
    "fields": {
        "path": 1,
        "flow": 0.000152278629685601
    },
    "model": "graph.pathflowassignment",
    "pk": 174
},
{
    "fields": {
        "path": 7,
        "flow": 0.575229708592374
    },
    "model": "graph.pathflowassignment",
    "pk": 175
},
{
    "fields": {
        "path": 6,
        "flow": 0.395140218838703
    },
    "model": "graph.pathflowassignment",
    "pk": 176
},
{
    "fields": {
        "path": 5,
        "flow": 0.029630072568923
    },
    "model": "graph.pathflowassignment",
    "pk": 177
},
{
    "fields": {
        "path": 11,
        "flow": 0.231335816333609
    },
    "model": "graph.pathflowassignment",
    "pk": 178
},
{
    "fields": {
        "path": 10,
        "flow": 0.568014446906603
    },
    "model": "graph.pathflowassignment",
    "pk": 179
},
{
    "fields": {
        "path": 9,
        "flow": 0.11162489554177
    },
    "model": "graph.pathflowassignment",
    "pk": 180
},
{
    "fields": {
        "path": 8,
        "flow": 0.0890248412180185
    },
    "model": "graph.pathflowassignment",
    "pk": 181
},
{
    "fields": {
        "path": 14,
        "flow": 0.86421070907118
    },
    "model": "graph.pathflowassignment",
    "pk": 182
},
{
    "fields": {
        "path": 13,
        "flow": 0.118249786998931
    },
    "model": "graph.pathflowassignment",
    "pk": 183
},
{
    "fields": {
        "path": 12,
        "flow": 0.0175395039298899
    },
    "model": "graph.pathflowassignment",
    "pk": 184
},
{
    "fields": {
        "path": 17,
        "flow": 0.738784745877825
    },
    "model": "graph.pathflowassignment",
    "pk": 185
},
{
    "fields": {
        "path": 16,
        "flow": 0.143813750618166
    },
    "model": "graph.pathflowassignment",
    "pk": 186
},
{
    "fields": {
        "path": 15,
        "flow": 0.117401503504009
    },
    "model": "graph.pathflowassignment",
    "pk": 187
},
{
    "fields": {
        "path": 4,
        "flow": 0.155387572872894
    },
    "model": "graph.pathflowassignment",
    "pk": 188
},
{
    "fields": {
        "path": 3,
        "flow": 0.842170344562496
    },
    "model": "graph.pathflowassignment",
    "pk": 189
},
{
    "fields": {
        "path": 2,
        "flow": 0.00189718241728428
    },
    "model": "graph.pathflowassignment",
    "pk": 190
},
{
    "fields": {
        "path": 1,
        "flow": 0.000544900147325684
    },
    "model": "graph.pathflowassignment",
    "pk": 191
},
{
    "fields": {
        "path": 7,
        "flow": 0.036324108591403
    },
    "model": "graph.pathflowassignment",
    "pk": 192
},
{
    "fields": {
        "path": 6,
        "flow": 0.174577276818705
    },
    "model": "graph.pathflowassignment",
    "pk": 193
},
{
    "fields": {
        "path": 5,
        "flow": 0.789098614589892
    },
    "model": "graph.pathflowassignment",
    "pk": 194
},
{
    "fields": {
        "path": 11,
        "flow": 0.0514414844442281
    },
    "model": "graph.pathflowassignment",
    "pk": 195
},
{
    "fields": {
        "path": 10,
        "flow": 0.310159966961133
    },
    "model": "graph.pathflowassignment",
    "pk": 196
},
{
    "fields": {
        "path": 9,
        "flow": 0.323277454608413
    },
    "model": "graph.pathflowassignment",
    "pk": 197
},
{
    "fields": {
        "path": 8,
        "flow": 0.315121093986227
    },
    "model": "graph.pathflowassignment",
    "pk": 198
},
{
    "fields": {
        "path": 14,
        "flow": 0.343632440669728
    },
    "model": "graph.pathflowassignment",
    "pk": 199
},
{
    "fields": {
        "path": 13,
        "flow": 0.132904412664578
    },
    "model": "graph.pathflowassignment",
    "pk": 200
},
{
    "fields": {
        "path": 12,
        "flow": 0.523463146665694
    },
    "model": "graph.pathflowassignment",
    "pk": 201
},
{
    "fields": {
        "path": 17,
        "flow": 0.415654634679844
    },
    "model": "graph.pathflowassignment",
    "pk": 202
},
{
    "fields": {
        "path": 16,
        "flow": 0.298857079425492
    },
    "model": "graph.pathflowassignment",
    "pk": 203
},
{
    "fields": {
        "path": 15,
        "flow": 0.285488285894664
    },
    "model": "graph.pathflowassignment",
    "pk": 204
},
{
    "fields": {
        "path": 4,
        "flow": 0.468430593416367
    },
    "model": "graph.pathflowassignment",
    "pk": 205
},
{
    "fields": {
        "path": 3,
        "flow": 0.531424829922952
    },
    "model": "graph.pathflowassignment",
    "pk": 206
},
{
    "fields": {
        "path": 2,
        "flow": 0.000117411517012163
    },
    "model": "graph.pathflowassignment",
    "pk": 207
},
{
    "fields": {
        "path": 1,
        "flow": 2.71651436689938e-05
    },
    "model": "graph.pathflowassignment",
    "pk": 208
},
{
    "fields": {
        "path": 7,
        "flow": 0.638167478736613
    },
    "model": "graph.pathflowassignment",
    "pk": 209
},
{
    "fields": {
        "path": 6,
        "flow": 0.345958867032188
    },
    "model": "graph.pathflowassignment",
    "pk": 210
},
{
    "fields": {
        "path": 5,
        "flow": 0.0158736542311989
    },
    "model": "graph.pathflowassignment",
    "pk": 211
},
{
    "fields": {
        "path": 11,
        "flow": 0.55548368236894
    },
    "model": "graph.pathflowassignment",
    "pk": 212
},
{
    "fields": {
        "path": 10,
        "flow": 0.382186804577712
    },
    "model": "graph.pathflowassignment",
    "pk": 213
},
{
    "fields": {
        "path": 9,
        "flow": 0.035068604567396
    },
    "model": "graph.pathflowassignment",
    "pk": 214
},
{
    "fields": {
        "path": 8,
        "flow": 0.0272609084859522
    },
    "model": "graph.pathflowassignment",
    "pk": 215
},
{
    "fields": {
        "path": 14,
        "flow": 0.959681610019953
    },
    "model": "graph.pathflowassignment",
    "pk": 216
},
{
    "fields": {
        "path": 13,
        "flow": 0.0366488305161685
    },
    "model": "graph.pathflowassignment",
    "pk": 217
},
{
    "fields": {
        "path": 12,
        "flow": 0.0036695594638781
    },
    "model": "graph.pathflowassignment",
    "pk": 218
},
{
    "fields": {
        "path": 17,
        "flow": 0.760107845405998
    },
    "model": "graph.pathflowassignment",
    "pk": 219
},
{
    "fields": {
        "path": 16,
        "flow": 0.130654414704424
    },
    "model": "graph.pathflowassignment",
    "pk": 220
},
{
    "fields": {
        "path": 15,
        "flow": 0.109237739889578
    },
    "model": "graph.pathflowassignment",
    "pk": 221
},
{
    "fields": {
        "path": 4,
        "flow": 0.127746574788687
    },
    "model": "graph.pathflowassignment",
    "pk": 222
},
{
    "fields": {
        "path": 3,
        "flow": 0.871664191196357
    },
    "model": "graph.pathflowassignment",
    "pk": 223
},
{
    "fields": {
        "path": 2,
        "flow": 0.00046422365060795
    },
    "model": "graph.pathflowassignment",
    "pk": 224
},
{
    "fields": {
        "path": 1,
        "flow": 0.00012501036434887
    },
    "model": "graph.pathflowassignment",
    "pk": 225
},
{
    "fields": {
        "path": 7,
        "flow": 0.0157080863364536
    },
    "model": "graph.pathflowassignment",
    "pk": 226
},
{
    "fields": {
        "path": 6,
        "flow": 0.420855891258424
    },
    "model": "graph.pathflowassignment",
    "pk": 227
},
{
    "fields": {
        "path": 5,
        "flow": 0.563436022405122
    },
    "model": "graph.pathflowassignment",
    "pk": 228
},
{
    "fields": {
        "path": 11,
        "flow": 0.00117570607356321
    },
    "model": "graph.pathflowassignment",
    "pk": 229
},
{
    "fields": {
        "path": 10,
        "flow": 0.213627611463754
    },
    "model": "graph.pathflowassignment",
    "pk": 230
},
{
    "fields": {
        "path": 9,
        "flow": 0.345293156150371
    },
    "model": "graph.pathflowassignment",
    "pk": 231
},
{
    "fields": {
        "path": 8,
        "flow": 0.439903526312312
    },
    "model": "graph.pathflowassignment",
    "pk": 232
},
{
    "fields": {
        "path": 14,
        "flow": 0.00884373219155807
    },
    "model": "graph.pathflowassignment",
    "pk": 233
},
{
    "fields": {
        "path": 13,
        "flow": 0.0713596501115449
    },
    "model": "graph.pathflowassignment",
    "pk": 234
},
{
    "fields": {
        "path": 12,
        "flow": 0.919796617696897
    },
    "model": "graph.pathflowassignment",
    "pk": 235
},
{
    "fields": {
        "path": 17,
        "flow": 0.630255641492204
    },
    "model": "graph.pathflowassignment",
    "pk": 236
},
{
    "fields": {
        "path": 16,
        "flow": 0.192284013437294
    },
    "model": "graph.pathflowassignment",
    "pk": 237
},
{
    "fields": {
        "path": 15,
        "flow": 0.177460345070502
    },
    "model": "graph.pathflowassignment",
    "pk": 238
},
{
    "fields": {
        "path": 4,
        "flow": 0.707256235118449
    },
    "model": "graph.pathflowassignment",
    "pk": 239
},
{
    "fields": {
        "path": 3,
        "flow": 0.292725079201601
    },
    "model": "graph.pathflowassignment",
    "pk": 240
},
{
    "fields": {
        "path": 2,
        "flow": 1.54318111129754e-05
    },
    "model": "graph.pathflowassignment",
    "pk": 241
},
{
    "fields": {
        "path": 1,
        "flow": 3.25386883652028e-06
    },
    "model": "graph.pathflowassignment",
    "pk": 242
},
{
    "fields": {
        "path": 7,
        "flow": 0.743960963101276
    },
    "model": "graph.pathflowassignment",
    "pk": 243
},
{
    "fields": {
        "path": 6,
        "flow": 0.254839807625128
    },
    "model": "graph.pathflowassignment",
    "pk": 244
},
{
    "fields": {
        "path": 5,
        "flow": 0.00119922927359575
    },
    "model": "graph.pathflowassignment",
    "pk": 245
},
{
    "fields": {
        "path": 11,
        "flow": 0.56218880392079
    },
    "model": "graph.pathflowassignment",
    "pk": 246
},
{
    "fields": {
        "path": 10,
        "flow": 0.391744312896955
    },
    "model": "graph.pathflowassignment",
    "pk": 247
},
{
    "fields": {
        "path": 9,
        "flow": 0.0242197871937929
    },
    "model": "graph.pathflowassignment",
    "pk": 248
},
{
    "fields": {
        "path": 8,
        "flow": 0.0218470959884623
    },
    "model": "graph.pathflowassignment",
    "pk": 249
},
{
    "fields": {
        "path": 14,
        "flow": 0.476908478778055
    },
    "model": "graph.pathflowassignment",
    "pk": 250
},
{
    "fields": {
        "path": 13,
        "flow": 0.254491173356926
    },
    "model": "graph.pathflowassignment",
    "pk": 251
},
{
    "fields": {
        "path": 12,
        "flow": 0.268600347865019
    },
    "model": "graph.pathflowassignment",
    "pk": 252
},
{
    "fields": {
        "path": 17,
        "flow": 0.755270278793776
    },
    "model": "graph.pathflowassignment",
    "pk": 253
},
{
    "fields": {
        "path": 16,
        "flow": 0.130918616116188
    },
    "model": "graph.pathflowassignment",
    "pk": 254
},
{
    "fields": {
        "path": 15,
        "flow": 0.113811105090036
    },
    "model": "graph.pathflowassignment",
    "pk": 255
},
{
    "fields": {
        "path": 4,
        "flow": 0.208339244904341
    },
    "model": "graph.pathflowassignment",
    "pk": 256
},
{
    "fields": {
        "path": 3,
        "flow": 0.791559425093819
    },
    "model": "graph.pathflowassignment",
    "pk": 257
},
{
    "fields": {
        "path": 2,
        "flow": 8.11070871935496e-05
    },
    "model": "graph.pathflowassignment",
    "pk": 258
},
{
    "fields": {
        "path": 1,
        "flow": 2.02229146464947e-05
    },
    "model": "graph.pathflowassignment",
    "pk": 259
},
{
    "fields": {
        "path": 7,
        "flow": 0.00524167871313002
    },
    "model": "graph.pathflowassignment",
    "pk": 260
},
{
    "fields": {
        "path": 6,
        "flow": 0.891475722506228
    },
    "model": "graph.pathflowassignment",
    "pk": 261
},
{
    "fields": {
        "path": 5,
        "flow": 0.103282598780642
    },
    "model": "graph.pathflowassignment",
    "pk": 262
},
{
    "fields": {
        "path": 11,
        "flow": 0.0022667709448676
    },
    "model": "graph.pathflowassignment",
    "pk": 263
},
{
    "fields": {
        "path": 10,
        "flow": 0.291964934126389
    },
    "model": "graph.pathflowassignment",
    "pk": 264
},
{
    "fields": {
        "path": 9,
        "flow": 0.256948716033373
    },
    "model": "graph.pathflowassignment",
    "pk": 265
},
{
    "fields": {
        "path": 8,
        "flow": 0.448819578895371
    },
    "model": "graph.pathflowassignment",
    "pk": 266
},
{
    "fields": {
        "path": 14,
        "flow": 0.0648207792020767
    },
    "model": "graph.pathflowassignment",
    "pk": 267
},
{
    "fields": {
        "path": 13,
        "flow": 0.174445883216879
    },
    "model": "graph.pathflowassignment",
    "pk": 268
},
{
    "fields": {
        "path": 12,
        "flow": 0.760733337581044
    },
    "model": "graph.pathflowassignment",
    "pk": 269
},
{
    "fields": {
        "path": 17,
        "flow": 0.50578668018743
    },
    "model": "graph.pathflowassignment",
    "pk": 270
},
{
    "fields": {
        "path": 16,
        "flow": 0.234209859891361
    },
    "model": "graph.pathflowassignment",
    "pk": 271
},
{
    "fields": {
        "path": 15,
        "flow": 0.260003459921209
    },
    "model": "graph.pathflowassignment",
    "pk": 272
},
{
    "fields": {
        "path": 4,
        "flow": 0.561795888522164
    },
    "model": "graph.pathflowassignment",
    "pk": 273
},
{
    "fields": {
        "path": 3,
        "flow": 0.438170829081436
    },
    "model": "graph.pathflowassignment",
    "pk": 274
},
{
    "fields": {
        "path": 2,
        "flow": 2.76054981201225e-05
    },
    "model": "graph.pathflowassignment",
    "pk": 275
},
{
    "fields": {
        "path": 1,
        "flow": 5.67689827930186e-06
    },
    "model": "graph.pathflowassignment",
    "pk": 276
},
{
    "fields": {
        "path": 7,
        "flow": 0.766168002691511
    },
    "model": "graph.pathflowassignment",
    "pk": 277
},
{
    "fields": {
        "path": 6,
        "flow": 0.231404732389698
    },
    "model": "graph.pathflowassignment",
    "pk": 278
},
{
    "fields": {
        "path": 5,
        "flow": 0.00242726491879068
    },
    "model": "graph.pathflowassignment",
    "pk": 279
},
{
    "fields": {
        "path": 11,
        "flow": 0.460949664012122
    },
    "model": "graph.pathflowassignment",
    "pk": 280
},
{
    "fields": {
        "path": 10,
        "flow": 0.336394963782608
    },
    "model": "graph.pathflowassignment",
    "pk": 281
},
{
    "fields": {
        "path": 9,
        "flow": 0.0957642302626107
    },
    "model": "graph.pathflowassignment",
    "pk": 282
},
{
    "fields": {
        "path": 8,
        "flow": 0.10689114194266
    },
    "model": "graph.pathflowassignment",
    "pk": 283
},
{
    "fields": {
        "path": 14,
        "flow": 0.657691311399801
    },
    "model": "graph.pathflowassignment",
    "pk": 284
},
{
    "fields": {
        "path": 13,
        "flow": 0.111463498815046
    },
    "model": "graph.pathflowassignment",
    "pk": 285
},
{
    "fields": {
        "path": 12,
        "flow": 0.230845189785153
    },
    "model": "graph.pathflowassignment",
    "pk": 286
},
{
    "fields": {
        "path": 17,
        "flow": 0.683132890848331
    },
    "model": "graph.pathflowassignment",
    "pk": 287
},
{
    "fields": {
        "path": 16,
        "flow": 0.169710544902788
    },
    "model": "graph.pathflowassignment",
    "pk": 288
},
{
    "fields": {
        "path": 15,
        "flow": 0.147156564248881
    },
    "model": "graph.pathflowassignment",
    "pk": 289
},
{
    "fields": {
        "path": 4,
        "flow": 0.0463969665538745
    },
    "model": "graph.pathflowassignment",
    "pk": 290
},
{
    "fields": {
        "path": 3,
        "flow": 0.953465943970857
    },
    "model": "graph.pathflowassignment",
    "pk": 291
},
{
    "fields": {
        "path": 2,
        "flow": 0.000110825072955428
    },
    "model": "graph.pathflowassignment",
    "pk": 292
},
{
    "fields": {
        "path": 1,
        "flow": 2.62644023128858e-05
    },
    "model": "graph.pathflowassignment",
    "pk": 293
},
{
    "fields": {
        "path": 7,
        "flow": 0.278305267766393
    },
    "model": "graph.pathflowassignment",
    "pk": 294
},
{
    "fields": {
        "path": 6,
        "flow": 0.70329098324066
    },
    "model": "graph.pathflowassignment",
    "pk": 295
},
{
    "fields": {
        "path": 5,
        "flow": 0.0184037489929463
    },
    "model": "graph.pathflowassignment",
    "pk": 296
},
{
    "fields": {
        "path": 11,
        "flow": 0.00513383842392468
    },
    "model": "graph.pathflowassignment",
    "pk": 297
},
{
    "fields": {
        "path": 10,
        "flow": 0.292637567235596
    },
    "model": "graph.pathflowassignment",
    "pk": 298
},
{
    "fields": {
        "path": 9,
        "flow": 0.283354952584715
    },
    "model": "graph.pathflowassignment",
    "pk": 299
},
{
    "fields": {
        "path": 8,
        "flow": 0.418873641755764
    },
    "model": "graph.pathflowassignment",
    "pk": 300
},
{
    "fields": {
        "path": 14,
        "flow": 0.307837859528839
    },
    "model": "graph.pathflowassignment",
    "pk": 301
},
{
    "fields": {
        "path": 13,
        "flow": 0.14047203653651
    },
    "model": "graph.pathflowassignment",
    "pk": 302
},
{
    "fields": {
        "path": 12,
        "flow": 0.551690103934652
    },
    "model": "graph.pathflowassignment",
    "pk": 303
},
{
    "fields": {
        "path": 17,
        "flow": 0.449073475809765
    },
    "model": "graph.pathflowassignment",
    "pk": 304
},
{
    "fields": {
        "path": 16,
        "flow": 0.267466142038994
    },
    "model": "graph.pathflowassignment",
    "pk": 305
},
{
    "fields": {
        "path": 15,
        "flow": 0.283460382151241
    },
    "model": "graph.pathflowassignment",
    "pk": 306
},
{
    "fields": {
        "path": 4,
        "flow": 0.198605863725297
    },
    "model": "graph.pathflowassignment",
    "pk": 307
},
{
    "fields": {
        "path": 3,
        "flow": 0.801325466049286
    },
    "model": "graph.pathflowassignment",
    "pk": 308
},
{
    "fields": {
        "path": 2,
        "flow": 5.83334689264148e-05
    },
    "model": "graph.pathflowassignment",
    "pk": 309
},
{
    "fields": {
        "path": 1,
        "flow": 1.03367564901683e-05
    },
    "model": "graph.pathflowassignment",
    "pk": 310
},
{
    "fields": {
        "path": 7,
        "flow": 0.629744364084295
    },
    "model": "graph.pathflowassignment",
    "pk": 311
},
{
    "fields": {
        "path": 6,
        "flow": 0.362286269258844
    },
    "model": "graph.pathflowassignment",
    "pk": 312
},
{
    "fields": {
        "path": 5,
        "flow": 0.00796936665686065
    },
    "model": "graph.pathflowassignment",
    "pk": 313
},
{
    "fields": {
        "path": 11,
        "flow": 0.504954142610203
    },
    "model": "graph.pathflowassignment",
    "pk": 314
},
{
    "fields": {
        "path": 10,
        "flow": 0.285774577333532
    },
    "model": "graph.pathflowassignment",
    "pk": 315
},
{
    "fields": {
        "path": 9,
        "flow": 0.113233899960781
    },
    "model": "graph.pathflowassignment",
    "pk": 316
},
{
    "fields": {
        "path": 8,
        "flow": 0.0960373800954851
    },
    "model": "graph.pathflowassignment",
    "pk": 317
},
{
    "fields": {
        "path": 14,
        "flow": 0.530773805620439
    },
    "model": "graph.pathflowassignment",
    "pk": 318
},
{
    "fields": {
        "path": 13,
        "flow": 0.100607777780193
    },
    "model": "graph.pathflowassignment",
    "pk": 319
},
{
    "fields": {
        "path": 12,
        "flow": 0.368618416599368
    },
    "model": "graph.pathflowassignment",
    "pk": 320
},
{
    "fields": {
        "path": 17,
        "flow": 0.658493640275448
    },
    "model": "graph.pathflowassignment",
    "pk": 321
},
{
    "fields": {
        "path": 16,
        "flow": 0.200968066178763
    },
    "model": "graph.pathflowassignment",
    "pk": 322
},
{
    "fields": {
        "path": 15,
        "flow": 0.140538293545789
    },
    "model": "graph.pathflowassignment",
    "pk": 323
},
{
    "fields": {
        "path": 4,
        "flow": 0.0638093926729743
    },
    "model": "graph.pathflowassignment",
    "pk": 324
},
{
    "fields": {
        "path": 3,
        "flow": 0.936031813079093
    },
    "model": "graph.pathflowassignment",
    "pk": 325
},
{
    "fields": {
        "path": 2,
        "flow": 0.000131501299639024
    },
    "model": "graph.pathflowassignment",
    "pk": 326
},
{
    "fields": {
        "path": 1,
        "flow": 2.72929482937298e-05
    },
    "model": "graph.pathflowassignment",
    "pk": 327
},
{
    "fields": {
        "path": 7,
        "flow": 0.0379890651704408
    },
    "model": "graph.pathflowassignment",
    "pk": 328
},
{
    "fields": {
        "path": 6,
        "flow": 0.624628615545979
    },
    "model": "graph.pathflowassignment",
    "pk": 329
},
{
    "fields": {
        "path": 5,
        "flow": 0.33738231928358
    },
    "model": "graph.pathflowassignment",
    "pk": 330
},
{
    "fields": {
        "path": 11,
        "flow": 0.0950122213198237
    },
    "model": "graph.pathflowassignment",
    "pk": 331
},
{
    "fields": {
        "path": 10,
        "flow": 0.242376685845734
    },
    "model": "graph.pathflowassignment",
    "pk": 332
},
{
    "fields": {
        "path": 9,
        "flow": 0.311918013179366
    },
    "model": "graph.pathflowassignment",
    "pk": 333
},
{
    "fields": {
        "path": 8,
        "flow": 0.350693079655077
    },
    "model": "graph.pathflowassignment",
    "pk": 334
},
{
    "fields": {
        "path": 14,
        "flow": 0.400557173077307
    },
    "model": "graph.pathflowassignment",
    "pk": 335
},
{
    "fields": {
        "path": 13,
        "flow": 0.0965245713455252
    },
    "model": "graph.pathflowassignment",
    "pk": 336
},
{
    "fields": {
        "path": 12,
        "flow": 0.502918255577167
    },
    "model": "graph.pathflowassignment",
    "pk": 337
},
{
    "fields": {
        "path": 17,
        "flow": 0.405875471095618
    },
    "model": "graph.pathflowassignment",
    "pk": 338
},
{
    "fields": {
        "path": 16,
        "flow": 0.316783660447632
    },
    "model": "graph.pathflowassignment",
    "pk": 339
},
{
    "fields": {
        "path": 15,
        "flow": 0.27734086845675
    },
    "model": "graph.pathflowassignment",
    "pk": 340
},
{
    "fields": {
        "path": 4,
        "flow": 0.303151641374664
    },
    "model": "graph.pathflowassignment",
    "pk": 341
},
{
    "fields": {
        "path": 3,
        "flow": 0.696809160314423
    },
    "model": "graph.pathflowassignment",
    "pk": 342
},
{
    "fields": {
        "path": 2,
        "flow": 3.35978204885768e-05
    },
    "model": "graph.pathflowassignment",
    "pk": 343
},
{
    "fields": {
        "path": 1,
        "flow": 5.60049042422212e-06
    },
    "model": "graph.pathflowassignment",
    "pk": 344
},
{
    "fields": {
        "path": 7,
        "flow": 0.0856163580846004
    },
    "model": "graph.pathflowassignment",
    "pk": 345
},
{
    "fields": {
        "path": 6,
        "flow": 0.68375772667653
    },
    "model": "graph.pathflowassignment",
    "pk": 346
},
{
    "fields": {
        "path": 5,
        "flow": 0.23062591523887
    },
    "model": "graph.pathflowassignment",
    "pk": 347
},
{
    "fields": {
        "path": 11,
        "flow": 0.390290024459684
    },
    "model": "graph.pathflowassignment",
    "pk": 348
},
{
    "fields": {
        "path": 10,
        "flow": 0.268700199925649
    },
    "model": "graph.pathflowassignment",
    "pk": 349
},
{
    "fields": {
        "path": 9,
        "flow": 0.17266739021551
    },
    "model": "graph.pathflowassignment",
    "pk": 350
},
{
    "fields": {
        "path": 8,
        "flow": 0.168342385399156
    },
    "model": "graph.pathflowassignment",
    "pk": 351
},
{
    "fields": {
        "path": 14,
        "flow": 0.611628990635603
    },
    "model": "graph.pathflowassignment",
    "pk": 352
},
{
    "fields": {
        "path": 13,
        "flow": 0.0828277588959156
    },
    "model": "graph.pathflowassignment",
    "pk": 353
},
{
    "fields": {
        "path": 12,
        "flow": 0.305543250468482
    },
    "model": "graph.pathflowassignment",
    "pk": 354
},
{
    "fields": {
        "path": 17,
        "flow": 0.782634254318738
    },
    "model": "graph.pathflowassignment",
    "pk": 355
},
{
    "fields": {
        "path": 16,
        "flow": 0.132553994622965
    },
    "model": "graph.pathflowassignment",
    "pk": 356
},
{
    "fields": {
        "path": 15,
        "flow": 0.0848117510582974
    },
    "model": "graph.pathflowassignment",
    "pk": 357
},
{
    "fields": {
        "path": 4,
        "flow": 0.381920102505797
    },
    "model": "graph.pathflowassignment",
    "pk": 358
},
{
    "fields": {
        "path": 3,
        "flow": 0.618012789138703
    },
    "model": "graph.pathflowassignment",
    "pk": 359
},
{
    "fields": {
        "path": 2,
        "flow": 5.62855916717175e-05
    },
    "model": "graph.pathflowassignment",
    "pk": 360
},
{
    "fields": {
        "path": 1,
        "flow": 1.082276382883e-05
    },
    "model": "graph.pathflowassignment",
    "pk": 361
},
{
    "fields": {
        "path": 7,
        "flow": 0.0880208556727084
    },
    "model": "graph.pathflowassignment",
    "pk": 362
},
{
    "fields": {
        "path": 6,
        "flow": 0.585797016746852
    },
    "model": "graph.pathflowassignment",
    "pk": 363
},
{
    "fields": {
        "path": 5,
        "flow": 0.32618212758044
    },
    "model": "graph.pathflowassignment",
    "pk": 364
},
{
    "fields": {
        "path": 11,
        "flow": 0.279452668613709
    },
    "model": "graph.pathflowassignment",
    "pk": 365
},
{
    "fields": {
        "path": 10,
        "flow": 0.144739845298132
    },
    "model": "graph.pathflowassignment",
    "pk": 366
},
{
    "fields": {
        "path": 9,
        "flow": 0.258890427993354
    },
    "model": "graph.pathflowassignment",
    "pk": 367
},
{
    "fields": {
        "path": 8,
        "flow": 0.316917058094805
    },
    "model": "graph.pathflowassignment",
    "pk": 368
},
{
    "fields": {
        "path": 14,
        "flow": 0.547684738837106
    },
    "model": "graph.pathflowassignment",
    "pk": 369
},
{
    "fields": {
        "path": 13,
        "flow": 0.0687582474017274
    },
    "model": "graph.pathflowassignment",
    "pk": 370
},
{
    "fields": {
        "path": 12,
        "flow": 0.383557013761167
    },
    "model": "graph.pathflowassignment",
    "pk": 371
},
{
    "fields": {
        "path": 17,
        "flow": 0.562919577707063
    },
    "model": "graph.pathflowassignment",
    "pk": 372
},
{
    "fields": {
        "path": 16,
        "flow": 0.244349930805052
    },
    "model": "graph.pathflowassignment",
    "pk": 373
},
{
    "fields": {
        "path": 15,
        "flow": 0.192730491487886
    },
    "model": "graph.pathflowassignment",
    "pk": 374
},
{
    "fields": {
        "path": 4,
        "flow": 0.372201674045031
    },
    "model": "graph.pathflowassignment",
    "pk": 375
},
{
    "fields": {
        "path": 3,
        "flow": 0.627766419917319
    },
    "model": "graph.pathflowassignment",
    "pk": 376
},
{
    "fields": {
        "path": 2,
        "flow": 2.71968558087737e-05
    },
    "model": "graph.pathflowassignment",
    "pk": 377
},
{
    "fields": {
        "path": 1,
        "flow": 4.70918184130555e-06
    },
    "model": "graph.pathflowassignment",
    "pk": 378
},
{
    "fields": {
        "path": 7,
        "flow": 0.0972504049119075
    },
    "model": "graph.pathflowassignment",
    "pk": 379
},
{
    "fields": {
        "path": 6,
        "flow": 0.664871769550428
    },
    "model": "graph.pathflowassignment",
    "pk": 380
},
{
    "fields": {
        "path": 5,
        "flow": 0.237877825537664
    },
    "model": "graph.pathflowassignment",
    "pk": 381
},
{
    "fields": {
        "path": 11,
        "flow": 0.435021008506569
    },
    "model": "graph.pathflowassignment",
    "pk": 382
},
{
    "fields": {
        "path": 10,
        "flow": 0.192012445890646
    },
    "model": "graph.pathflowassignment",
    "pk": 383
},
{
    "fields": {
        "path": 9,
        "flow": 0.176455044039439
    },
    "model": "graph.pathflowassignment",
    "pk": 384
},
{
    "fields": {
        "path": 8,
        "flow": 0.196511501563346
    },
    "model": "graph.pathflowassignment",
    "pk": 385
},
{
    "fields": {
        "path": 14,
        "flow": 0.624687748842628
    },
    "model": "graph.pathflowassignment",
    "pk": 386
},
{
    "fields": {
        "path": 13,
        "flow": 0.0726502083248445
    },
    "model": "graph.pathflowassignment",
    "pk": 387
},
{
    "fields": {
        "path": 12,
        "flow": 0.302662042832528
    },
    "model": "graph.pathflowassignment",
    "pk": 388
},
{
    "fields": {
        "path": 17,
        "flow": 0.850091714759342
    },
    "model": "graph.pathflowassignment",
    "pk": 389
},
{
    "fields": {
        "path": 16,
        "flow": 0.0910424259707771
    },
    "model": "graph.pathflowassignment",
    "pk": 390
},
{
    "fields": {
        "path": 15,
        "flow": 0.058865859269881
    },
    "model": "graph.pathflowassignment",
    "pk": 391
},
{
    "fields": {
        "path": 4,
        "flow": 0.356176386117423
    },
    "model": "graph.pathflowassignment",
    "pk": 392
},
{
    "fields": {
        "path": 3,
        "flow": 0.643762581529312
    },
    "model": "graph.pathflowassignment",
    "pk": 393
},
{
    "fields": {
        "path": 2,
        "flow": 5.08873983740629e-05
    },
    "model": "graph.pathflowassignment",
    "pk": 394
},
{
    "fields": {
        "path": 1,
        "flow": 1.01449548915734e-05
    },
    "model": "graph.pathflowassignment",
    "pk": 395
},
{
    "fields": {
        "path": 7,
        "flow": 0.0780570098031376
    },
    "model": "graph.pathflowassignment",
    "pk": 396
},
{
    "fields": {
        "path": 6,
        "flow": 0.55816859096453
    },
    "model": "graph.pathflowassignment",
    "pk": 397
},
{
    "fields": {
        "path": 5,
        "flow": 0.363774399232332
    },
    "model": "graph.pathflowassignment",
    "pk": 398
},
{
    "fields": {
        "path": 11,
        "flow": 0.240494518743115
    },
    "model": "graph.pathflowassignment",
    "pk": 399
},
{
    "fields": {
        "path": 10,
        "flow": 0.137606196602989
    },
    "model": "graph.pathflowassignment",
    "pk": 400
},
{
    "fields": {
        "path": 9,
        "flow": 0.267516508972088
    },
    "model": "graph.pathflowassignment",
    "pk": 401
},
{
    "fields": {
        "path": 8,
        "flow": 0.354382775681809
    },
    "model": "graph.pathflowassignment",
    "pk": 402
},
{
    "fields": {
        "path": 14,
        "flow": 0.522443168245056
    },
    "model": "graph.pathflowassignment",
    "pk": 403
},
{
    "fields": {
        "path": 13,
        "flow": 0.0664290893163686
    },
    "model": "graph.pathflowassignment",
    "pk": 404
},
{
    "fields": {
        "path": 12,
        "flow": 0.411127742438575
    },
    "model": "graph.pathflowassignment",
    "pk": 405
},
{
    "fields": {
        "path": 17,
        "flow": 0.620658018828737
    },
    "model": "graph.pathflowassignment",
    "pk": 406
},
{
    "fields": {
        "path": 16,
        "flow": 0.206125614580261
    },
    "model": "graph.pathflowassignment",
    "pk": 407
},
{
    "fields": {
        "path": 15,
        "flow": 0.173216366591002
    },
    "model": "graph.pathflowassignment",
    "pk": 408
},
{
    "fields": {
        "path": 4,
        "flow": 0.404004240599371
    },
    "model": "graph.pathflowassignment",
    "pk": 409
},
{
    "fields": {
        "path": 3,
        "flow": 0.595970597596634
    },
    "model": "graph.pathflowassignment",
    "pk": 410
},
{
    "fields": {
        "path": 2,
        "flow": 2.13877673916054e-05
    },
    "model": "graph.pathflowassignment",
    "pk": 411
},
{
    "fields": {
        "path": 1,
        "flow": 3.77403660325638e-06
    },
    "model": "graph.pathflowassignment",
    "pk": 412
},
{
    "fields": {
        "path": 7,
        "flow": 0.103599453119148
    },
    "model": "graph.pathflowassignment",
    "pk": 413
},
{
    "fields": {
        "path": 6,
        "flow": 0.649268131840672
    },
    "model": "graph.pathflowassignment",
    "pk": 414
},
{
    "fields": {
        "path": 5,
        "flow": 0.24713241504018
    },
    "model": "graph.pathflowassignment",
    "pk": 415
},
{
    "fields": {
        "path": 11,
        "flow": 0.431342466022668
    },
    "model": "graph.pathflowassignment",
    "pk": 416
},
{
    "fields": {
        "path": 10,
        "flow": 0.171529778600775
    },
    "model": "graph.pathflowassignment",
    "pk": 417
},
{
    "fields": {
        "path": 9,
        "flow": 0.180200754684327
    },
    "model": "graph.pathflowassignment",
    "pk": 418
},
{
    "fields": {
        "path": 8,
        "flow": 0.21692700069223
    },
    "model": "graph.pathflowassignment",
    "pk": 419
},
{
    "fields": {
        "path": 14,
        "flow": 0.642747731511122
    },
    "model": "graph.pathflowassignment",
    "pk": 420
},
{
    "fields": {
        "path": 13,
        "flow": 0.0669038826770743
    },
    "model": "graph.pathflowassignment",
    "pk": 421
},
{
    "fields": {
        "path": 12,
        "flow": 0.290348385811803
    },
    "model": "graph.pathflowassignment",
    "pk": 422
},
{
    "fields": {
        "path": 17,
        "flow": 0.888822011965249
    },
    "model": "graph.pathflowassignment",
    "pk": 423
},
{
    "fields": {
        "path": 16,
        "flow": 0.0667006821051677
    },
    "model": "graph.pathflowassignment",
    "pk": 424
},
{
    "fields": {
        "path": 15,
        "flow": 0.0444773059295837
    },
    "model": "graph.pathflowassignment",
    "pk": 425
},
{
    "fields": {
        "path": 4,
        "flow": 0.348749086959916
    },
    "model": "graph.pathflowassignment",
    "pk": 426
},
{
    "fields": {
        "path": 3,
        "flow": 0.651199636463645
    },
    "model": "graph.pathflowassignment",
    "pk": 427
},
{
    "fields": {
        "path": 2,
        "flow": 4.26566063384519e-05
    },
    "model": "graph.pathflowassignment",
    "pk": 428
},
{
    "fields": {
        "path": 1,
        "flow": 8.61997010084633e-06
    },
    "model": "graph.pathflowassignment",
    "pk": 429
},
{
    "fields": {
        "path": 7,
        "flow": 0.0692505702110541
    },
    "model": "graph.pathflowassignment",
    "pk": 430
},
{
    "fields": {
        "path": 6,
        "flow": 0.521498023726303
    },
    "model": "graph.pathflowassignment",
    "pk": 431
},
{
    "fields": {
        "path": 5,
        "flow": 0.409251406062643
    },
    "model": "graph.pathflowassignment",
    "pk": 432
},
{
    "fields": {
        "path": 11,
        "flow": 0.281983735635876
    },
    "model": "graph.pathflowassignment",
    "pk": 433
},
{
    "fields": {
        "path": 10,
        "flow": 0.145933089072657
    },
    "model": "graph.pathflowassignment",
    "pk": 434
},
{
    "fields": {
        "path": 9,
        "flow": 0.244933185148642
    },
    "model": "graph.pathflowassignment",
    "pk": 435
},
{
    "fields": {
        "path": 8,
        "flow": 0.327149990142825
    },
    "model": "graph.pathflowassignment",
    "pk": 436
},
{
    "fields": {
        "path": 14,
        "flow": 0.526953766733747
    },
    "model": "graph.pathflowassignment",
    "pk": 437
},
{
    "fields": {
        "path": 13,
        "flow": 0.0634030508434612
    },
    "model": "graph.pathflowassignment",
    "pk": 438
},
{
    "fields": {
        "path": 12,
        "flow": 0.409643182422792
    },
    "model": "graph.pathflowassignment",
    "pk": 439
},
{
    "fields": {
        "path": 17,
        "flow": 0.851529191461743
    },
    "model": "graph.pathflowassignment",
    "pk": 440
},
{
    "fields": {
        "path": 16,
        "flow": 0.0866512794932387
    },
    "model": "graph.pathflowassignment",
    "pk": 441
},
{
    "fields": {
        "path": 15,
        "flow": 0.0618195290450186
    },
    "model": "graph.pathflowassignment",
    "pk": 442
},
{
    "fields": {
        "path": 4,
        "flow": 0.429747062422893
    },
    "model": "graph.pathflowassignment",
    "pk": 443
},
{
    "fields": {
        "path": 3,
        "flow": 0.570218448811084
    },
    "model": "graph.pathflowassignment",
    "pk": 444
},
{
    "fields": {
        "path": 2,
        "flow": 2.86351091232018e-05
    },
    "model": "graph.pathflowassignment",
    "pk": 445
},
{
    "fields": {
        "path": 1,
        "flow": 5.85365689940848e-06
    },
    "model": "graph.pathflowassignment",
    "pk": 446
},
{
    "fields": {
        "path": 7,
        "flow": 0.0984327694202201
    },
    "model": "graph.pathflowassignment",
    "pk": 447
},
{
    "fields": {
        "path": 6,
        "flow": 0.568007223902192
    },
    "model": "graph.pathflowassignment",
    "pk": 448
},
{
    "fields": {
        "path": 5,
        "flow": 0.333560006677587
    },
    "model": "graph.pathflowassignment",
    "pk": 449
},
{
    "fields": {
        "path": 11,
        "flow": 0.386407413186979
    },
    "model": "graph.pathflowassignment",
    "pk": 450
},
{
    "fields": {
        "path": 10,
        "flow": 0.142688820443804
    },
    "model": "graph.pathflowassignment",
    "pk": 451
},
{
    "fields": {
        "path": 9,
        "flow": 0.200804273008117
    },
    "model": "graph.pathflowassignment",
    "pk": 452
},
{
    "fields": {
        "path": 8,
        "flow": 0.2700994933611
    },
    "model": "graph.pathflowassignment",
    "pk": 453
},
{
    "fields": {
        "path": 14,
        "flow": 0.613696077266129
    },
    "model": "graph.pathflowassignment",
    "pk": 454
},
{
    "fields": {
        "path": 13,
        "flow": 0.0593528779557701
    },
    "model": "graph.pathflowassignment",
    "pk": 455
},
{
    "fields": {
        "path": 12,
        "flow": 0.326951044778101
    },
    "model": "graph.pathflowassignment",
    "pk": 456
},
{
    "fields": {
        "path": 17,
        "flow": 0.851529175915868
    },
    "model": "graph.pathflowassignment",
    "pk": 457
},
{
    "fields": {
        "path": 16,
        "flow": 0.0866512868937001
    },
    "model": "graph.pathflowassignment",
    "pk": 458
},
{
    "fields": {
        "path": 15,
        "flow": 0.0618195371904325
    },
    "model": "graph.pathflowassignment",
    "pk": 459
},
{
    "fields": {
        "path": 4,
        "flow": 0.352707222687733
    },
    "model": "graph.pathflowassignment",
    "pk": 460
},
{
    "fields": {
        "path": 3,
        "flow": 0.647248918674741
    },
    "model": "graph.pathflowassignment",
    "pk": 461
},
{
    "fields": {
        "path": 2,
        "flow": 3.59921355209124e-05
    },
    "model": "graph.pathflowassignment",
    "pk": 462
},
{
    "fields": {
        "path": 1,
        "flow": 7.8665020056069e-06
    },
    "model": "graph.pathflowassignment",
    "pk": 463
},
{
    "fields": {
        "path": 7,
        "flow": 0.0730619506797837
    },
    "model": "graph.pathflowassignment",
    "pk": 464
},
{
    "fields": {
        "path": 6,
        "flow": 0.542802676610571
    },
    "model": "graph.pathflowassignment",
    "pk": 465
},
{
    "fields": {
        "path": 5,
        "flow": 0.384135372709645
    },
    "model": "graph.pathflowassignment",
    "pk": 466
},
{
    "fields": {
        "path": 11,
        "flow": 0.298931382660669
    },
    "model": "graph.pathflowassignment",
    "pk": 467
},
{
    "fields": {
        "path": 10,
        "flow": 0.146206549300882
    },
    "model": "graph.pathflowassignment",
    "pk": 468
},
{
    "fields": {
        "path": 9,
        "flow": 0.227759705975898
    },
    "model": "graph.pathflowassignment",
    "pk": 469
},
{
    "fields": {
        "path": 8,
        "flow": 0.32710236206255
    },
    "model": "graph.pathflowassignment",
    "pk": 470
},
{
    "fields": {
        "path": 14,
        "flow": 0.563387408302793
    },
    "model": "graph.pathflowassignment",
    "pk": 471
},
{
    "fields": {
        "path": 13,
        "flow": 0.061461495388626
    },
    "model": "graph.pathflowassignment",
    "pk": 472
},
{
    "fields": {
        "path": 12,
        "flow": 0.375151096308581
    },
    "model": "graph.pathflowassignment",
    "pk": 473
},
{
    "fields": {
        "path": 17,
        "flow": 0.82704616570663
    },
    "model": "graph.pathflowassignment",
    "pk": 474
},
{
    "fields": {
        "path": 16,
        "flow": 0.097050504969246
    },
    "model": "graph.pathflowassignment",
    "pk": 475
},
{
    "fields": {
        "path": 15,
        "flow": 0.0759033293241239
    },
    "model": "graph.pathflowassignment",
    "pk": 476
},
{
    "fields": {
        "path": 4,
        "flow": 0.406508307062225
    },
    "model": "graph.pathflowassignment",
    "pk": 477
},
{
    "fields": {
        "path": 3,
        "flow": 0.593458510911399
    },
    "model": "graph.pathflowassignment",
    "pk": 478
},
{
    "fields": {
        "path": 2,
        "flow": 2.72397982616407e-05
    },
    "model": "graph.pathflowassignment",
    "pk": 479
},
{
    "fields": {
        "path": 1,
        "flow": 5.94222811454272e-06
    },
    "model": "graph.pathflowassignment",
    "pk": 480
},
{
    "fields": {
        "path": 7,
        "flow": 0.091222935947675
    },
    "model": "graph.pathflowassignment",
    "pk": 481
},
{
    "fields": {
        "path": 6,
        "flow": 0.567087412128951
    },
    "model": "graph.pathflowassignment",
    "pk": 482
},
{
    "fields": {
        "path": 5,
        "flow": 0.341689651923374
    },
    "model": "graph.pathflowassignment",
    "pk": 483
},
{
    "fields": {
        "path": 11,
        "flow": 0.393859766940005
    },
    "model": "graph.pathflowassignment",
    "pk": 484
},
{
    "fields": {
        "path": 10,
        "flow": 0.14438938090261
    },
    "model": "graph.pathflowassignment",
    "pk": 485
},
{
    "fields": {
        "path": 9,
        "flow": 0.189825711588474
    },
    "model": "graph.pathflowassignment",
    "pk": 486
},
{
    "fields": {
        "path": 8,
        "flow": 0.271925140568911
    },
    "model": "graph.pathflowassignment",
    "pk": 487
},
{
    "fields": {
        "path": 14,
        "flow": 0.61546910037598
    },
    "model": "graph.pathflowassignment",
    "pk": 488
},
{
    "fields": {
        "path": 13,
        "flow": 0.0583771187738906
    },
    "model": "graph.pathflowassignment",
    "pk": 489
},
{
    "fields": {
        "path": 12,
        "flow": 0.326153780850129
    },
    "model": "graph.pathflowassignment",
    "pk": 490
},
{
    "fields": {
        "path": 17,
        "flow": 0.887672922077375
    },
    "model": "graph.pathflowassignment",
    "pk": 491
},
{
    "fields": {
        "path": 16,
        "flow": 0.063238995148776
    },
    "model": "graph.pathflowassignment",
    "pk": 492
},
{
    "fields": {
        "path": 15,
        "flow": 0.0490880827738491
    },
    "model": "graph.pathflowassignment",
    "pk": 493
},
{
    "fields": {
        "path": 4,
        "flow": 0.359495936086435
    },
    "model": "graph.pathflowassignment",
    "pk": 494
},
{
    "fields": {
        "path": 3,
        "flow": 0.640459428020427
    },
    "model": "graph.pathflowassignment",
    "pk": 495
},
{
    "fields": {
        "path": 2,
        "flow": 3.61224041587343e-05
    },
    "model": "graph.pathflowassignment",
    "pk": 496
},
{
    "fields": {
        "path": 1,
        "flow": 8.51348897984028e-06
    },
    "model": "graph.pathflowassignment",
    "pk": 497
},
{
    "fields": {
        "path": 7,
        "flow": 0.0688635496273277
    },
    "model": "graph.pathflowassignment",
    "pk": 498
},
{
    "fields": {
        "path": 6,
        "flow": 0.513039155164728
    },
    "model": "graph.pathflowassignment",
    "pk": 499
},
{
    "fields": {
        "path": 5,
        "flow": 0.418097295207944
    },
    "model": "graph.pathflowassignment",
    "pk": 500
},
{
    "fields": {
        "path": 11,
        "flow": 0.290291196018715
    },
    "model": "graph.pathflowassignment",
    "pk": 501
},
{
    "fields": {
        "path": 10,
        "flow": 0.135604829696668
    },
    "model": "graph.pathflowassignment",
    "pk": 502
},
{
    "fields": {
        "path": 9,
        "flow": 0.224308696902884
    },
    "model": "graph.pathflowassignment",
    "pk": 503
},
{
    "fields": {
        "path": 8,
        "flow": 0.349795277381732
    },
    "model": "graph.pathflowassignment",
    "pk": 504
},
{
    "fields": {
        "path": 14,
        "flow": 0.563495410411367
    },
    "model": "graph.pathflowassignment",
    "pk": 505
},
{
    "fields": {
        "path": 13,
        "flow": 0.0586560177650669
    },
    "model": "graph.pathflowassignment",
    "pk": 506
},
{
    "fields": {
        "path": 12,
        "flow": 0.377848571823566
    },
    "model": "graph.pathflowassignment",
    "pk": 507
},
{
    "fields": {
        "path": 17,
        "flow": 0.808751619509015
    },
    "model": "graph.pathflowassignment",
    "pk": 508
},
{
    "fields": {
        "path": 16,
        "flow": 0.0982939308167631
    },
    "model": "graph.pathflowassignment",
    "pk": 509
},
{
    "fields": {
        "path": 15,
        "flow": 0.0929544496742216
    },
    "model": "graph.pathflowassignment",
    "pk": 510
},
{
    "fields": {
        "path": 4,
        "flow": 0.402226563753652
    },
    "model": "graph.pathflowassignment",
    "pk": 511
},
{
    "fields": {
        "path": 3,
        "flow": 0.597744552358129
    },
    "model": "graph.pathflowassignment",
    "pk": 512
},
{
    "fields": {
        "path": 2,
        "flow": 2.3552060106237e-05
    },
    "model": "graph.pathflowassignment",
    "pk": 513
},
{
    "fields": {
        "path": 1,
        "flow": 5.33182811304917e-06
    },
    "model": "graph.pathflowassignment",
    "pk": 514
},
{
    "fields": {
        "path": 7,
        "flow": 0.0925796428776141
    },
    "model": "graph.pathflowassignment",
    "pk": 515
},
{
    "fields": {
        "path": 6,
        "flow": 0.584902045361965
    },
    "model": "graph.pathflowassignment",
    "pk": 516
},
{
    "fields": {
        "path": 5,
        "flow": 0.322518311760421
    },
    "model": "graph.pathflowassignment",
    "pk": 517
},
{
    "fields": {
        "path": 11,
        "flow": 0.425656910797007
    },
    "model": "graph.pathflowassignment",
    "pk": 518
},
{
    "fields": {
        "path": 10,
        "flow": 0.147867556302277
    },
    "model": "graph.pathflowassignment",
    "pk": 519
},
{
    "fields": {
        "path": 9,
        "flow": 0.170825178238062
    },
    "model": "graph.pathflowassignment",
    "pk": 520
},
{
    "fields": {
        "path": 8,
        "flow": 0.255650354662654
    },
    "model": "graph.pathflowassignment",
    "pk": 521
},
{
    "fields": {
        "path": 14,
        "flow": 0.631729947756971
    },
    "model": "graph.pathflowassignment",
    "pk": 522
},
{
    "fields": {
        "path": 13,
        "flow": 0.0579198453545915
    },
    "model": "graph.pathflowassignment",
    "pk": 523
},
{
    "fields": {
        "path": 12,
        "flow": 0.310350206888438
    },
    "model": "graph.pathflowassignment",
    "pk": 524
},
{
    "fields": {
        "path": 17,
        "flow": 0.918698874651112
    },
    "model": "graph.pathflowassignment",
    "pk": 525
},
{
    "fields": {
        "path": 16,
        "flow": 0.043951185461937
    },
    "model": "graph.pathflowassignment",
    "pk": 526
},
{
    "fields": {
        "path": 15,
        "flow": 0.0373499398869508
    },
    "model": "graph.pathflowassignment",
    "pk": 527
},
{
    "fields": {
        "path": 4,
        "flow": 0.350439370686687
    },
    "model": "graph.pathflowassignment",
    "pk": 528
},
{
    "fields": {
        "path": 3,
        "flow": 0.649512603539251
    },
    "model": "graph.pathflowassignment",
    "pk": 529
},
{
    "fields": {
        "path": 2,
        "flow": 3.83805486872985e-05
    },
    "model": "graph.pathflowassignment",
    "pk": 530
},
{
    "fields": {
        "path": 1,
        "flow": 9.64522537503132e-06
    },
    "model": "graph.pathflowassignment",
    "pk": 531
},
{
    "fields": {
        "path": 7,
        "flow": 0.0626083428696952
    },
    "model": "graph.pathflowassignment",
    "pk": 532
},
{
    "fields": {
        "path": 6,
        "flow": 0.483513642654263
    },
    "model": "graph.pathflowassignment",
    "pk": 533
},
{
    "fields": {
        "path": 5,
        "flow": 0.453878014476042
    },
    "model": "graph.pathflowassignment",
    "pk": 534
},
{
    "fields": {
        "path": 11,
        "flow": 0.250964213838493
    },
    "model": "graph.pathflowassignment",
    "pk": 535
},
{
    "fields": {
        "path": 10,
        "flow": 0.125800553024788
    },
    "model": "graph.pathflowassignment",
    "pk": 536
},
{
    "fields": {
        "path": 9,
        "flow": 0.232053943962104
    },
    "model": "graph.pathflowassignment",
    "pk": 537
},
{
    "fields": {
        "path": 8,
        "flow": 0.391181289174615
    },
    "model": "graph.pathflowassignment",
    "pk": 538
},
{
    "fields": {
        "path": 14,
        "flow": 0.54695450247319
    },
    "model": "graph.pathflowassignment",
    "pk": 539
},
{
    "fields": {
        "path": 13,
        "flow": 0.0574510197108319
    },
    "model": "graph.pathflowassignment",
    "pk": 540
},
{
    "fields": {
        "path": 12,
        "flow": 0.395594477815978
    },
    "model": "graph.pathflowassignment",
    "pk": 541
},
{
    "fields": {
        "path": 17,
        "flow": 0.7758115138829
    },
    "model": "graph.pathflowassignment",
    "pk": 542
},
{
    "fields": {
        "path": 16,
        "flow": 0.106229358091362
    },
    "model": "graph.pathflowassignment",
    "pk": 543
},
{
    "fields": {
        "path": 15,
        "flow": 0.117959128025738
    },
    "model": "graph.pathflowassignment",
    "pk": 544
},
{
    "fields": {
        "iteration": 0,
        "graph_cost": 1
    },
    "model": "graph.gameturn",
    "pk": 1
},
{
    "fields": {
        "iteration": 1,
        "graph_cost": 2
    },
    "model": "graph.gameturn",
    "pk": 2
},
{
    "fields": {
        "iteration": 2,
        "graph_cost": 3
    },
    "model": "graph.gameturn",
    "pk": 3
},
{
    "fields": {
        "iteration": 3,
        "graph_cost": 4
    },
    "model": "graph.gameturn",
    "pk": 4
},
{
    "fields": {
        "iteration": 4,
        "graph_cost": 5
    },
    "model": "graph.gameturn",
    "pk": 5
},
{
    "fields": {
        "iteration": 5,
        "graph_cost": 6
    },
    "model": "graph.gameturn",
    "pk": 6
},
{
    "fields": {
        "iteration": 6,
        "graph_cost": 7
    },
    "model": "graph.gameturn",
    "pk": 7
},
{
    "fields": {
        "iteration": 7,
        "graph_cost": 8
    },
    "model": "graph.gameturn",
    "pk": 8
},
{
    "fields": {
        "iteration": 8,
        "graph_cost": 9
    },
    "model": "graph.gameturn",
    "pk": 9
},
{
    "fields": {
        "iteration": 9,
        "graph_cost": 10
    },
    "model": "graph.gameturn",
    "pk": 10
},
{
    "fields": {
        "iteration": 10,
        "graph_cost": 11
    },
    "model": "graph.gameturn",
    "pk": 11
},
{
    "fields": {
        "iteration": 11,
        "graph_cost": 12
    },
    "model": "graph.gameturn",
    "pk": 12
},
{
    "fields": {
        "iteration": 12,
        "graph_cost": 13
    },
    "model": "graph.gameturn",
    "pk": 13
},
{
    "fields": {
        "iteration": 13,
        "graph_cost": 14
    },
    "model": "graph.gameturn",
    "pk": 14
},
{
    "fields": {
        "iteration": 14,
        "graph_cost": 15
    },
    "model": "graph.gameturn",
    "pk": 15
},
{
    "fields": {
        "iteration": 15,
        "graph_cost": 16
    },
    "model": "graph.gameturn",
    "pk": 16
},
{
    "fields": {
        "iteration": 16,
        "graph_cost": 17
    },
    "model": "graph.gameturn",
    "pk": 17
},
{
    "fields": {
        "iteration": 17,
        "graph_cost": 18
    },
    "model": "graph.gameturn",
    "pk": 18
},
{
    "fields": {
        "iteration": 18,
        "graph_cost": 19
    },
    "model": "graph.gameturn",
    "pk": 19
},
{
    "fields": {
        "iteration": 19,
        "graph_cost": 20
    },
    "model": "graph.gameturn",
    "pk": 20
},
{
    "fields": {
        "iteration": 20,
        "graph_cost": 21
    },
    "model": "graph.gameturn",
    "pk": 21
},
{
    "fields": {
        "iteration": 21,
        "graph_cost": 22
    },
    "model": "graph.gameturn",
    "pk": 22
},
{
    "fields": {
        "iteration": 22,
        "graph_cost": 23
    },
    "model": "graph.gameturn",
    "pk": 23
},
{
    "fields": {
        "iteration": 23,
        "graph_cost": 24
    },
    "model": "graph.gameturn",
    "pk": 24
},
{
    "fields": {
        "iteration": 24,
        "graph_cost": 25
    },
    "model": "graph.gameturn",
    "pk": 25
},
{
    "fields": {
        "iteration": 25,
        "graph_cost": 26
    },
    "model": "graph.gameturn",
    "pk": 26
},
{
    "fields": {
        "iteration": 26,
        "graph_cost": 27
    },
    "model": "graph.gameturn",
    "pk": 27
},
{
    "fields": {
        "iteration": 27,
        "graph_cost": 28
    },
    "model": "graph.gameturn",
    "pk": 28
},
{
    "fields": {
        "iteration": 28,
        "graph_cost": 29
    },
    "model": "graph.gameturn",
    "pk": 29
},
{
    "fields": {
        "iteration": 29,
        "graph_cost": 30
    },
    "model": "graph.gameturn",
    "pk": 30
},
{
    "fields": {
        "iteration": 30,
        "graph_cost": 31
    },
    "model": "graph.gameturn",
    "pk": 31
},
{
    "fields": {
        "iteration": 31,
        "graph_cost": 32
    },
    "model": "graph.gameturn",
    "pk": 32
},
{
    "fields": {
        "iteration": 32,
        "graph_cost": null
    },
    "model": "graph.gameturn",
    "pk": 33
},
{
    "fields": {
        "player": 1,
        "path_assignments": [
            1,
            2,
            3,
            4
        ],
        "turn": 1
    },
    "model": "graph.flowdistribution",
    "pk": 1
},
{
    "fields": {
        "player": 2,
        "path_assignments": [
            5,
            6,
            7
        ],
        "turn": 1
    },
    "model": "graph.flowdistribution",
    "pk": 2
},
{
    "fields": {
        "player": 3,
        "path_assignments": [
            8,
            9,
            10,
            11
        ],
        "turn": 1
    },
    "model": "graph.flowdistribution",
    "pk": 3
},
{
    "fields": {
        "player": 4,
        "path_assignments": [
            12,
            13,
            14
        ],
        "turn": 1
    },
    "model": "graph.flowdistribution",
    "pk": 4
},
{
    "fields": {
        "player": 5,
        "path_assignments": [
            15,
            16,
            17
        ],
        "turn": 1
    },
    "model": "graph.flowdistribution",
    "pk": 5
},
{
    "fields": {
        "player": 1,
        "path_assignments": [
            18,
            19,
            20,
            21
        ],
        "turn": 2
    },
    "model": "graph.flowdistribution",
    "pk": 6
},
{
    "fields": {
        "player": 2,
        "path_assignments": [
            22,
            23,
            24
        ],
        "turn": 2
    },
    "model": "graph.flowdistribution",
    "pk": 7
},
{
    "fields": {
        "player": 3,
        "path_assignments": [
            25,
            26,
            27,
            28
        ],
        "turn": 2
    },
    "model": "graph.flowdistribution",
    "pk": 8
},
{
    "fields": {
        "player": 4,
        "path_assignments": [
            29,
            30,
            31
        ],
        "turn": 2
    },
    "model": "graph.flowdistribution",
    "pk": 9
},
{
    "fields": {
        "player": 5,
        "path_assignments": [
            32,
            33,
            34
        ],
        "turn": 2
    },
    "model": "graph.flowdistribution",
    "pk": 10
},
{
    "fields": {
        "player": 1,
        "path_assignments": [
            35,
            36,
            37,
            38
        ],
        "turn": 3
    },
    "model": "graph.flowdistribution",
    "pk": 11
},
{
    "fields": {
        "player": 2,
        "path_assignments": [
            39,
            40,
            41
        ],
        "turn": 3
    },
    "model": "graph.flowdistribution",
    "pk": 12
},
{
    "fields": {
        "player": 3,
        "path_assignments": [
            42,
            43,
            44,
            45
        ],
        "turn": 3
    },
    "model": "graph.flowdistribution",
    "pk": 13
},
{
    "fields": {
        "player": 4,
        "path_assignments": [
            46,
            47,
            48
        ],
        "turn": 3
    },
    "model": "graph.flowdistribution",
    "pk": 14
},
{
    "fields": {
        "player": 5,
        "path_assignments": [
            49,
            50,
            51
        ],
        "turn": 3
    },
    "model": "graph.flowdistribution",
    "pk": 15
},
{
    "fields": {
        "player": 1,
        "path_assignments": [
            52,
            53,
            54,
            55
        ],
        "turn": 4
    },
    "model": "graph.flowdistribution",
    "pk": 16
},
{
    "fields": {
        "player": 2,
        "path_assignments": [
            56,
            57,
            58
        ],
        "turn": 4
    },
    "model": "graph.flowdistribution",
    "pk": 17
},
{
    "fields": {
        "player": 3,
        "path_assignments": [
            59,
            60,
            61,
            62
        ],
        "turn": 4
    },
    "model": "graph.flowdistribution",
    "pk": 18
},
{
    "fields": {
        "player": 4,
        "path_assignments": [
            63,
            64,
            65
        ],
        "turn": 4
    },
    "model": "graph.flowdistribution",
    "pk": 19
},
{
    "fields": {
        "player": 5,
        "path_assignments": [
            66,
            67,
            68
        ],
        "turn": 4
    },
    "model": "graph.flowdistribution",
    "pk": 20
},
{
    "fields": {
        "player": 1,
        "path_assignments": [
            69,
            70,
            71,
            72
        ],
        "turn": 5
    },
    "model": "graph.flowdistribution",
    "pk": 21
},
{
    "fields": {
        "player": 2,
        "path_assignments": [
            73,
            74,
            75
        ],
        "turn": 5
    },
    "model": "graph.flowdistribution",
    "pk": 22
},
{
    "fields": {
        "player": 3,
        "path_assignments": [
            76,
            77,
            78,
            79
        ],
        "turn": 5
    },
    "model": "graph.flowdistribution",
    "pk": 23
},
{
    "fields": {
        "player": 4,
        "path_assignments": [
            80,
            81,
            82
        ],
        "turn": 5
    },
    "model": "graph.flowdistribution",
    "pk": 24
},
{
    "fields": {
        "player": 5,
        "path_assignments": [
            83,
            84,
            85
        ],
        "turn": 5
    },
    "model": "graph.flowdistribution",
    "pk": 25
},
{
    "fields": {
        "player": 1,
        "path_assignments": [
            86,
            87,
            88,
            89
        ],
        "turn": 6
    },
    "model": "graph.flowdistribution",
    "pk": 26
},
{
    "fields": {
        "player": 2,
        "path_assignments": [
            90,
            91,
            92
        ],
        "turn": 6
    },
    "model": "graph.flowdistribution",
    "pk": 27
},
{
    "fields": {
        "player": 3,
        "path_assignments": [
            93,
            94,
            95,
            96
        ],
        "turn": 6
    },
    "model": "graph.flowdistribution",
    "pk": 28
},
{
    "fields": {
        "player": 4,
        "path_assignments": [
            97,
            98,
            99
        ],
        "turn": 6
    },
    "model": "graph.flowdistribution",
    "pk": 29
},
{
    "fields": {
        "player": 5,
        "path_assignments": [
            100,
            101,
            102
        ],
        "turn": 6
    },
    "model": "graph.flowdistribution",
    "pk": 30
},
{
    "fields": {
        "player": 1,
        "path_assignments": [
            103,
            104,
            105,
            106
        ],
        "turn": 7
    },
    "model": "graph.flowdistribution",
    "pk": 31
},
{
    "fields": {
        "player": 2,
        "path_assignments": [
            107,
            108,
            109
        ],
        "turn": 7
    },
    "model": "graph.flowdistribution",
    "pk": 32
},
{
    "fields": {
        "player": 3,
        "path_assignments": [
            110,
            111,
            112,
            113
        ],
        "turn": 7
    },
    "model": "graph.flowdistribution",
    "pk": 33
},
{
    "fields": {
        "player": 4,
        "path_assignments": [
            114,
            115,
            116
        ],
        "turn": 7
    },
    "model": "graph.flowdistribution",
    "pk": 34
},
{
    "fields": {
        "player": 5,
        "path_assignments": [
            117,
            118,
            119
        ],
        "turn": 7
    },
    "model": "graph.flowdistribution",
    "pk": 35
},
{
    "fields": {
        "player": 1,
        "path_assignments": [
            120,
            121,
            122,
            123
        ],
        "turn": 8
    },
    "model": "graph.flowdistribution",
    "pk": 36
},
{
    "fields": {
        "player": 2,
        "path_assignments": [
            124,
            125,
            126
        ],
        "turn": 8
    },
    "model": "graph.flowdistribution",
    "pk": 37
},
{
    "fields": {
        "player": 3,
        "path_assignments": [
            127,
            128,
            129,
            130
        ],
        "turn": 8
    },
    "model": "graph.flowdistribution",
    "pk": 38
},
{
    "fields": {
        "player": 4,
        "path_assignments": [
            131,
            132,
            133
        ],
        "turn": 8
    },
    "model": "graph.flowdistribution",
    "pk": 39
},
{
    "fields": {
        "player": 5,
        "path_assignments": [
            134,
            135,
            136
        ],
        "turn": 8
    },
    "model": "graph.flowdistribution",
    "pk": 40
},
{
    "fields": {
        "player": 1,
        "path_assignments": [
            137,
            138,
            139,
            140
        ],
        "turn": 9
    },
    "model": "graph.flowdistribution",
    "pk": 41
},
{
    "fields": {
        "player": 2,
        "path_assignments": [
            141,
            142,
            143
        ],
        "turn": 9
    },
    "model": "graph.flowdistribution",
    "pk": 42
},
{
    "fields": {
        "player": 3,
        "path_assignments": [
            144,
            145,
            146,
            147
        ],
        "turn": 9
    },
    "model": "graph.flowdistribution",
    "pk": 43
},
{
    "fields": {
        "player": 4,
        "path_assignments": [
            148,
            149,
            150
        ],
        "turn": 9
    },
    "model": "graph.flowdistribution",
    "pk": 44
},
{
    "fields": {
        "player": 5,
        "path_assignments": [
            151,
            152,
            153
        ],
        "turn": 9
    },
    "model": "graph.flowdistribution",
    "pk": 45
},
{
    "fields": {
        "player": 1,
        "path_assignments": [
            154,
            155,
            156,
            157
        ],
        "turn": 10
    },
    "model": "graph.flowdistribution",
    "pk": 46
},
{
    "fields": {
        "player": 2,
        "path_assignments": [
            158,
            159,
            160
        ],
        "turn": 10
    },
    "model": "graph.flowdistribution",
    "pk": 47
},
{
    "fields": {
        "player": 3,
        "path_assignments": [
            161,
            162,
            163,
            164
        ],
        "turn": 10
    },
    "model": "graph.flowdistribution",
    "pk": 48
},
{
    "fields": {
        "player": 4,
        "path_assignments": [
            165,
            166,
            167
        ],
        "turn": 10
    },
    "model": "graph.flowdistribution",
    "pk": 49
},
{
    "fields": {
        "player": 5,
        "path_assignments": [
            168,
            169,
            170
        ],
        "turn": 10
    },
    "model": "graph.flowdistribution",
    "pk": 50
},
{
    "fields": {
        "player": 1,
        "path_assignments": [
            171,
            172,
            173,
            174
        ],
        "turn": 11
    },
    "model": "graph.flowdistribution",
    "pk": 51
},
{
    "fields": {
        "player": 2,
        "path_assignments": [
            175,
            176,
            177
        ],
        "turn": 11
    },
    "model": "graph.flowdistribution",
    "pk": 52
},
{
    "fields": {
        "player": 3,
        "path_assignments": [
            178,
            179,
            180,
            181
        ],
        "turn": 11
    },
    "model": "graph.flowdistribution",
    "pk": 53
},
{
    "fields": {
        "player": 4,
        "path_assignments": [
            182,
            183,
            184
        ],
        "turn": 11
    },
    "model": "graph.flowdistribution",
    "pk": 54
},
{
    "fields": {
        "player": 5,
        "path_assignments": [
            185,
            186,
            187
        ],
        "turn": 11
    },
    "model": "graph.flowdistribution",
    "pk": 55
},
{
    "fields": {
        "player": 1,
        "path_assignments": [
            188,
            189,
            190,
            191
        ],
        "turn": 12
    },
    "model": "graph.flowdistribution",
    "pk": 56
},
{
    "fields": {
        "player": 2,
        "path_assignments": [
            192,
            193,
            194
        ],
        "turn": 12
    },
    "model": "graph.flowdistribution",
    "pk": 57
},
{
    "fields": {
        "player": 3,
        "path_assignments": [
            195,
            196,
            197,
            198
        ],
        "turn": 12
    },
    "model": "graph.flowdistribution",
    "pk": 58
},
{
    "fields": {
        "player": 4,
        "path_assignments": [
            199,
            200,
            201
        ],
        "turn": 12
    },
    "model": "graph.flowdistribution",
    "pk": 59
},
{
    "fields": {
        "player": 5,
        "path_assignments": [
            202,
            203,
            204
        ],
        "turn": 12
    },
    "model": "graph.flowdistribution",
    "pk": 60
},
{
    "fields": {
        "player": 1,
        "path_assignments": [
            205,
            206,
            207,
            208
        ],
        "turn": 13
    },
    "model": "graph.flowdistribution",
    "pk": 61
},
{
    "fields": {
        "player": 2,
        "path_assignments": [
            209,
            210,
            211
        ],
        "turn": 13
    },
    "model": "graph.flowdistribution",
    "pk": 62
},
{
    "fields": {
        "player": 3,
        "path_assignments": [
            212,
            213,
            214,
            215
        ],
        "turn": 13
    },
    "model": "graph.flowdistribution",
    "pk": 63
},
{
    "fields": {
        "player": 4,
        "path_assignments": [
            216,
            217,
            218
        ],
        "turn": 13
    },
    "model": "graph.flowdistribution",
    "pk": 64
},
{
    "fields": {
        "player": 5,
        "path_assignments": [
            219,
            220,
            221
        ],
        "turn": 13
    },
    "model": "graph.flowdistribution",
    "pk": 65
},
{
    "fields": {
        "player": 1,
        "path_assignments": [
            222,
            223,
            224,
            225
        ],
        "turn": 14
    },
    "model": "graph.flowdistribution",
    "pk": 66
},
{
    "fields": {
        "player": 2,
        "path_assignments": [
            226,
            227,
            228
        ],
        "turn": 14
    },
    "model": "graph.flowdistribution",
    "pk": 67
},
{
    "fields": {
        "player": 3,
        "path_assignments": [
            229,
            230,
            231,
            232
        ],
        "turn": 14
    },
    "model": "graph.flowdistribution",
    "pk": 68
},
{
    "fields": {
        "player": 4,
        "path_assignments": [
            233,
            234,
            235
        ],
        "turn": 14
    },
    "model": "graph.flowdistribution",
    "pk": 69
},
{
    "fields": {
        "player": 5,
        "path_assignments": [
            236,
            237,
            238
        ],
        "turn": 14
    },
    "model": "graph.flowdistribution",
    "pk": 70
},
{
    "fields": {
        "player": 1,
        "path_assignments": [
            239,
            240,
            241,
            242
        ],
        "turn": 15
    },
    "model": "graph.flowdistribution",
    "pk": 71
},
{
    "fields": {
        "player": 2,
        "path_assignments": [
            243,
            244,
            245
        ],
        "turn": 15
    },
    "model": "graph.flowdistribution",
    "pk": 72
},
{
    "fields": {
        "player": 3,
        "path_assignments": [
            246,
            247,
            248,
            249
        ],
        "turn": 15
    },
    "model": "graph.flowdistribution",
    "pk": 73
},
{
    "fields": {
        "player": 4,
        "path_assignments": [
            250,
            251,
            252
        ],
        "turn": 15
    },
    "model": "graph.flowdistribution",
    "pk": 74
},
{
    "fields": {
        "player": 5,
        "path_assignments": [
            253,
            254,
            255
        ],
        "turn": 15
    },
    "model": "graph.flowdistribution",
    "pk": 75
},
{
    "fields": {
        "player": 1,
        "path_assignments": [
            256,
            257,
            258,
            259
        ],
        "turn": 16
    },
    "model": "graph.flowdistribution",
    "pk": 76
},
{
    "fields": {
        "player": 2,
        "path_assignments": [
            260,
            261,
            262
        ],
        "turn": 16
    },
    "model": "graph.flowdistribution",
    "pk": 77
},
{
    "fields": {
        "player": 3,
        "path_assignments": [
            263,
            264,
            265,
            266
        ],
        "turn": 16
    },
    "model": "graph.flowdistribution",
    "pk": 78
},
{
    "fields": {
        "player": 4,
        "path_assignments": [
            267,
            268,
            269
        ],
        "turn": 16
    },
    "model": "graph.flowdistribution",
    "pk": 79
},
{
    "fields": {
        "player": 5,
        "path_assignments": [
            270,
            271,
            272
        ],
        "turn": 16
    },
    "model": "graph.flowdistribution",
    "pk": 80
},
{
    "fields": {
        "player": 1,
        "path_assignments": [
            273,
            274,
            275,
            276
        ],
        "turn": 17
    },
    "model": "graph.flowdistribution",
    "pk": 81
},
{
    "fields": {
        "player": 2,
        "path_assignments": [
            277,
            278,
            279
        ],
        "turn": 17
    },
    "model": "graph.flowdistribution",
    "pk": 82
},
{
    "fields": {
        "player": 3,
        "path_assignments": [
            280,
            281,
            282,
            283
        ],
        "turn": 17
    },
    "model": "graph.flowdistribution",
    "pk": 83
},
{
    "fields": {
        "player": 4,
        "path_assignments": [
            284,
            285,
            286
        ],
        "turn": 17
    },
    "model": "graph.flowdistribution",
    "pk": 84
},
{
    "fields": {
        "player": 5,
        "path_assignments": [
            287,
            288,
            289
        ],
        "turn": 17
    },
    "model": "graph.flowdistribution",
    "pk": 85
},
{
    "fields": {
        "player": 1,
        "path_assignments": [
            290,
            291,
            292,
            293
        ],
        "turn": 18
    },
    "model": "graph.flowdistribution",
    "pk": 86
},
{
    "fields": {
        "player": 2,
        "path_assignments": [
            294,
            295,
            296
        ],
        "turn": 18
    },
    "model": "graph.flowdistribution",
    "pk": 87
},
{
    "fields": {
        "player": 3,
        "path_assignments": [
            297,
            298,
            299,
            300
        ],
        "turn": 18
    },
    "model": "graph.flowdistribution",
    "pk": 88
},
{
    "fields": {
        "player": 4,
        "path_assignments": [
            301,
            302,
            303
        ],
        "turn": 18
    },
    "model": "graph.flowdistribution",
    "pk": 89
},
{
    "fields": {
        "player": 5,
        "path_assignments": [
            304,
            305,
            306
        ],
        "turn": 18
    },
    "model": "graph.flowdistribution",
    "pk": 90
},
{
    "fields": {
        "player": 1,
        "path_assignments": [
            307,
            308,
            309,
            310
        ],
        "turn": 19
    },
    "model": "graph.flowdistribution",
    "pk": 91
},
{
    "fields": {
        "player": 2,
        "path_assignments": [
            311,
            312,
            313
        ],
        "turn": 19
    },
    "model": "graph.flowdistribution",
    "pk": 92
},
{
    "fields": {
        "player": 3,
        "path_assignments": [
            314,
            315,
            316,
            317
        ],
        "turn": 19
    },
    "model": "graph.flowdistribution",
    "pk": 93
},
{
    "fields": {
        "player": 4,
        "path_assignments": [
            318,
            319,
            320
        ],
        "turn": 19
    },
    "model": "graph.flowdistribution",
    "pk": 94
},
{
    "fields": {
        "player": 5,
        "path_assignments": [
            321,
            322,
            323
        ],
        "turn": 19
    },
    "model": "graph.flowdistribution",
    "pk": 95
},
{
    "fields": {
        "player": 1,
        "path_assignments": [
            324,
            325,
            326,
            327
        ],
        "turn": 20
    },
    "model": "graph.flowdistribution",
    "pk": 96
},
{
    "fields": {
        "player": 2,
        "path_assignments": [
            328,
            329,
            330
        ],
        "turn": 20
    },
    "model": "graph.flowdistribution",
    "pk": 97
},
{
    "fields": {
        "player": 3,
        "path_assignments": [
            331,
            332,
            333,
            334
        ],
        "turn": 20
    },
    "model": "graph.flowdistribution",
    "pk": 98
},
{
    "fields": {
        "player": 4,
        "path_assignments": [
            335,
            336,
            337
        ],
        "turn": 20
    },
    "model": "graph.flowdistribution",
    "pk": 99
},
{
    "fields": {
        "player": 5,
        "path_assignments": [
            338,
            339,
            340
        ],
        "turn": 20
    },
    "model": "graph.flowdistribution",
    "pk": 100
},
{
    "fields": {
        "player": 1,
        "path_assignments": [
            341,
            342,
            343,
            344
        ],
        "turn": 21
    },
    "model": "graph.flowdistribution",
    "pk": 101
},
{
    "fields": {
        "player": 2,
        "path_assignments": [
            345,
            346,
            347
        ],
        "turn": 21
    },
    "model": "graph.flowdistribution",
    "pk": 102
},
{
    "fields": {
        "player": 3,
        "path_assignments": [
            348,
            349,
            350,
            351
        ],
        "turn": 21
    },
    "model": "graph.flowdistribution",
    "pk": 103
},
{
    "fields": {
        "player": 4,
        "path_assignments": [
            352,
            353,
            354
        ],
        "turn": 21
    },
    "model": "graph.flowdistribution",
    "pk": 104
},
{
    "fields": {
        "player": 5,
        "path_assignments": [
            355,
            356,
            357
        ],
        "turn": 21
    },
    "model": "graph.flowdistribution",
    "pk": 105
},
{
    "fields": {
        "player": 1,
        "path_assignments": [
            358,
            359,
            360,
            361
        ],
        "turn": 22
    },
    "model": "graph.flowdistribution",
    "pk": 106
},
{
    "fields": {
        "player": 2,
        "path_assignments": [
            362,
            363,
            364
        ],
        "turn": 22
    },
    "model": "graph.flowdistribution",
    "pk": 107
},
{
    "fields": {
        "player": 3,
        "path_assignments": [
            365,
            366,
            367,
            368
        ],
        "turn": 22
    },
    "model": "graph.flowdistribution",
    "pk": 108
},
{
    "fields": {
        "player": 4,
        "path_assignments": [
            369,
            370,
            371
        ],
        "turn": 22
    },
    "model": "graph.flowdistribution",
    "pk": 109
},
{
    "fields": {
        "player": 5,
        "path_assignments": [
            372,
            373,
            374
        ],
        "turn": 22
    },
    "model": "graph.flowdistribution",
    "pk": 110
},
{
    "fields": {
        "player": 1,
        "path_assignments": [
            375,
            376,
            377,
            378
        ],
        "turn": 23
    },
    "model": "graph.flowdistribution",
    "pk": 111
},
{
    "fields": {
        "player": 2,
        "path_assignments": [
            379,
            380,
            381
        ],
        "turn": 23
    },
    "model": "graph.flowdistribution",
    "pk": 112
},
{
    "fields": {
        "player": 3,
        "path_assignments": [
            382,
            383,
            384,
            385
        ],
        "turn": 23
    },
    "model": "graph.flowdistribution",
    "pk": 113
},
{
    "fields": {
        "player": 4,
        "path_assignments": [
            386,
            387,
            388
        ],
        "turn": 23
    },
    "model": "graph.flowdistribution",
    "pk": 114
},
{
    "fields": {
        "player": 5,
        "path_assignments": [
            389,
            390,
            391
        ],
        "turn": 23
    },
    "model": "graph.flowdistribution",
    "pk": 115
},
{
    "fields": {
        "player": 1,
        "path_assignments": [
            392,
            393,
            394,
            395
        ],
        "turn": 24
    },
    "model": "graph.flowdistribution",
    "pk": 116
},
{
    "fields": {
        "player": 2,
        "path_assignments": [
            396,
            397,
            398
        ],
        "turn": 24
    },
    "model": "graph.flowdistribution",
    "pk": 117
},
{
    "fields": {
        "player": 3,
        "path_assignments": [
            399,
            400,
            401,
            402
        ],
        "turn": 24
    },
    "model": "graph.flowdistribution",
    "pk": 118
},
{
    "fields": {
        "player": 4,
        "path_assignments": [
            403,
            404,
            405
        ],
        "turn": 24
    },
    "model": "graph.flowdistribution",
    "pk": 119
},
{
    "fields": {
        "player": 5,
        "path_assignments": [
            406,
            407,
            408
        ],
        "turn": 24
    },
    "model": "graph.flowdistribution",
    "pk": 120
},
{
    "fields": {
        "player": 1,
        "path_assignments": [
            409,
            410,
            411,
            412
        ],
        "turn": 25
    },
    "model": "graph.flowdistribution",
    "pk": 121
},
{
    "fields": {
        "player": 2,
        "path_assignments": [
            413,
            414,
            415
        ],
        "turn": 25
    },
    "model": "graph.flowdistribution",
    "pk": 122
},
{
    "fields": {
        "player": 3,
        "path_assignments": [
            416,
            417,
            418,
            419
        ],
        "turn": 25
    },
    "model": "graph.flowdistribution",
    "pk": 123
},
{
    "fields": {
        "player": 4,
        "path_assignments": [
            420,
            421,
            422
        ],
        "turn": 25
    },
    "model": "graph.flowdistribution",
    "pk": 124
},
{
    "fields": {
        "player": 5,
        "path_assignments": [
            423,
            424,
            425
        ],
        "turn": 25
    },
    "model": "graph.flowdistribution",
    "pk": 125
},
{
    "fields": {
        "player": 1,
        "path_assignments": [
            426,
            427,
            428,
            429
        ],
        "turn": 26
    },
    "model": "graph.flowdistribution",
    "pk": 126
},
{
    "fields": {
        "player": 2,
        "path_assignments": [
            430,
            431,
            432
        ],
        "turn": 26
    },
    "model": "graph.flowdistribution",
    "pk": 127
},
{
    "fields": {
        "player": 3,
        "path_assignments": [
            433,
            434,
            435,
            436
        ],
        "turn": 26
    },
    "model": "graph.flowdistribution",
    "pk": 128
},
{
    "fields": {
        "player": 4,
        "path_assignments": [
            437,
            438,
            439
        ],
        "turn": 26
    },
    "model": "graph.flowdistribution",
    "pk": 129
},
{
    "fields": {
        "player": 5,
        "path_assignments": [
            440,
            441,
            442
        ],
        "turn": 26
    },
    "model": "graph.flowdistribution",
    "pk": 130
},
{
    "fields": {
        "player": 1,
        "path_assignments": [
            443,
            444,
            445,
            446
        ],
        "turn": 27
    },
    "model": "graph.flowdistribution",
    "pk": 131
},
{
    "fields": {
        "player": 2,
        "path_assignments": [
            447,
            448,
            449
        ],
        "turn": 27
    },
    "model": "graph.flowdistribution",
    "pk": 132
},
{
    "fields": {
        "player": 3,
        "path_assignments": [
            450,
            451,
            452,
            453
        ],
        "turn": 27
    },
    "model": "graph.flowdistribution",
    "pk": 133
},
{
    "fields": {
        "player": 4,
        "path_assignments": [
            454,
            455,
            456
        ],
        "turn": 27
    },
    "model": "graph.flowdistribution",
    "pk": 134
},
{
    "fields": {
        "player": 5,
        "path_assignments": [
            457,
            458,
            459
        ],
        "turn": 27
    },
    "model": "graph.flowdistribution",
    "pk": 135
},
{
    "fields": {
        "player": 1,
        "path_assignments": [
            460,
            461,
            462,
            463
        ],
        "turn": 28
    },
    "model": "graph.flowdistribution",
    "pk": 136
},
{
    "fields": {
        "player": 2,
        "path_assignments": [
            464,
            465,
            466
        ],
        "turn": 28
    },
    "model": "graph.flowdistribution",
    "pk": 137
},
{
    "fields": {
        "player": 3,
        "path_assignments": [
            467,
            468,
            469,
            470
        ],
        "turn": 28
    },
    "model": "graph.flowdistribution",
    "pk": 138
},
{
    "fields": {
        "player": 4,
        "path_assignments": [
            471,
            472,
            473
        ],
        "turn": 28
    },
    "model": "graph.flowdistribution",
    "pk": 139
},
{
    "fields": {
        "player": 5,
        "path_assignments": [
            474,
            475,
            476
        ],
        "turn": 28
    },
    "model": "graph.flowdistribution",
    "pk": 140
},
{
    "fields": {
        "player": 1,
        "path_assignments": [
            477,
            478,
            479,
            480
        ],
        "turn": 29
    },
    "model": "graph.flowdistribution",
    "pk": 141
},
{
    "fields": {
        "player": 2,
        "path_assignments": [
            481,
            482,
            483
        ],
        "turn": 29
    },
    "model": "graph.flowdistribution",
    "pk": 142
},
{
    "fields": {
        "player": 3,
        "path_assignments": [
            484,
            485,
            486,
            487
        ],
        "turn": 29
    },
    "model": "graph.flowdistribution",
    "pk": 143
},
{
    "fields": {
        "player": 4,
        "path_assignments": [
            488,
            489,
            490
        ],
        "turn": 29
    },
    "model": "graph.flowdistribution",
    "pk": 144
},
{
    "fields": {
        "player": 5,
        "path_assignments": [
            491,
            492,
            493
        ],
        "turn": 29
    },
    "model": "graph.flowdistribution",
    "pk": 145
},
{
    "fields": {
        "player": 1,
        "path_assignments": [
            494,
            495,
            496,
            497
        ],
        "turn": 30
    },
    "model": "graph.flowdistribution",
    "pk": 146
},
{
    "fields": {
        "player": 2,
        "path_assignments": [
            498,
            499,
            500
        ],
        "turn": 30
    },
    "model": "graph.flowdistribution",
    "pk": 147
},
{
    "fields": {
        "player": 3,
        "path_assignments": [
            501,
            502,
            503,
            504
        ],
        "turn": 30
    },
    "model": "graph.flowdistribution",
    "pk": 148
},
{
    "fields": {
        "player": 4,
        "path_assignments": [
            505,
            506,
            507
        ],
        "turn": 30
    },
    "model": "graph.flowdistribution",
    "pk": 149
},
{
    "fields": {
        "player": 5,
        "path_assignments": [
            508,
            509,
            510
        ],
        "turn": 30
    },
    "model": "graph.flowdistribution",
    "pk": 150
},
{
    "fields": {
        "player": 1,
        "path_assignments": [
            511,
            512,
            513,
            514
        ],
        "turn": 31
    },
    "model": "graph.flowdistribution",
    "pk": 151
},
{
    "fields": {
        "player": 2,
        "path_assignments": [
            515,
            516,
            517
        ],
        "turn": 31
    },
    "model": "graph.flowdistribution",
    "pk": 152
},
{
    "fields": {
        "player": 3,
        "path_assignments": [
            518,
            519,
            520,
            521
        ],
        "turn": 31
    },
    "model": "graph.flowdistribution",
    "pk": 153
},
{
    "fields": {
        "player": 4,
        "path_assignments": [
            522,
            523,
            524
        ],
        "turn": 31
    },
    "model": "graph.flowdistribution",
    "pk": 154
},
{
    "fields": {
        "player": 5,
        "path_assignments": [
            525,
            526,
            527
        ],
        "turn": 31
    },
    "model": "graph.flowdistribution",
    "pk": 155
},
{
    "fields": {
        "player": 1,
        "path_assignments": [
            528,
            529,
            530,
            531
        ],
        "turn": 32
    },
    "model": "graph.flowdistribution",
    "pk": 156
},
{
    "fields": {
        "player": 2,
        "path_assignments": [
            532,
            533,
            534
        ],
        "turn": 32
    },
    "model": "graph.flowdistribution",
    "pk": 157
},
{
    "fields": {
        "player": 3,
        "path_assignments": [
            535,
            536,
            537,
            538
        ],
        "turn": 32
    },
    "model": "graph.flowdistribution",
    "pk": 158
},
{
    "fields": {
        "player": 4,
        "path_assignments": [
            539,
            540,
            541
        ],
        "turn": 32
    },
    "model": "graph.flowdistribution",
    "pk": 159
},
{
    "fields": {
        "player": 5,
        "path_assignments": [
            542,
            543,
            544
        ],
        "turn": 32
    },
    "model": "graph.flowdistribution",
    "pk": 160
},
{
    "fields": {
        "edge": "01180e3f595f64bd0fccad5f7d2a73be",
        "cost": 1.5
    },
    "model": "graph.edgecost",
    "pk": 1
},
{
    "fields": {
        "edge": "14812841179217cfdb6e63d0ffbef319",
        "cost": 2.33333333333333
    },
    "model": "graph.edgecost",
    "pk": 2
},
{
    "fields": {
        "edge": "182175f053c3703cb8d33b8a8425f647",
        "cost": 1.91666666666667
    },
    "model": "graph.edgecost",
    "pk": 3
},
{
    "fields": {
        "edge": "187f70636347316d2626d5edc4548ef2",
        "cost": 0.791666666666667
    },
    "model": "graph.edgecost",
    "pk": 4
},
{
    "fields": {
        "edge": "301c5a0c06642fbe79661af6fb1a0896",
        "cost": 1.66666666666667
    },
    "model": "graph.edgecost",
    "pk": 5
},
{
    "fields": {
        "edge": "3c8b3e83bef2492e3a4ce8ca52d51591",
        "cost": 4.66666666666666
    },
    "model": "graph.edgecost",
    "pk": 6
},
{
    "fields": {
        "edge": "60dc0a497c04648c9e4641bd18c17b04",
        "cost": 1.58333333333333
    },
    "model": "graph.edgecost",
    "pk": 7
},
{
    "fields": {
        "edge": "b81e5815c9ad0e911fcae8ce6542ce68",
        "cost": 2.41666666666667
    },
    "model": "graph.edgecost",
    "pk": 8
},
{
    "fields": {
        "edge": "be20b37134dc0fe6c75fa9314fe7adce",
        "cost": 0.5
    },
    "model": "graph.edgecost",
    "pk": 9
},
{
    "fields": {
        "edge": "cdff64e531121d7e2da47c95529415de",
        "cost": 1.83333333333333
    },
    "model": "graph.edgecost",
    "pk": 10
},
{
    "fields": {
        "edge": "d2139601f439afc2d48ccc82a655eec9",
        "cost": 2.33333333333333
    },
    "model": "graph.edgecost",
    "pk": 11
},
{
    "fields": {
        "edge": "f989b13a4792dd7eb3d47a078a7b446c",
        "cost": 1.0
    },
    "model": "graph.edgecost",
    "pk": 12
},
{
    "fields": {
        "edge": "fa87b1d9062a52fa051e7db856781a26",
        "cost": 1.08333333333333
    },
    "model": "graph.edgecost",
    "pk": 13
},
{
    "fields": {
        "edge": "01180e3f595f64bd0fccad5f7d2a73be",
        "cost": 2.26596576581685
    },
    "model": "graph.edgecost",
    "pk": 14
},
{
    "fields": {
        "edge": "14812841179217cfdb6e63d0ffbef319",
        "cost": 2.83121839766892
    },
    "model": "graph.edgecost",
    "pk": 15
},
{
    "fields": {
        "edge": "182175f053c3703cb8d33b8a8425f647",
        "cost": 1.85523568503029
    },
    "model": "graph.edgecost",
    "pk": 16
},
{
    "fields": {
        "edge": "187f70636347316d2626d5edc4548ef2",
        "cost": 0.893328346176681
    },
    "model": "graph.edgecost",
    "pk": 17
},
{
    "fields": {
        "edge": "301c5a0c06642fbe79661af6fb1a0896",
        "cost": 1.16878160233108
    },
    "model": "graph.edgecost",
    "pk": 18
},
{
    "fields": {
        "edge": "3c8b3e83bef2492e3a4ce8ca52d51591",
        "cost": 2.09604560250351
    },
    "model": "graph.edgecost",
    "pk": 19
},
{
    "fields": {
        "edge": "60dc0a497c04648c9e4641bd18c17b04",
        "cost": 1.64476431496971
    },
    "model": "graph.edgecost",
    "pk": 20
},
{
    "fields": {
        "edge": "b81e5815c9ad0e911fcae8ce6542ce68",
        "cost": 1.95875288203831
    },
    "model": "graph.edgecost",
    "pk": 21
},
{
    "fields": {
        "edge": "be20b37134dc0fe6c75fa9314fe7adce",
        "cost": 0.5
    },
    "model": "graph.edgecost",
    "pk": 22
},
{
    "fields": {
        "edge": "cdff64e531121d7e2da47c95529415de",
        "cost": 1.42668661529328
    },
    "model": "graph.edgecost",
    "pk": 23
},
{
    "fields": {
        "edge": "d2139601f439afc2d48ccc82a655eec9",
        "cost": 3.37202286586279
    },
    "model": "graph.edgecost",
    "pk": 24
},
{
    "fields": {
        "edge": "f989b13a4792dd7eb3d47a078a7b446c",
        "cost": 1.0
    },
    "model": "graph.edgecost",
    "pk": 25
},
{
    "fields": {
        "edge": "fa87b1d9062a52fa051e7db856781a26",
        "cost": 1.54124711796169
    },
    "model": "graph.edgecost",
    "pk": 26
},
{
    "fields": {
        "edge": "01180e3f595f64bd0fccad5f7d2a73be",
        "cost": 2.06625534861175
    },
    "model": "graph.edgecost",
    "pk": 27
},
{
    "fields": {
        "edge": "14812841179217cfdb6e63d0ffbef319",
        "cost": 1.97520923231678
    },
    "model": "graph.edgecost",
    "pk": 28
},
{
    "fields": {
        "edge": "182175f053c3703cb8d33b8a8425f647",
        "cost": 2.22411944715957
    },
    "model": "graph.edgecost",
    "pk": 29
},
{
    "fields": {
        "edge": "187f70636347316d2626d5edc4548ef2",
        "cost": 0.861057416937827
    },
    "model": "graph.edgecost",
    "pk": 30
},
{
    "fields": {
        "edge": "301c5a0c06642fbe79661af6fb1a0896",
        "cost": 2.02479076768322
    },
    "model": "graph.edgecost",
    "pk": 31
},
{
    "fields": {
        "edge": "3c8b3e83bef2492e3a4ce8ca52d51591",
        "cost": 4.41753386292099
    },
    "model": "graph.edgecost",
    "pk": 32
},
{
    "fields": {
        "edge": "60dc0a497c04648c9e4641bd18c17b04",
        "cost": 1.27588055284043
    },
    "model": "graph.edgecost",
    "pk": 33
},
{
    "fields": {
        "edge": "b81e5815c9ad0e911fcae8ce6542ce68",
        "cost": 2.55090283291267
    },
    "model": "graph.edgecost",
    "pk": 34
},
{
    "fields": {
        "edge": "be20b37134dc0fe6c75fa9314fe7adce",
        "cost": 0.5
    },
    "model": "graph.edgecost",
    "pk": 35
},
{
    "fields": {
        "edge": "cdff64e531121d7e2da47c95529415de",
        "cost": 1.55577033224869
    },
    "model": "graph.edgecost",
    "pk": 36
},
{
    "fields": {
        "edge": "d2139601f439afc2d48ccc82a655eec9",
        "cost": 1.44995543985552
    },
    "model": "graph.edgecost",
    "pk": 37
},
{
    "fields": {
        "edge": "f989b13a4792dd7eb3d47a078a7b446c",
        "cost": 1.0
    },
    "model": "graph.edgecost",
    "pk": 38
},
{
    "fields": {
        "edge": "fa87b1d9062a52fa051e7db856781a26",
        "cost": 0.94909716708733
    },
    "model": "graph.edgecost",
    "pk": 39
},
{
    "fields": {
        "edge": "01180e3f595f64bd0fccad5f7d2a73be",
        "cost": 1.47396443750322
    },
    "model": "graph.edgecost",
    "pk": 40
},
{
    "fields": {
        "edge": "14812841179217cfdb6e63d0ffbef319",
        "cost": 2.93556086216985
    },
    "model": "graph.edgecost",
    "pk": 41
},
{
    "fields": {
        "edge": "182175f053c3703cb8d33b8a8425f647",
        "cost": 1.5553463704262
    },
    "model": "graph.edgecost",
    "pk": 42
},
{
    "fields": {
        "edge": "187f70636347316d2626d5edc4548ef2",
        "cost": 0.875538284192203
    },
    "model": "graph.edgecost",
    "pk": 43
},
{
    "fields": {
        "edge": "301c5a0c06642fbe79661af6fb1a0896",
        "cost": 1.06443913783015
    },
    "model": "graph.edgecost",
    "pk": 44
},
{
    "fields": {
        "edge": "3c8b3e83bef2492e3a4ce8ca52d51591",
        "cost": 2.22744415534491
    },
    "model": "graph.edgecost",
    "pk": 45
},
{
    "fields": {
        "edge": "60dc0a497c04648c9e4641bd18c17b04",
        "cost": 1.9446536295738
    },
    "model": "graph.edgecost",
    "pk": 46
},
{
    "fields": {
        "edge": "b81e5815c9ad0e911fcae8ce6542ce68",
        "cost": 1.53234014474948
    },
    "model": "graph.edgecost",
    "pk": 47
},
{
    "fields": {
        "edge": "be20b37134dc0fe6c75fa9314fe7adce",
        "cost": 0.5
    },
    "model": "graph.edgecost",
    "pk": 48
},
{
    "fields": {
        "edge": "cdff64e531121d7e2da47c95529415de",
        "cost": 1.49784686323119
    },
    "model": "graph.edgecost",
    "pk": 49
},
{
    "fields": {
        "edge": "d2139601f439afc2d48ccc82a655eec9",
        "cost": 4.82462696964864
    },
    "model": "graph.edgecost",
    "pk": 50
},
{
    "fields": {
        "edge": "f989b13a4792dd7eb3d47a078a7b446c",
        "cost": 1.0
    },
    "model": "graph.edgecost",
    "pk": 51
},
{
    "fields": {
        "edge": "fa87b1d9062a52fa051e7db856781a26",
        "cost": 1.96765985525052
    },
    "model": "graph.edgecost",
    "pk": 52
},
{
    "fields": {
        "edge": "01180e3f595f64bd0fccad5f7d2a73be",
        "cost": 2.04850281042088
    },
    "model": "graph.edgecost",
    "pk": 53
},
{
    "fields": {
        "edge": "14812841179217cfdb6e63d0ffbef319",
        "cost": 2.78058738854568
    },
    "model": "graph.edgecost",
    "pk": 54
},
{
    "fields": {
        "edge": "182175f053c3703cb8d33b8a8425f647",
        "cost": 1.996093666315
    },
    "model": "graph.edgecost",
    "pk": 55
},
{
    "fields": {
        "edge": "187f70636347316d2626d5edc4548ef2",
        "cost": 0.892434200531202
    },
    "model": "graph.edgecost",
    "pk": 56
},
{
    "fields": {
        "edge": "301c5a0c06642fbe79661af6fb1a0896",
        "cost": 1.21941261145432
    },
    "model": "graph.edgecost",
    "pk": 57
},
{
    "fields": {
        "edge": "3c8b3e83bef2492e3a4ce8ca52d51591",
        "cost": 2.4745257222495
    },
    "model": "graph.edgecost",
    "pk": 58
},
{
    "fields": {
        "edge": "60dc0a497c04648c9e4641bd18c17b04",
        "cost": 1.503906333685
    },
    "model": "graph.edgecost",
    "pk": 59
},
{
    "fields": {
        "edge": "b81e5815c9ad0e911fcae8ce6542ce68",
        "cost": 1.78967200523063
    },
    "model": "graph.edgecost",
    "pk": 60
},
{
    "fields": {
        "edge": "be20b37134dc0fe6c75fa9314fe7adce",
        "cost": 0.5
    },
    "model": "graph.edgecost",
    "pk": 61
},
{
    "fields": {
        "edge": "cdff64e531121d7e2da47c95529415de",
        "cost": 1.43026319787519
    },
    "model": "graph.edgecost",
    "pk": 62
},
{
    "fields": {
        "edge": "d2139601f439afc2d48ccc82a655eec9",
        "cost": 3.42846865690874
    },
    "model": "graph.edgecost",
    "pk": 63
},
{
    "fields": {
        "edge": "f989b13a4792dd7eb3d47a078a7b446c",
        "cost": 1.0
    },
    "model": "graph.edgecost",
    "pk": 64
},
{
    "fields": {
        "edge": "fa87b1d9062a52fa051e7db856781a26",
        "cost": 1.71032799476937
    },
    "model": "graph.edgecost",
    "pk": 65
},
{
    "fields": {
        "edge": "01180e3f595f64bd0fccad5f7d2a73be",
        "cost": 2.47783060427747
    },
    "model": "graph.edgecost",
    "pk": 66
},
{
    "fields": {
        "edge": "14812841179217cfdb6e63d0ffbef319",
        "cost": 2.50679319234136
    },
    "model": "graph.edgecost",
    "pk": 67
},
{
    "fields": {
        "edge": "182175f053c3703cb8d33b8a8425f647",
        "cost": 2.21597005215374
    },
    "model": "graph.edgecost",
    "pk": 68
},
{
    "fields": {
        "edge": "187f70636347316d2626d5edc4548ef2",
        "cost": 0.892870328130851
    },
    "model": "graph.edgecost",
    "pk": 69
},
{
    "fields": {
        "edge": "301c5a0c06642fbe79661af6fb1a0896",
        "cost": 1.49320680765864
    },
    "model": "graph.edgecost",
    "pk": 70
},
{
    "fields": {
        "edge": "3c8b3e83bef2492e3a4ce8ca52d51591",
        "cost": 3.08657428269337
    },
    "model": "graph.edgecost",
    "pk": 71
},
{
    "fields": {
        "edge": "60dc0a497c04648c9e4641bd18c17b04",
        "cost": 1.28402994784627
    },
    "model": "graph.edgecost",
    "pk": 72
},
{
    "fields": {
        "edge": "b81e5815c9ad0e911fcae8ce6542ce68",
        "cost": 2.30514769347042
    },
    "model": "graph.edgecost",
    "pk": 73
},
{
    "fields": {
        "edge": "be20b37134dc0fe6c75fa9314fe7adce",
        "cost": 0.5
    },
    "model": "graph.edgecost",
    "pk": 74
},
{
    "fields": {
        "edge": "cdff64e531121d7e2da47c95529415de",
        "cost": 1.4285186874766
    },
    "model": "graph.edgecost",
    "pk": 75
},
{
    "fields": {
        "edge": "d2139601f439afc2d48ccc82a655eec9",
        "cost": 1.9577645087517
    },
    "model": "graph.edgecost",
    "pk": 76
},
{
    "fields": {
        "edge": "f989b13a4792dd7eb3d47a078a7b446c",
        "cost": 1.0
    },
    "model": "graph.edgecost",
    "pk": 77
},
{
    "fields": {
        "edge": "fa87b1d9062a52fa051e7db856781a26",
        "cost": 1.19485230652959
    },
    "model": "graph.edgecost",
    "pk": 78
},
{
    "fields": {
        "edge": "01180e3f595f64bd0fccad5f7d2a73be",
        "cost": 1.72811841969269
    },
    "model": "graph.edgecost",
    "pk": 79
},
{
    "fields": {
        "edge": "14812841179217cfdb6e63d0ffbef319",
        "cost": 2.55524396545517
    },
    "model": "graph.edgecost",
    "pk": 80
},
{
    "fields": {
        "edge": "182175f053c3703cb8d33b8a8425f647",
        "cost": 1.96561594717517
    },
    "model": "graph.edgecost",
    "pk": 81
},
{
    "fields": {
        "edge": "187f70636347316d2626d5edc4548ef2",
        "cost": 0.909692171760306
    },
    "model": "graph.edgecost",
    "pk": 82
},
{
    "fields": {
        "edge": "301c5a0c06642fbe79661af6fb1a0896",
        "cost": 1.44475603454483
    },
    "model": "graph.edgecost",
    "pk": 83
},
{
    "fields": {
        "edge": "3c8b3e83bef2492e3a4ce8ca52d51591",
        "cost": 2.73367019724535
    },
    "model": "graph.edgecost",
    "pk": 84
},
{
    "fields": {
        "edge": "60dc0a497c04648c9e4641bd18c17b04",
        "cost": 1.53438405282483
    },
    "model": "graph.edgecost",
    "pk": 85
},
{
    "fields": {
        "edge": "b81e5815c9ad0e911fcae8ce6542ce68",
        "cost": 1.62933757114019
    },
    "model": "graph.edgecost",
    "pk": 86
},
{
    "fields": {
        "edge": "be20b37134dc0fe6c75fa9314fe7adce",
        "cost": 0.5
    },
    "model": "graph.edgecost",
    "pk": 87
},
{
    "fields": {
        "edge": "cdff64e531121d7e2da47c95529415de",
        "cost": 1.36123131295878
    },
    "model": "graph.edgecost",
    "pk": 88
},
{
    "fields": {
        "edge": "d2139601f439afc2d48ccc82a655eec9",
        "cost": 3.81009296336928
    },
    "model": "graph.edgecost",
    "pk": 89
},
{
    "fields": {
        "edge": "f989b13a4792dd7eb3d47a078a7b446c",
        "cost": 1.0
    },
    "model": "graph.edgecost",
    "pk": 90
},
{
    "fields": {
        "edge": "fa87b1d9062a52fa051e7db856781a26",
        "cost": 1.87066242885981
    },
    "model": "graph.edgecost",
    "pk": 91
},
{
    "fields": {
        "edge": "01180e3f595f64bd0fccad5f7d2a73be",
        "cost": 2.95600677669965
    },
    "model": "graph.edgecost",
    "pk": 92
},
{
    "fields": {
        "edge": "14812841179217cfdb6e63d0ffbef319",
        "cost": 2.23332225320306
    },
    "model": "graph.edgecost",
    "pk": 93
},
{
    "fields": {
        "edge": "182175f053c3703cb8d33b8a8425f647",
        "cost": 2.36755831009206
    },
    "model": "graph.edgecost",
    "pk": 94
},
{
    "fields": {
        "edge": "187f70636347316d2626d5edc4548ef2",
        "cost": 0.920981293235057
    },
    "model": "graph.edgecost",
    "pk": 95
},
{
    "fields": {
        "edge": "301c5a0c06642fbe79661af6fb1a0896",
        "cost": 1.76667774679694
    },
    "model": "graph.edgecost",
    "pk": 96
},
{
    "fields": {
        "edge": "3c8b3e83bef2492e3a4ce8ca52d51591",
        "cost": 3.05980953959146
    },
    "model": "graph.edgecost",
    "pk": 97
},
{
    "fields": {
        "edge": "60dc0a497c04648c9e4641bd18c17b04",
        "cost": 1.13244168990794
    },
    "model": "graph.edgecost",
    "pk": 98
},
{
    "fields": {
        "edge": "b81e5815c9ad0e911fcae8ce6542ce68",
        "cost": 2.61835323640332
    },
    "model": "graph.edgecost",
    "pk": 99
},
{
    "fields": {
        "edge": "be20b37134dc0fe6c75fa9314fe7adce",
        "cost": 0.5
    },
    "model": "graph.edgecost",
    "pk": 100
},
{
    "fields": {
        "edge": "cdff64e531121d7e2da47c95529415de",
        "cost": 1.31607482705977
    },
    "model": "graph.edgecost",
    "pk": 101
},
{
    "fields": {
        "edge": "d2139601f439afc2d48ccc82a655eec9",
        "cost": 1.02817690700923
    },
    "model": "graph.edgecost",
    "pk": 102
},
{
    "fields": {
        "edge": "f989b13a4792dd7eb3d47a078a7b446c",
        "cost": 1.0
    },
    "model": "graph.edgecost",
    "pk": 103
},
{
    "fields": {
        "edge": "fa87b1d9062a52fa051e7db856781a26",
        "cost": 0.881646763596676
    },
    "model": "graph.edgecost",
    "pk": 104
},
{
    "fields": {
        "edge": "01180e3f595f64bd0fccad5f7d2a73be",
        "cost": 1.77583921870234
    },
    "model": "graph.edgecost",
    "pk": 105
},
{
    "fields": {
        "edge": "14812841179217cfdb6e63d0ffbef319",
        "cost": 2.66921089014362
    },
    "model": "graph.edgecost",
    "pk": 106
},
{
    "fields": {
        "edge": "182175f053c3703cb8d33b8a8425f647",
        "cost": 1.65896853000699
    },
    "model": "graph.edgecost",
    "pk": 107
},
{
    "fields": {
        "edge": "187f70636347316d2626d5edc4548ef2",
        "cost": 0.924576774647784
    },
    "model": "graph.edgecost",
    "pk": 108
},
{
    "fields": {
        "edge": "301c5a0c06642fbe79661af6fb1a0896",
        "cost": 1.33078910985638
    },
    "model": "graph.edgecost",
    "pk": 109
},
{
    "fields": {
        "edge": "3c8b3e83bef2492e3a4ce8ca52d51591",
        "cost": 2.11449504864249
    },
    "model": "graph.edgecost",
    "pk": 110
},
{
    "fields": {
        "edge": "60dc0a497c04648c9e4641bd18c17b04",
        "cost": 1.84103146999301
    },
    "model": "graph.edgecost",
    "pk": 111
},
{
    "fields": {
        "edge": "b81e5815c9ad0e911fcae8ce6542ce68",
        "cost": 1.67411821301659
    },
    "model": "graph.edgecost",
    "pk": 112
},
{
    "fields": {
        "edge": "be20b37134dc0fe6c75fa9314fe7adce",
        "cost": 0.5
    },
    "model": "graph.edgecost",
    "pk": 113
},
{
    "fields": {
        "edge": "cdff64e531121d7e2da47c95529415de",
        "cost": 1.30169290140886
    },
    "model": "graph.edgecost",
    "pk": 114
},
{
    "fields": {
        "edge": "d2139601f439afc2d48ccc82a655eec9",
        "cost": 4.33382651395284
    },
    "model": "graph.edgecost",
    "pk": 115
},
{
    "fields": {
        "edge": "f989b13a4792dd7eb3d47a078a7b446c",
        "cost": 1.0
    },
    "model": "graph.edgecost",
    "pk": 116
},
{
    "fields": {
        "edge": "fa87b1d9062a52fa051e7db856781a26",
        "cost": 1.82588178698341
    },
    "model": "graph.edgecost",
    "pk": 117
},
{
    "fields": {
        "edge": "01180e3f595f64bd0fccad5f7d2a73be",
        "cost": 2.02892149983209
    },
    "model": "graph.edgecost",
    "pk": 118
},
{
    "fields": {
        "edge": "14812841179217cfdb6e63d0ffbef319",
        "cost": 1.64916290778035
    },
    "model": "graph.edgecost",
    "pk": 119
},
{
    "fields": {
        "edge": "182175f053c3703cb8d33b8a8425f647",
        "cost": 2.17439889247024
    },
    "model": "graph.edgecost",
    "pk": 120
},
{
    "fields": {
        "edge": "187f70636347316d2626d5edc4548ef2",
        "cost": 0.907004573559858
    },
    "model": "graph.edgecost",
    "pk": 121
},
{
    "fields": {
        "edge": "301c5a0c06642fbe79661af6fb1a0896",
        "cost": 2.35083709221965
    },
    "model": "graph.edgecost",
    "pk": 122
},
{
    "fields": {
        "edge": "3c8b3e83bef2492e3a4ce8ca52d51591",
        "cost": 4.38385349490704
    },
    "model": "graph.edgecost",
    "pk": 123
},
{
    "fields": {
        "edge": "60dc0a497c04648c9e4641bd18c17b04",
        "cost": 1.32560110752976
    },
    "model": "graph.edgecost",
    "pk": 124
},
{
    "fields": {
        "edge": "b81e5815c9ad0e911fcae8ce6542ce68",
        "cost": 2.54644935481536
    },
    "model": "graph.edgecost",
    "pk": 125
},
{
    "fields": {
        "edge": "be20b37134dc0fe6c75fa9314fe7adce",
        "cost": 0.5
    },
    "model": "graph.edgecost",
    "pk": 126
},
{
    "fields": {
        "edge": "cdff64e531121d7e2da47c95529415de",
        "cost": 1.37198170576057
    },
    "model": "graph.edgecost",
    "pk": 127
},
{
    "fields": {
        "edge": "d2139601f439afc2d48ccc82a655eec9",
        "cost": 1.55830350542879
    },
    "model": "graph.edgecost",
    "pk": 128
},
{
    "fields": {
        "edge": "f989b13a4792dd7eb3d47a078a7b446c",
        "cost": 1.0
    },
    "model": "graph.edgecost",
    "pk": 129
},
{
    "fields": {
        "edge": "fa87b1d9062a52fa051e7db856781a26",
        "cost": 0.953550645184637
    },
    "model": "graph.edgecost",
    "pk": 130
},
{
    "fields": {
        "edge": "01180e3f595f64bd0fccad5f7d2a73be",
        "cost": 2.52971862736441
    },
    "model": "graph.edgecost",
    "pk": 131
},
{
    "fields": {
        "edge": "14812841179217cfdb6e63d0ffbef319",
        "cost": 2.95283042350119
    },
    "model": "graph.edgecost",
    "pk": 132
},
{
    "fields": {
        "edge": "182175f053c3703cb8d33b8a8425f647",
        "cost": 1.63504890141143
    },
    "model": "graph.edgecost",
    "pk": 133
},
{
    "fields": {
        "edge": "187f70636347316d2626d5edc4548ef2",
        "cost": 0.948355344162072
    },
    "model": "graph.edgecost",
    "pk": 134
},
{
    "fields": {
        "edge": "301c5a0c06642fbe79661af6fb1a0896",
        "cost": 1.04716957649881
    },
    "model": "graph.edgecost",
    "pk": 135
},
{
    "fields": {
        "edge": "3c8b3e83bef2492e3a4ce8ca52d51591",
        "cost": 1.01956749728447
    },
    "model": "graph.edgecost",
    "pk": 136
},
{
    "fields": {
        "edge": "60dc0a497c04648c9e4641bd18c17b04",
        "cost": 1.86495109858857
    },
    "model": "graph.edgecost",
    "pk": 137
},
{
    "fields": {
        "edge": "b81e5815c9ad0e911fcae8ce6542ce68",
        "cost": 1.90445347459521
    },
    "model": "graph.edgecost",
    "pk": 138
},
{
    "fields": {
        "edge": "be20b37134dc0fe6c75fa9314fe7adce",
        "cost": 0.5
    },
    "model": "graph.edgecost",
    "pk": 139
},
{
    "fields": {
        "edge": "cdff64e531121d7e2da47c95529415de",
        "cost": 1.20657862335171
    },
    "model": "graph.edgecost",
    "pk": 140
},
{
    "fields": {
        "edge": "d2139601f439afc2d48ccc82a655eec9",
        "cost": 3.92099524798671
    },
    "model": "graph.edgecost",
    "pk": 141
},
{
    "fields": {
        "edge": "f989b13a4792dd7eb3d47a078a7b446c",
        "cost": 1.0
    },
    "model": "graph.edgecost",
    "pk": 142
},
{
    "fields": {
        "edge": "fa87b1d9062a52fa051e7db856781a26",
        "cost": 1.59554652540479
    },
    "model": "graph.edgecost",
    "pk": 143
},
{
    "fields": {
        "edge": "01180e3f595f64bd0fccad5f7d2a73be",
        "cost": 1.87546663568676
    },
    "model": "graph.edgecost",
    "pk": 144
},
{
    "fields": {
        "edge": "14812841179217cfdb6e63d0ffbef319",
        "cost": 1.68743823874441
    },
    "model": "graph.edgecost",
    "pk": 145
},
{
    "fields": {
        "edge": "182175f053c3703cb8d33b8a8425f647",
        "cost": 2.3082883185357
    },
    "model": "graph.edgecost",
    "pk": 146
},
{
    "fields": {
        "edge": "187f70636347316d2626d5edc4548ef2",
        "cost": 0.849711429992946
    },
    "model": "graph.edgecost",
    "pk": 147
},
{
    "fields": {
        "edge": "301c5a0c06642fbe79661af6fb1a0896",
        "cost": 2.31256176125559
    },
    "model": "graph.edgecost",
    "pk": 148
},
{
    "fields": {
        "edge": "3c8b3e83bef2492e3a4ce8ca52d51591",
        "cost": 5.07549551546998
    },
    "model": "graph.edgecost",
    "pk": 149
},
{
    "fields": {
        "edge": "60dc0a497c04648c9e4641bd18c17b04",
        "cost": 1.1917116814643
    },
    "model": "graph.edgecost",
    "pk": 150
},
{
    "fields": {
        "edge": "b81e5815c9ad0e911fcae8ce6542ce68",
        "cost": 2.60492607488604
    },
    "model": "graph.edgecost",
    "pk": 151
},
{
    "fields": {
        "edge": "be20b37134dc0fe6c75fa9314fe7adce",
        "cost": 0.5
    },
    "model": "graph.edgecost",
    "pk": 152
},
{
    "fields": {
        "edge": "cdff64e531121d7e2da47c95529415de",
        "cost": 1.60115428002822
    },
    "model": "graph.edgecost",
    "pk": 153
},
{
    "fields": {
        "edge": "d2139601f439afc2d48ccc82a655eec9",
        "cost": 1.17357121315651
    },
    "model": "graph.edgecost",
    "pk": 154
},
{
    "fields": {
        "edge": "f989b13a4792dd7eb3d47a078a7b446c",
        "cost": 1.0
    },
    "model": "graph.edgecost",
    "pk": 155
},
{
    "fields": {
        "edge": "fa87b1d9062a52fa051e7db856781a26",
        "cost": 0.895073925113956
    },
    "model": "graph.edgecost",
    "pk": 156
},
{
    "fields": {
        "edge": "01180e3f595f64bd0fccad5f7d2a73be",
        "cost": 2.05632717745502
    },
    "model": "graph.edgecost",
    "pk": 157
},
{
    "fields": {
        "edge": "14812841179217cfdb6e63d0ffbef319",
        "cost": 2.98045678630492
    },
    "model": "graph.edgecost",
    "pk": 158
},
{
    "fields": {
        "edge": "182175f053c3703cb8d33b8a8425f647",
        "cost": 1.39340192784702
    },
    "model": "graph.edgecost",
    "pk": 159
},
{
    "fields": {
        "edge": "187f70636347316d2626d5edc4548ef2",
        "cost": 0.9658685466202
    },
    "model": "graph.edgecost",
    "pk": 160
},
{
    "fields": {
        "edge": "301c5a0c06642fbe79661af6fb1a0896",
        "cost": 1.01954321369508
    },
    "model": "graph.edgecost",
    "pk": 161
},
{
    "fields": {
        "edge": "3c8b3e83bef2492e3a4ce8ca52d51591",
        "cost": 0.643818916006217
    },
    "model": "graph.edgecost",
    "pk": 162
},
{
    "fields": {
        "edge": "60dc0a497c04648c9e4641bd18c17b04",
        "cost": 2.10659807215298
    },
    "model": "graph.edgecost",
    "pk": 163
},
{
    "fields": {
        "edge": "b81e5815c9ad0e911fcae8ce6542ce68",
        "cost": 1.48483470761111
    },
    "model": "graph.edgecost",
    "pk": 164
},
{
    "fields": {
        "edge": "be20b37134dc0fe6c75fa9314fe7adce",
        "cost": 0.5
    },
    "model": "graph.edgecost",
    "pk": 165
},
{
    "fields": {
        "edge": "cdff64e531121d7e2da47c95529415de",
        "cost": 1.1365258135192
    },
    "model": "graph.edgecost",
    "pk": 166
},
{
    "fields": {
        "edge": "d2139601f439afc2d48ccc82a655eec9",
        "cost": 5.24352672908375
    },
    "model": "graph.edgecost",
    "pk": 167
},
{
    "fields": {
        "edge": "f989b13a4792dd7eb3d47a078a7b446c",
        "cost": 1.0
    },
    "model": "graph.edgecost",
    "pk": 168
},
{
    "fields": {
        "edge": "fa87b1d9062a52fa051e7db856781a26",
        "cost": 2.01516529238889
    },
    "model": "graph.edgecost",
    "pk": 169
},
{
    "fields": {
        "edge": "01180e3f595f64bd0fccad5f7d2a73be",
        "cost": 2.20776298552228
    },
    "model": "graph.edgecost",
    "pk": 170
},
{
    "fields": {
        "edge": "14812841179217cfdb6e63d0ffbef319",
        "cost": 1.51676735989798
    },
    "model": "graph.edgecost",
    "pk": 171
},
{
    "fields": {
        "edge": "182175f053c3703cb8d33b8a8425f647",
        "cost": 2.35654533887486
    },
    "model": "graph.edgecost",
    "pk": 172
},
{
    "fields": {
        "edge": "187f70636347316d2626d5edc4548ef2",
        "cost": 0.845627779563209
    },
    "model": "graph.edgecost",
    "pk": 173
},
{
    "fields": {
        "edge": "301c5a0c06642fbe79661af6fb1a0896",
        "cost": 2.48323264010202
    },
    "model": "graph.edgecost",
    "pk": 174
},
{
    "fields": {
        "edge": "3c8b3e83bef2492e3a4ce8ca52d51591",
        "cost": 5.27752583017491
    },
    "model": "graph.edgecost",
    "pk": 175
},
{
    "fields": {
        "edge": "60dc0a497c04648c9e4641bd18c17b04",
        "cost": 1.14345466112514
    },
    "model": "graph.edgecost",
    "pk": 176
},
{
    "fields": {
        "edge": "b81e5815c9ad0e911fcae8ce6542ce68",
        "cost": 2.98998056173488
    },
    "model": "graph.edgecost",
    "pk": 177
},
{
    "fields": {
        "edge": "be20b37134dc0fe6c75fa9314fe7adce",
        "cost": 0.5
    },
    "model": "graph.edgecost",
    "pk": 178
},
{
    "fields": {
        "edge": "cdff64e531121d7e2da47c95529415de",
        "cost": 1.61748888174716
    },
    "model": "graph.edgecost",
    "pk": 179
},
{
    "fields": {
        "edge": "d2139601f439afc2d48ccc82a655eec9",
        "cost": 0.306948198780524
    },
    "model": "graph.edgecost",
    "pk": 180
},
{
    "fields": {
        "edge": "f989b13a4792dd7eb3d47a078a7b446c",
        "cost": 1.0
    },
    "model": "graph.edgecost",
    "pk": 181
},
{
    "fields": {
        "edge": "fa87b1d9062a52fa051e7db856781a26",
        "cost": 0.510019438265121
    },
    "model": "graph.edgecost",
    "pk": 182
},
{
    "fields": {
        "edge": "01180e3f595f64bd0fccad5f7d2a73be",
        "cost": 1.94907065187439
    },
    "model": "graph.edgecost",
    "pk": 183
},
{
    "fields": {
        "edge": "14812841179217cfdb6e63d0ffbef319",
        "cost": 2.73020042286138
    },
    "model": "graph.edgecost",
    "pk": 184
},
{
    "fields": {
        "edge": "182175f053c3703cb8d33b8a8425f647",
        "cost": 1.04878280178027
    },
    "model": "graph.edgecost",
    "pk": 185
},
{
    "fields": {
        "edge": "187f70636347316d2626d5edc4548ef2",
        "cost": 0.966084636263166
    },
    "model": "graph.edgecost",
    "pk": 186
},
{
    "fields": {
        "edge": "301c5a0c06642fbe79661af6fb1a0896",
        "cost": 1.26979957713861
    },
    "model": "graph.edgecost",
    "pk": 187
},
{
    "fields": {
        "edge": "3c8b3e83bef2492e3a4ce8ca52d51591",
        "cost": 1.12122973441409
    },
    "model": "graph.edgecost",
    "pk": 188
},
{
    "fields": {
        "edge": "60dc0a497c04648c9e4641bd18c17b04",
        "cost": 2.45121719821972
    },
    "model": "graph.edgecost",
    "pk": 189
},
{
    "fields": {
        "edge": "b81e5815c9ad0e911fcae8ce6542ce68",
        "cost": 1.96090271730116
    },
    "model": "graph.edgecost",
    "pk": 190
},
{
    "fields": {
        "edge": "be20b37134dc0fe6c75fa9314fe7adce",
        "cost": 0.5
    },
    "model": "graph.edgecost",
    "pk": 191
},
{
    "fields": {
        "edge": "cdff64e531121d7e2da47c95529415de",
        "cost": 1.13566145494733
    },
    "model": "graph.edgecost",
    "pk": 192
},
{
    "fields": {
        "edge": "d2139601f439afc2d48ccc82a655eec9",
        "cost": 4.98062896183714
    },
    "model": "graph.edgecost",
    "pk": 193
},
{
    "fields": {
        "edge": "f989b13a4792dd7eb3d47a078a7b446c",
        "cost": 1.0
    },
    "model": "graph.edgecost",
    "pk": 194
},
{
    "fields": {
        "edge": "fa87b1d9062a52fa051e7db856781a26",
        "cost": 1.53909728269884
    },
    "model": "graph.edgecost",
    "pk": 195
},
{
    "fields": {
        "edge": "01180e3f595f64bd0fccad5f7d2a73be",
        "cost": 2.65523264513075
    },
    "model": "graph.edgecost",
    "pk": 196
},
{
    "fields": {
        "edge": "14812841179217cfdb6e63d0ffbef319",
        "cost": 2.13598406363831
    },
    "model": "graph.edgecost",
    "pk": 197
},
{
    "fields": {
        "edge": "182175f053c3703cb8d33b8a8425f647",
        "cost": 2.28641907638253
    },
    "model": "graph.edgecost",
    "pk": 198
},
{
    "fields": {
        "edge": "187f70636347316d2626d5edc4548ef2",
        "cost": 0.822789184567194
    },
    "model": "graph.edgecost",
    "pk": 199
},
{
    "fields": {
        "edge": "301c5a0c06642fbe79661af6fb1a0896",
        "cost": 1.86401593636169
    },
    "model": "graph.edgecost",
    "pk": 200
},
{
    "fields": {
        "edge": "3c8b3e83bef2492e3a4ce8ca52d51591",
        "cost": 4.12819776220968
    },
    "model": "graph.edgecost",
    "pk": 201
},
{
    "fields": {
        "edge": "60dc0a497c04648c9e4641bd18c17b04",
        "cost": 1.21358092361747
    },
    "model": "graph.edgecost",
    "pk": 202
},
{
    "fields": {
        "edge": "b81e5815c9ad0e911fcae8ce6542ce68",
        "cost": 2.93291244985306
    },
    "model": "graph.edgecost",
    "pk": 203
},
{
    "fields": {
        "edge": "be20b37134dc0fe6c75fa9314fe7adce",
        "cost": 0.5
    },
    "model": "graph.edgecost",
    "pk": 204
},
{
    "fields": {
        "edge": "cdff64e531121d7e2da47c95529415de",
        "cost": 1.70884326173123
    },
    "model": "graph.edgecost",
    "pk": 205
},
{
    "fields": {
        "edge": "d2139601f439afc2d48ccc82a655eec9",
        "cost": 0.561336947528831
    },
    "model": "graph.edgecost",
    "pk": 206
},
{
    "fields": {
        "edge": "f989b13a4792dd7eb3d47a078a7b446c",
        "cost": 1.0
    },
    "model": "graph.edgecost",
    "pk": 207
},
{
    "fields": {
        "edge": "fa87b1d9062a52fa051e7db856781a26",
        "cost": 0.567087550146944
    },
    "model": "graph.edgecost",
    "pk": 208
},
{
    "fields": {
        "edge": "01180e3f595f64bd0fccad5f7d2a73be",
        "cost": 1.80056691491712
    },
    "model": "graph.edgecost",
    "pk": 209
},
{
    "fields": {
        "edge": "14812841179217cfdb6e63d0ffbef319",
        "cost": 2.76672754529606
    },
    "model": "graph.edgecost",
    "pk": 210
},
{
    "fields": {
        "edge": "182175f053c3703cb8d33b8a8425f647",
        "cost": 1.17203610878632
    },
    "model": "graph.edgecost",
    "pk": 211
},
{
    "fields": {
        "edge": "187f70636347316d2626d5edc4548ef2",
        "cost": 0.936486654227545
    },
    "model": "graph.edgecost",
    "pk": 212
},
{
    "fields": {
        "edge": "301c5a0c06642fbe79661af6fb1a0896",
        "cost": 1.23327245470394
    },
    "model": "graph.edgecost",
    "pk": 213
},
{
    "fields": {
        "edge": "3c8b3e83bef2492e3a4ce8ca52d51591",
        "cost": 1.50565643691457
    },
    "model": "graph.edgecost",
    "pk": 214
},
{
    "fields": {
        "edge": "60dc0a497c04648c9e4641bd18c17b04",
        "cost": 2.32796389121367
    },
    "model": "graph.edgecost",
    "pk": 215
},
{
    "fields": {
        "edge": "b81e5815c9ad0e911fcae8ce6542ce68",
        "cost": 1.88135902458808
    },
    "model": "graph.edgecost",
    "pk": 216
},
{
    "fields": {
        "edge": "be20b37134dc0fe6c75fa9314fe7adce",
        "cost": 0.5
    },
    "model": "graph.edgecost",
    "pk": 217
},
{
    "fields": {
        "edge": "cdff64e531121d7e2da47c95529415de",
        "cost": 1.25405338308982
    },
    "model": "graph.edgecost",
    "pk": 218
},
{
    "fields": {
        "edge": "d2139601f439afc2d48ccc82a655eec9",
        "cost": 4.8932097332512
    },
    "model": "graph.edgecost",
    "pk": 219
},
{
    "fields": {
        "edge": "f989b13a4792dd7eb3d47a078a7b446c",
        "cost": 1.0
    },
    "model": "graph.edgecost",
    "pk": 220
},
{
    "fields": {
        "edge": "fa87b1d9062a52fa051e7db856781a26",
        "cost": 1.61864097541192
    },
    "model": "graph.edgecost",
    "pk": 221
},
{
    "fields": {
        "edge": "01180e3f595f64bd0fccad5f7d2a73be",
        "cost": 2.53894000679339
    },
    "model": "graph.edgecost",
    "pk": 222
},
{
    "fields": {
        "edge": "14812841179217cfdb6e63d0ffbef319",
        "cost": 2.4299061470724
    },
    "model": "graph.edgecost",
    "pk": 223
},
{
    "fields": {
        "edge": "182175f053c3703cb8d33b8a8425f647",
        "cost": 2.17529776567973
    },
    "model": "graph.edgecost",
    "pk": 224
},
{
    "fields": {
        "edge": "187f70636347316d2626d5edc4548ef2",
        "cost": 0.82440992792267
    },
    "model": "graph.edgecost",
    "pk": 225
},
{
    "fields": {
        "edge": "301c5a0c06642fbe79661af6fb1a0896",
        "cost": 1.5700938529276
    },
    "model": "graph.edgecost",
    "pk": 226
},
{
    "fields": {
        "edge": "3c8b3e83bef2492e3a4ce8ca52d51591",
        "cost": 3.64677212186716
    },
    "model": "graph.edgecost",
    "pk": 227
},
{
    "fields": {
        "edge": "60dc0a497c04648c9e4641bd18c17b04",
        "cost": 1.32470223432027
    },
    "model": "graph.edgecost",
    "pk": 228
},
{
    "fields": {
        "edge": "b81e5815c9ad0e911fcae8ce6542ce68",
        "cost": 2.68702830204724
    },
    "model": "graph.edgecost",
    "pk": 229
},
{
    "fields": {
        "edge": "be20b37134dc0fe6c75fa9314fe7adce",
        "cost": 0.5
    },
    "model": "graph.edgecost",
    "pk": 230
},
{
    "fields": {
        "edge": "cdff64e531121d7e2da47c95529415de",
        "cost": 1.70236028830932
    },
    "model": "graph.edgecost",
    "pk": 231
},
{
    "fields": {
        "edge": "d2139601f439afc2d48ccc82a655eec9",
        "cost": 1.27534786454606
    },
    "model": "graph.edgecost",
    "pk": 232
},
{
    "fields": {
        "edge": "f989b13a4792dd7eb3d47a078a7b446c",
        "cost": 1.0
    },
    "model": "graph.edgecost",
    "pk": 233
},
{
    "fields": {
        "edge": "fa87b1d9062a52fa051e7db856781a26",
        "cost": 0.812971697952764
    },
    "model": "graph.edgecost",
    "pk": 234
},
{
    "fields": {
        "edge": "01180e3f595f64bd0fccad5f7d2a73be",
        "cost": 2.2084877306973
    },
    "model": "graph.edgecost",
    "pk": 235
},
{
    "fields": {
        "edge": "14812841179217cfdb6e63d0ffbef319",
        "cost": 2.62341221674377
    },
    "model": "graph.edgecost",
    "pk": 236
},
{
    "fields": {
        "edge": "182175f053c3703cb8d33b8a8425f647",
        "cost": 1.67164977219041
    },
    "model": "graph.edgecost",
    "pk": 237
},
{
    "fields": {
        "edge": "187f70636347316d2626d5edc4548ef2",
        "cost": 0.940853497400559
    },
    "model": "graph.edgecost",
    "pk": 238
},
{
    "fields": {
        "edge": "301c5a0c06642fbe79661af6fb1a0896",
        "cost": 1.37658778325623
    },
    "model": "graph.edgecost",
    "pk": 239
},
{
    "fields": {
        "edge": "3c8b3e83bef2492e3a4ce8ca52d51591",
        "cost": 1.85486818652493
    },
    "model": "graph.edgecost",
    "pk": 240
},
{
    "fields": {
        "edge": "60dc0a497c04648c9e4641bd18c17b04",
        "cost": 1.82835022780959
    },
    "model": "graph.edgecost",
    "pk": 241
},
{
    "fields": {
        "edge": "b81e5815c9ad0e911fcae8ce6542ce68",
        "cost": 1.96427205176936
    },
    "model": "graph.edgecost",
    "pk": 242
},
{
    "fields": {
        "edge": "be20b37134dc0fe6c75fa9314fe7adce",
        "cost": 0.5
    },
    "model": "graph.edgecost",
    "pk": 243
},
{
    "fields": {
        "edge": "cdff64e531121d7e2da47c95529415de",
        "cost": 1.23658601039776
    },
    "model": "graph.edgecost",
    "pk": 244
},
{
    "fields": {
        "edge": "d2139601f439afc2d48ccc82a655eec9",
        "cost": 3.72815635208047
    },
    "model": "graph.edgecost",
    "pk": 245
},
{
    "fields": {
        "edge": "f989b13a4792dd7eb3d47a078a7b446c",
        "cost": 1.0
    },
    "model": "graph.edgecost",
    "pk": 246
},
{
    "fields": {
        "edge": "fa87b1d9062a52fa051e7db856781a26",
        "cost": 1.53572794823064
    },
    "model": "graph.edgecost",
    "pk": 247
},
{
    "fields": {
        "edge": "01180e3f595f64bd0fccad5f7d2a73be",
        "cost": 2.30543715691195
    },
    "model": "graph.edgecost",
    "pk": 248
},
{
    "fields": {
        "edge": "14812841179217cfdb6e63d0ffbef319",
        "cost": 2.15969942513925
    },
    "model": "graph.edgecost",
    "pk": 249
},
{
    "fields": {
        "edge": "182175f053c3703cb8d33b8a8425f647",
        "cost": 2.39820154215658
    },
    "model": "graph.edgecost",
    "pk": 250
},
{
    "fields": {
        "edge": "187f70636347316d2626d5edc4548ef2",
        "cost": 0.84298468973497
    },
    "model": "graph.edgecost",
    "pk": 251
},
{
    "fields": {
        "edge": "301c5a0c06642fbe79661af6fb1a0896",
        "cost": 1.84030057486075
    },
    "model": "graph.edgecost",
    "pk": 252
},
{
    "fields": {
        "edge": "3c8b3e83bef2492e3a4ce8ca52d51591",
        "cost": 4.19438998169501
    },
    "model": "graph.edgecost",
    "pk": 253
},
{
    "fields": {
        "edge": "60dc0a497c04648c9e4641bd18c17b04",
        "cost": 1.10179845784342
    },
    "model": "graph.edgecost",
    "pk": 254
},
{
    "fields": {
        "edge": "b81e5815c9ad0e911fcae8ce6542ce68",
        "cost": 2.50443060560287
    },
    "model": "graph.edgecost",
    "pk": 255
},
{
    "fields": {
        "edge": "be20b37134dc0fe6c75fa9314fe7adce",
        "cost": 0.5
    },
    "model": "graph.edgecost",
    "pk": 256
},
{
    "fields": {
        "edge": "cdff64e531121d7e2da47c95529415de",
        "cost": 1.62806124106012
    },
    "model": "graph.edgecost",
    "pk": 257
},
{
    "fields": {
        "edge": "d2139601f439afc2d48ccc82a655eec9",
        "cost": 1.19473570448109
    },
    "model": "graph.edgecost",
    "pk": 258
},
{
    "fields": {
        "edge": "f989b13a4792dd7eb3d47a078a7b446c",
        "cost": 1.0
    },
    "model": "graph.edgecost",
    "pk": 259
},
{
    "fields": {
        "edge": "fa87b1d9062a52fa051e7db856781a26",
        "cost": 0.995569394397131
    },
    "model": "graph.edgecost",
    "pk": 260
},
{
    "fields": {
        "edge": "01180e3f595f64bd0fccad5f7d2a73be",
        "cost": 2.51472910013126
    },
    "model": "graph.edgecost",
    "pk": 261
},
{
    "fields": {
        "edge": "14812841179217cfdb6e63d0ffbef319",
        "cost": 2.46383083429265
    },
    "model": "graph.edgecost",
    "pk": 262
},
{
    "fields": {
        "edge": "182175f053c3703cb8d33b8a8425f647",
        "cost": 2.11123200054074
    },
    "model": "graph.edgecost",
    "pk": 263
},
{
    "fields": {
        "edge": "187f70636347316d2626d5edc4548ef2",
        "cost": 0.93671006576303
    },
    "model": "graph.edgecost",
    "pk": 264
},
{
    "fields": {
        "edge": "301c5a0c06642fbe79661af6fb1a0896",
        "cost": 1.53616916570735
    },
    "model": "graph.edgecost",
    "pk": 265
},
{
    "fields": {
        "edge": "3c8b3e83bef2492e3a4ce8ca52d51591",
        "cost": 2.18916777062839
    },
    "model": "graph.edgecost",
    "pk": 266
},
{
    "fields": {
        "edge": "60dc0a497c04648c9e4641bd18c17b04",
        "cost": 1.38876799945926
    },
    "model": "graph.edgecost",
    "pk": 267
},
{
    "fields": {
        "edge": "b81e5815c9ad0e911fcae8ce6542ce68",
        "cost": 1.99808098490471
    },
    "model": "graph.edgecost",
    "pk": 268
},
{
    "fields": {
        "edge": "be20b37134dc0fe6c75fa9314fe7adce",
        "cost": 0.5
    },
    "model": "graph.edgecost",
    "pk": 269
},
{
    "fields": {
        "edge": "cdff64e531121d7e2da47c95529415de",
        "cost": 1.25315973694788
    },
    "model": "graph.edgecost",
    "pk": 270
},
{
    "fields": {
        "edge": "d2139601f439afc2d48ccc82a655eec9",
        "cost": 2.7813740291091
    },
    "model": "graph.edgecost",
    "pk": 271
},
{
    "fields": {
        "edge": "f989b13a4792dd7eb3d47a078a7b446c",
        "cost": 1.0
    },
    "model": "graph.edgecost",
    "pk": 272
},
{
    "fields": {
        "edge": "fa87b1d9062a52fa051e7db856781a26",
        "cost": 1.50191901509529
    },
    "model": "graph.edgecost",
    "pk": 273
},
{
    "fields": {
        "edge": "01180e3f595f64bd0fccad5f7d2a73be",
        "cost": 1.98022747629248
    },
    "model": "graph.edgecost",
    "pk": 274
},
{
    "fields": {
        "edge": "14812841179217cfdb6e63d0ffbef319",
        "cost": 2.29026085865839
    },
    "model": "graph.edgecost",
    "pk": 275
},
{
    "fields": {
        "edge": "182175f053c3703cb8d33b8a8425f647",
        "cost": 2.0300590418215
    },
    "model": "graph.edgecost",
    "pk": 276
},
{
    "fields": {
        "edge": "187f70636347316d2626d5edc4548ef2",
        "cost": 0.87258540691337
    },
    "model": "graph.edgecost",
    "pk": 277
},
{
    "fields": {
        "edge": "301c5a0c06642fbe79661af6fb1a0896",
        "cost": 1.70973914134161
    },
    "model": "graph.edgecost",
    "pk": 278
},
{
    "fields": {
        "edge": "3c8b3e83bef2492e3a4ce8ca52d51591",
        "cost": 3.44538831615641
    },
    "model": "graph.edgecost",
    "pk": 279
},
{
    "fields": {
        "edge": "60dc0a497c04648c9e4641bd18c17b04",
        "cost": 1.46994095817851
    },
    "model": "graph.edgecost",
    "pk": 280
},
{
    "fields": {
        "edge": "b81e5815c9ad0e911fcae8ce6542ce68",
        "cost": 2.17286259254919
    },
    "model": "graph.edgecost",
    "pk": 281
},
{
    "fields": {
        "edge": "be20b37134dc0fe6c75fa9314fe7adce",
        "cost": 0.5
    },
    "model": "graph.edgecost",
    "pk": 282
},
{
    "fields": {
        "edge": "cdff64e531121d7e2da47c95529415de",
        "cost": 1.50965837234652
    },
    "model": "graph.edgecost",
    "pk": 283
},
{
    "fields": {
        "edge": "d2139601f439afc2d48ccc82a655eec9",
        "cost": 2.59415673125864
    },
    "model": "graph.edgecost",
    "pk": 284
},
{
    "fields": {
        "edge": "f989b13a4792dd7eb3d47a078a7b446c",
        "cost": 1.0
    },
    "model": "graph.edgecost",
    "pk": 285
},
{
    "fields": {
        "edge": "fa87b1d9062a52fa051e7db856781a26",
        "cost": 1.32713740745081
    },
    "model": "graph.edgecost",
    "pk": 286
},
{
    "fields": {
        "edge": "01180e3f595f64bd0fccad5f7d2a73be",
        "cost": 2.40739255844258
    },
    "model": "graph.edgecost",
    "pk": 287
},
{
    "fields": {
        "edge": "14812841179217cfdb6e63d0ffbef319",
        "cost": 2.45946013162981
    },
    "model": "graph.edgecost",
    "pk": 288
},
{
    "fields": {
        "edge": "182175f053c3703cb8d33b8a8425f647",
        "cost": 2.03054792104306
    },
    "model": "graph.edgecost",
    "pk": 289
},
{
    "fields": {
        "edge": "187f70636347316d2626d5edc4548ef2",
        "cost": 0.936154482496233
    },
    "model": "graph.edgecost",
    "pk": 290
},
{
    "fields": {
        "edge": "301c5a0c06642fbe79661af6fb1a0896",
        "cost": 1.54053986837019
    },
    "model": "graph.edgecost",
    "pk": 291
},
{
    "fields": {
        "edge": "3c8b3e83bef2492e3a4ce8ca52d51591",
        "cost": 2.12689321050257
    },
    "model": "graph.edgecost",
    "pk": 292
},
{
    "fields": {
        "edge": "60dc0a497c04648c9e4641bd18c17b04",
        "cost": 1.46945207895694
    },
    "model": "graph.edgecost",
    "pk": 293
},
{
    "fields": {
        "edge": "b81e5815c9ad0e911fcae8ce6542ce68",
        "cost": 1.9402912426508
    },
    "model": "graph.edgecost",
    "pk": 294
},
{
    "fields": {
        "edge": "be20b37134dc0fe6c75fa9314fe7adce",
        "cost": 0.5
    },
    "model": "graph.edgecost",
    "pk": 295
},
{
    "fields": {
        "edge": "cdff64e531121d7e2da47c95529415de",
        "cost": 1.25538207001507
    },
    "model": "graph.edgecost",
    "pk": 296
},
{
    "fields": {
        "edge": "d2139601f439afc2d48ccc82a655eec9",
        "cost": 3.05832167261227
    },
    "model": "graph.edgecost",
    "pk": 297
},
{
    "fields": {
        "edge": "f989b13a4792dd7eb3d47a078a7b446c",
        "cost": 1.0
    },
    "model": "graph.edgecost",
    "pk": 298
},
{
    "fields": {
        "edge": "fa87b1d9062a52fa051e7db856781a26",
        "cost": 1.5597087573492
    },
    "model": "graph.edgecost",
    "pk": 299
},
{
    "fields": {
        "edge": "01180e3f595f64bd0fccad5f7d2a73be",
        "cost": 2.02662447724194
    },
    "model": "graph.edgecost",
    "pk": 300
},
{
    "fields": {
        "edge": "14812841179217cfdb6e63d0ffbef319",
        "cost": 2.22509785832909
    },
    "model": "graph.edgecost",
    "pk": 301
},
{
    "fields": {
        "edge": "182175f053c3703cb8d33b8a8425f647",
        "cost": 2.06576660407944
    },
    "model": "graph.edgecost",
    "pk": 302
},
{
    "fields": {
        "edge": "187f70636347316d2626d5edc4548ef2",
        "cost": 0.868097678193075
    },
    "model": "graph.edgecost",
    "pk": 303
},
{
    "fields": {
        "edge": "301c5a0c06642fbe79661af6fb1a0896",
        "cost": 1.77490214167091
    },
    "model": "graph.edgecost",
    "pk": 304
},
{
    "fields": {
        "edge": "3c8b3e83bef2492e3a4ce8ca52d51591",
        "cost": 3.55240887969867
    },
    "model": "graph.edgecost",
    "pk": 305
},
{
    "fields": {
        "edge": "60dc0a497c04648c9e4641bd18c17b04",
        "cost": 1.43423339592056
    },
    "model": "graph.edgecost",
    "pk": 306
},
{
    "fields": {
        "edge": "b81e5815c9ad0e911fcae8ce6542ce68",
        "cost": 2.23706231301183
    },
    "model": "graph.edgecost",
    "pk": 307
},
{
    "fields": {
        "edge": "be20b37134dc0fe6c75fa9314fe7adce",
        "cost": 0.5
    },
    "model": "graph.edgecost",
    "pk": 308
},
{
    "fields": {
        "edge": "cdff64e531121d7e2da47c95529415de",
        "cost": 1.5276092872277
    },
    "model": "graph.edgecost",
    "pk": 309
},
{
    "fields": {
        "edge": "d2139601f439afc2d48ccc82a655eec9",
        "cost": 2.39434216581746
    },
    "model": "graph.edgecost",
    "pk": 310
},
{
    "fields": {
        "edge": "f989b13a4792dd7eb3d47a078a7b446c",
        "cost": 1.0
    },
    "model": "graph.edgecost",
    "pk": 311
},
{
    "fields": {
        "edge": "fa87b1d9062a52fa051e7db856781a26",
        "cost": 1.26293768698817
    },
    "model": "graph.edgecost",
    "pk": 312
},
{
    "fields": {
        "edge": "01180e3f595f64bd0fccad5f7d2a73be",
        "cost": 2.3724944026804
    },
    "model": "graph.edgecost",
    "pk": 313
},
{
    "fields": {
        "edge": "14812841179217cfdb6e63d0ffbef319",
        "cost": 2.46251919914802
    },
    "model": "graph.edgecost",
    "pk": 314
},
{
    "fields": {
        "edge": "182175f053c3703cb8d33b8a8425f647",
        "cost": 1.99239630628148
    },
    "model": "graph.edgecost",
    "pk": 315
},
{
    "fields": {
        "edge": "187f70636347316d2626d5edc4548ef2",
        "cost": 0.934647979835396
    },
    "model": "graph.edgecost",
    "pk": 316
},
{
    "fields": {
        "edge": "301c5a0c06642fbe79661af6fb1a0896",
        "cost": 1.53748080085198
    },
    "model": "graph.edgecost",
    "pk": 317
},
{
    "fields": {
        "edge": "3c8b3e83bef2492e3a4ce8ca52d51591",
        "cost": 2.09162341213457
    },
    "model": "graph.edgecost",
    "pk": 318
},
{
    "fields": {
        "edge": "60dc0a497c04648c9e4641bd18c17b04",
        "cost": 1.50760369371852
    },
    "model": "graph.edgecost",
    "pk": 319
},
{
    "fields": {
        "edge": "b81e5815c9ad0e911fcae8ce6542ce68",
        "cost": 1.92590980246621
    },
    "model": "graph.edgecost",
    "pk": 320
},
{
    "fields": {
        "edge": "be20b37134dc0fe6c75fa9314fe7adce",
        "cost": 0.5
    },
    "model": "graph.edgecost",
    "pk": 321
},
{
    "fields": {
        "edge": "cdff64e531121d7e2da47c95529415de",
        "cost": 1.26140808065842
    },
    "model": "graph.edgecost",
    "pk": 322
},
{
    "fields": {
        "edge": "d2139601f439afc2d48ccc82a655eec9",
        "cost": 3.16338778250462
    },
    "model": "graph.edgecost",
    "pk": 323
},
{
    "fields": {
        "edge": "f989b13a4792dd7eb3d47a078a7b446c",
        "cost": 1.0
    },
    "model": "graph.edgecost",
    "pk": 324
},
{
    "fields": {
        "edge": "fa87b1d9062a52fa051e7db856781a26",
        "cost": 1.57409019753379
    },
    "model": "graph.edgecost",
    "pk": 325
},
{
    "fields": {
        "edge": "01180e3f595f64bd0fccad5f7d2a73be",
        "cost": 2.23356299156781
    },
    "model": "graph.edgecost",
    "pk": 326
},
{
    "fields": {
        "edge": "14812841179217cfdb6e63d0ffbef319",
        "cost": 2.18110541151457
    },
    "model": "graph.edgecost",
    "pk": 327
},
{
    "fields": {
        "edge": "182175f053c3703cb8d33b8a8425f647",
        "cost": 2.08200034282903
    },
    "model": "graph.edgecost",
    "pk": 328
},
{
    "fields": {
        "edge": "187f70636347316d2626d5edc4548ef2",
        "cost": 0.902755465210514
    },
    "model": "graph.edgecost",
    "pk": 329
},
{
    "fields": {
        "edge": "301c5a0c06642fbe79661af6fb1a0896",
        "cost": 1.81889458848544
    },
    "model": "graph.edgecost",
    "pk": 330
},
{
    "fields": {
        "edge": "3c8b3e83bef2492e3a4ce8ca52d51591",
        "cost": 3.0789996977832
    },
    "model": "graph.edgecost",
    "pk": 331
},
{
    "fields": {
        "edge": "60dc0a497c04648c9e4641bd18c17b04",
        "cost": 1.41799965717097
    },
    "model": "graph.edgecost",
    "pk": 332
},
{
    "fields": {
        "edge": "b81e5815c9ad0e911fcae8ce6542ce68",
        "cost": 2.19106249763038
    },
    "model": "graph.edgecost",
    "pk": 333
},
{
    "fields": {
        "edge": "be20b37134dc0fe6c75fa9314fe7adce",
        "cost": 0.5
    },
    "model": "graph.edgecost",
    "pk": 334
},
{
    "fields": {
        "edge": "cdff64e531121d7e2da47c95529415de",
        "cost": 1.38897813915794
    },
    "model": "graph.edgecost",
    "pk": 335
},
{
    "fields": {
        "edge": "d2139601f439afc2d48ccc82a655eec9",
        "cost": 2.45387431908119
    },
    "model": "graph.edgecost",
    "pk": 336
},
{
    "fields": {
        "edge": "f989b13a4792dd7eb3d47a078a7b446c",
        "cost": 1.0
    },
    "model": "graph.edgecost",
    "pk": 337
},
{
    "fields": {
        "edge": "fa87b1d9062a52fa051e7db856781a26",
        "cost": 1.30893750236962
    },
    "model": "graph.edgecost",
    "pk": 338
},
{
    "fields": {
        "edge": "01180e3f595f64bd0fccad5f7d2a73be",
        "cost": 2.19179654702872
    },
    "model": "graph.edgecost",
    "pk": 339
},
{
    "fields": {
        "edge": "14812841179217cfdb6e63d0ffbef319",
        "cost": 2.33948894854431
    },
    "model": "graph.edgecost",
    "pk": 340
},
{
    "fields": {
        "edge": "182175f053c3703cb8d33b8a8425f647",
        "cost": 1.97182016815689
    },
    "model": "graph.edgecost",
    "pk": 341
},
{
    "fields": {
        "edge": "187f70636347316d2626d5edc4548ef2",
        "cost": 0.917018778947892
    },
    "model": "graph.edgecost",
    "pk": 342
},
{
    "fields": {
        "edge": "301c5a0c06642fbe79661af6fb1a0896",
        "cost": 1.66051105145569
    },
    "model": "graph.edgecost",
    "pk": 343
},
{
    "fields": {
        "edge": "3c8b3e83bef2492e3a4ce8ca52d51591",
        "cost": 2.55984026135012
    },
    "model": "graph.edgecost",
    "pk": 344
},
{
    "fields": {
        "edge": "60dc0a497c04648c9e4641bd18c17b04",
        "cost": 1.52817983184311
    },
    "model": "graph.edgecost",
    "pk": 345
},
{
    "fields": {
        "edge": "b81e5815c9ad0e911fcae8ce6542ce68",
        "cost": 1.99989650954689
    },
    "model": "graph.edgecost",
    "pk": 346
},
{
    "fields": {
        "edge": "be20b37134dc0fe6c75fa9314fe7adce",
        "cost": 0.5
    },
    "model": "graph.edgecost",
    "pk": 347
},
{
    "fields": {
        "edge": "cdff64e531121d7e2da47c95529415de",
        "cost": 1.33192488420843
    },
    "model": "graph.edgecost",
    "pk": 348
},
{
    "fields": {
        "edge": "d2139601f439afc2d48ccc82a655eec9",
        "cost": 3.05656664459244
    },
    "model": "graph.edgecost",
    "pk": 349
},
{
    "fields": {
        "edge": "f989b13a4792dd7eb3d47a078a7b446c",
        "cost": 1.0
    },
    "model": "graph.edgecost",
    "pk": 350
},
{
    "fields": {
        "edge": "fa87b1d9062a52fa051e7db856781a26",
        "cost": 1.50010349045311
    },
    "model": "graph.edgecost",
    "pk": 351
},
{
    "fields": {
        "edge": "01180e3f595f64bd0fccad5f7d2a73be",
        "cost": 2.22476580568145
    },
    "model": "graph.edgecost",
    "pk": 352
},
{
    "fields": {
        "edge": "14812841179217cfdb6e63d0ffbef319",
        "cost": 2.24071353098177
    },
    "model": "graph.edgecost",
    "pk": 353
},
{
    "fields": {
        "edge": "182175f053c3703cb8d33b8a8425f647",
        "cost": 2.07423082663248
    },
    "model": "graph.edgecost",
    "pk": 354
},
{
    "fields": {
        "edge": "187f70636347316d2626d5edc4548ef2",
        "cost": 0.89924661052783
    },
    "model": "graph.edgecost",
    "pk": 355
},
{
    "fields": {
        "edge": "301c5a0c06642fbe79661af6fb1a0896",
        "cost": 1.75928646901823
    },
    "model": "graph.edgecost",
    "pk": 356
},
{
    "fields": {
        "edge": "3c8b3e83bef2492e3a4ce8ca52d51591",
        "cost": 2.97429245997514
    },
    "model": "graph.edgecost",
    "pk": 357
},
{
    "fields": {
        "edge": "60dc0a497c04648c9e4641bd18c17b04",
        "cost": 1.42576917336752
    },
    "model": "graph.edgecost",
    "pk": 358
},
{
    "fields": {
        "edge": "b81e5815c9ad0e911fcae8ce6542ce68",
        "cost": 2.13768120903654
    },
    "model": "graph.edgecost",
    "pk": 359
},
{
    "fields": {
        "edge": "be20b37134dc0fe6c75fa9314fe7adce",
        "cost": 0.5
    },
    "model": "graph.edgecost",
    "pk": 360
},
{
    "fields": {
        "edge": "cdff64e531121d7e2da47c95529415de",
        "cost": 1.40301355788868
    },
    "model": "graph.edgecost",
    "pk": 361
},
{
    "fields": {
        "edge": "d2139601f439afc2d48ccc82a655eec9",
        "cost": 2.57617592866196
    },
    "model": "graph.edgecost",
    "pk": 362
},
{
    "fields": {
        "edge": "f989b13a4792dd7eb3d47a078a7b446c",
        "cost": 1.0
    },
    "model": "graph.edgecost",
    "pk": 363
},
{
    "fields": {
        "edge": "fa87b1d9062a52fa051e7db856781a26",
        "cost": 1.36231879096346
    },
    "model": "graph.edgecost",
    "pk": 364
},
{
    "fields": {
        "edge": "01180e3f595f64bd0fccad5f7d2a73be",
        "cost": 2.25098534479423
    },
    "model": "graph.edgecost",
    "pk": 365
},
{
    "fields": {
        "edge": "14812841179217cfdb6e63d0ffbef319",
        "cost": 2.3321565672265
    },
    "model": "graph.edgecost",
    "pk": 366
},
{
    "fields": {
        "edge": "182175f053c3703cb8d33b8a8425f647",
        "cost": 2.0022687569901
    },
    "model": "graph.edgecost",
    "pk": 367
},
{
    "fields": {
        "edge": "187f70636347316d2626d5edc4548ef2",
        "cost": 0.919745208607281
    },
    "model": "graph.edgecost",
    "pk": 368
},
{
    "fields": {
        "edge": "301c5a0c06642fbe79661af6fb1a0896",
        "cost": 1.6678434327735
    },
    "model": "graph.edgecost",
    "pk": 369
},
{
    "fields": {
        "edge": "3c8b3e83bef2492e3a4ce8ca52d51591",
        "cost": 2.48390908975978
    },
    "model": "graph.edgecost",
    "pk": 370
},
{
    "fields": {
        "edge": "60dc0a497c04648c9e4641bd18c17b04",
        "cost": 1.4977312430099
    },
    "model": "graph.edgecost",
    "pk": 371
},
{
    "fields": {
        "edge": "b81e5815c9ad0e911fcae8ce6542ce68",
        "cost": 1.99067113268401
    },
    "model": "graph.edgecost",
    "pk": 372
},
{
    "fields": {
        "edge": "be20b37134dc0fe6c75fa9314fe7adce",
        "cost": 0.5
    },
    "model": "graph.edgecost",
    "pk": 373
},
{
    "fields": {
        "edge": "cdff64e531121d7e2da47c95529415de",
        "cost": 1.32101916557087
    },
    "model": "graph.edgecost",
    "pk": 374
},
{
    "fields": {
        "edge": "d2139601f439afc2d48ccc82a655eec9",
        "cost": 3.01412022065177
    },
    "model": "graph.edgecost",
    "pk": 375
},
{
    "fields": {
        "edge": "f989b13a4792dd7eb3d47a078a7b446c",
        "cost": 1.0
    },
    "model": "graph.edgecost",
    "pk": 376
},
{
    "fields": {
        "edge": "fa87b1d9062a52fa051e7db856781a26",
        "cost": 1.50932886731599
    },
    "model": "graph.edgecost",
    "pk": 377
},
{
    "fields": {
        "edge": "01180e3f595f64bd0fccad5f7d2a73be",
        "cost": 2.15651105015591
    },
    "model": "graph.edgecost",
    "pk": 378
},
{
    "fields": {
        "edge": "14812841179217cfdb6e63d0ffbef319",
        "cost": 2.20405413296849
    },
    "model": "graph.edgecost",
    "pk": 379
},
{
    "fields": {
        "edge": "182175f053c3703cb8d33b8a8425f647",
        "cost": 2.07164051428624
    },
    "model": "graph.edgecost",
    "pk": 380
},
{
    "fields": {
        "edge": "187f70636347316d2626d5edc4548ef2",
        "cost": 0.889310439863767
    },
    "model": "graph.edgecost",
    "pk": 381
},
{
    "fields": {
        "edge": "301c5a0c06642fbe79661af6fb1a0896",
        "cost": 1.79594586703151
    },
    "model": "graph.edgecost",
    "pk": 382
},
{
    "fields": {
        "edge": "3c8b3e83bef2492e3a4ce8ca52d51591",
        "cost": 3.1226857154005
    },
    "model": "graph.edgecost",
    "pk": 383
},
{
    "fields": {
        "edge": "60dc0a497c04648c9e4641bd18c17b04",
        "cost": 1.42835948571376
    },
    "model": "graph.edgecost",
    "pk": 384
},
{
    "fields": {
        "edge": "b81e5815c9ad0e911fcae8ce6542ce68",
        "cost": 2.14621339356992
    },
    "model": "graph.edgecost",
    "pk": 385
},
{
    "fields": {
        "edge": "be20b37134dc0fe6c75fa9314fe7adce",
        "cost": 0.5
    },
    "model": "graph.edgecost",
    "pk": 386
},
{
    "fields": {
        "edge": "cdff64e531121d7e2da47c95529415de",
        "cost": 1.44275824054493
    },
    "model": "graph.edgecost",
    "pk": 387
},
{
    "fields": {
        "edge": "d2139601f439afc2d48ccc82a655eec9",
        "cost": 2.56429218428769
    },
    "model": "graph.edgecost",
    "pk": 388
},
{
    "fields": {
        "edge": "f989b13a4792dd7eb3d47a078a7b446c",
        "cost": 1.0
    },
    "model": "graph.edgecost",
    "pk": 389
},
{
    "fields": {
        "edge": "fa87b1d9062a52fa051e7db856781a26",
        "cost": 1.35378660643008
    },
    "model": "graph.edgecost",
    "pk": 390
},
{
    "fields": {
        "edge": "01180e3f595f64bd0fccad5f7d2a73be",
        "cost": 2.30713287402807
    },
    "model": "graph.edgecost",
    "pk": 391
},
{
    "fields": {
        "edge": "14812841179217cfdb6e63d0ffbef319",
        "cost": 2.36713148135114
    },
    "model": "graph.edgecost",
    "pk": 392
},
{
    "fields": {
        "edge": "182175f053c3703cb8d33b8a8425f647",
        "cost": 2.00519379336873
    },
    "model": "graph.edgecost",
    "pk": 393
},
{
    "fields": {
        "edge": "187f70636347316d2626d5edc4548ef2",
        "cost": 0.926748593405571
    },
    "model": "graph.edgecost",
    "pk": 394
},
{
    "fields": {
        "edge": "301c5a0c06642fbe79661af6fb1a0896",
        "cost": 1.63286851864886
    },
    "model": "graph.edgecost",
    "pk": 395
},
{
    "fields": {
        "edge": "3c8b3e83bef2492e3a4ce8ca52d51591",
        "cost": 2.28134812157336
    },
    "model": "graph.edgecost",
    "pk": 396
},
{
    "fields": {
        "edge": "60dc0a497c04648c9e4641bd18c17b04",
        "cost": 1.49480620663127
    },
    "model": "graph.edgecost",
    "pk": 397
},
{
    "fields": {
        "edge": "b81e5815c9ad0e911fcae8ce6542ce68",
        "cost": 1.94261314144602
    },
    "model": "graph.edgecost",
    "pk": 398
},
{
    "fields": {
        "edge": "be20b37134dc0fe6c75fa9314fe7adce",
        "cost": 0.5
    },
    "model": "graph.edgecost",
    "pk": 399
},
{
    "fields": {
        "edge": "cdff64e531121d7e2da47c95529415de",
        "cost": 1.29300562637772
    },
    "model": "graph.edgecost",
    "pk": 400
},
{
    "fields": {
        "edge": "d2139601f439afc2d48ccc82a655eec9",
        "cost": 3.10438613037049
    },
    "model": "graph.edgecost",
    "pk": 401
},
{
    "fields": {
        "edge": "f989b13a4792dd7eb3d47a078a7b446c",
        "cost": 1.0
    },
    "model": "graph.edgecost",
    "pk": 402
},
{
    "fields": {
        "edge": "fa87b1d9062a52fa051e7db856781a26",
        "cost": 1.55738685855398
    },
    "model": "graph.edgecost",
    "pk": 403
},
{
    "fields": {
        "edge": "01180e3f595f64bd0fccad5f7d2a73be",
        "cost": 2.09208933281203
    },
    "model": "graph.edgecost",
    "pk": 404
},
{
    "fields": {
        "edge": "14812841179217cfdb6e63d0ffbef319",
        "cost": 2.15052750770798
    },
    "model": "graph.edgecost",
    "pk": 405
},
{
    "fields": {
        "edge": "182175f053c3703cb8d33b8a8425f647",
        "cost": 2.08695228644362
    },
    "model": "graph.edgecost",
    "pk": 406
},
{
    "fields": {
        "edge": "187f70636347316d2626d5edc4548ef2",
        "cost": 0.872712484393568
    },
    "model": "graph.edgecost",
    "pk": 407
},
{
    "fields": {
        "edge": "301c5a0c06642fbe79661af6fb1a0896",
        "cost": 1.84947249229202
    },
    "model": "graph.edgecost",
    "pk": 408
},
{
    "fields": {
        "edge": "3c8b3e83bef2492e3a4ce8ca52d51591",
        "cost": 3.3938884746398
    },
    "model": "graph.edgecost",
    "pk": 409
},
{
    "fields": {
        "edge": "60dc0a497c04648c9e4641bd18c17b04",
        "cost": 1.41304771355638
    },
    "model": "graph.edgecost",
    "pk": 410
},
{
    "fields": {
        "edge": "b81e5815c9ad0e911fcae8ce6542ce68",
        "cost": 2.20208128368832
    },
    "model": "graph.edgecost",
    "pk": 411
},
{
    "fields": {
        "edge": "be20b37134dc0fe6c75fa9314fe7adce",
        "cost": 0.5
    },
    "model": "graph.edgecost",
    "pk": 412
},
{
    "fields": {
        "edge": "cdff64e531121d7e2da47c95529415de",
        "cost": 1.50915006242573
    },
    "model": "graph.edgecost",
    "pk": 413
},
{
    "fields": {
        "edge": "d2139601f439afc2d48ccc82a655eec9",
        "cost": 2.42193285973613
    },
    "model": "graph.edgecost",
    "pk": 414
},
{
    "fields": {
        "edge": "f989b13a4792dd7eb3d47a078a7b446c",
        "cost": 1.0
    },
    "model": "graph.edgecost",
    "pk": 415
},
{
    "fields": {
        "edge": "fa87b1d9062a52fa051e7db856781a26",
        "cost": 1.29791871631168
    },
    "model": "graph.edgecost",
    "pk": 416
},
{
    "fields": {
        "graph": "g1",
        "edge_costs": [
            1,
            2,
            3,
            4,
            5,
            6,
            7,
            8,
            9,
            10,
            11,
            12,
            13
        ]
    },
    "model": "graph.graphcost",
    "pk": 1
},
{
    "fields": {
        "graph": "g1",
        "edge_costs": [
            14,
            15,
            16,
            17,
            18,
            19,
            20,
            21,
            22,
            23,
            24,
            25,
            26
        ]
    },
    "model": "graph.graphcost",
    "pk": 2
},
{
    "fields": {
        "graph": "g1",
        "edge_costs": [
            27,
            28,
            29,
            30,
            31,
            32,
            33,
            34,
            35,
            36,
            37,
            38,
            39
        ]
    },
    "model": "graph.graphcost",
    "pk": 3
},
{
    "fields": {
        "graph": "g1",
        "edge_costs": [
            40,
            41,
            42,
            43,
            44,
            45,
            46,
            47,
            48,
            49,
            50,
            51,
            52
        ]
    },
    "model": "graph.graphcost",
    "pk": 4
},
{
    "fields": {
        "graph": "g1",
        "edge_costs": [
            53,
            54,
            55,
            56,
            57,
            58,
            59,
            60,
            61,
            62,
            63,
            64,
            65
        ]
    },
    "model": "graph.graphcost",
    "pk": 5
},
{
    "fields": {
        "graph": "g1",
        "edge_costs": [
            66,
            67,
            68,
            69,
            70,
            71,
            72,
            73,
            74,
            75,
            76,
            77,
            78
        ]
    },
    "model": "graph.graphcost",
    "pk": 6
},
{
    "fields": {
        "graph": "g1",
        "edge_costs": [
            79,
            80,
            81,
            82,
            83,
            84,
            85,
            86,
            87,
            88,
            89,
            90,
            91
        ]
    },
    "model": "graph.graphcost",
    "pk": 7
},
{
    "fields": {
        "graph": "g1",
        "edge_costs": [
            92,
            93,
            94,
            95,
            96,
            97,
            98,
            99,
            100,
            101,
            102,
            103,
            104
        ]
    },
    "model": "graph.graphcost",
    "pk": 8
},
{
    "fields": {
        "graph": "g1",
        "edge_costs": [
            105,
            106,
            107,
            108,
            109,
            110,
            111,
            112,
            113,
            114,
            115,
            116,
            117
        ]
    },
    "model": "graph.graphcost",
    "pk": 9
},
{
    "fields": {
        "graph": "g1",
        "edge_costs": [
            118,
            119,
            120,
            121,
            122,
            123,
            124,
            125,
            126,
            127,
            128,
            129,
            130
        ]
    },
    "model": "graph.graphcost",
    "pk": 10
},
{
    "fields": {
        "graph": "g1",
        "edge_costs": [
            131,
            132,
            133,
            134,
            135,
            136,
            137,
            138,
            139,
            140,
            141,
            142,
            143
        ]
    },
    "model": "graph.graphcost",
    "pk": 11
},
{
    "fields": {
        "graph": "g1",
        "edge_costs": [
            144,
            145,
            146,
            147,
            148,
            149,
            150,
            151,
            152,
            153,
            154,
            155,
            156
        ]
    },
    "model": "graph.graphcost",
    "pk": 12
},
{
    "fields": {
        "graph": "g1",
        "edge_costs": [
            157,
            158,
            159,
            160,
            161,
            162,
            163,
            164,
            165,
            166,
            167,
            168,
            169
        ]
    },
    "model": "graph.graphcost",
    "pk": 13
},
{
    "fields": {
        "graph": "g1",
        "edge_costs": [
            170,
            171,
            172,
            173,
            174,
            175,
            176,
            177,
            178,
            179,
            180,
            181,
            182
        ]
    },
    "model": "graph.graphcost",
    "pk": 14
},
{
    "fields": {
        "graph": "g1",
        "edge_costs": [
            183,
            184,
            185,
            186,
            187,
            188,
            189,
            190,
            191,
            192,
            193,
            194,
            195
        ]
    },
    "model": "graph.graphcost",
    "pk": 15
},
{
    "fields": {
        "graph": "g1",
        "edge_costs": [
            196,
            197,
            198,
            199,
            200,
            201,
            202,
            203,
            204,
            205,
            206,
            207,
            208
        ]
    },
    "model": "graph.graphcost",
    "pk": 16
},
{
    "fields": {
        "graph": "g1",
        "edge_costs": [
            209,
            210,
            211,
            212,
            213,
            214,
            215,
            216,
            217,
            218,
            219,
            220,
            221
        ]
    },
    "model": "graph.graphcost",
    "pk": 17
},
{
    "fields": {
        "graph": "g1",
        "edge_costs": [
            222,
            223,
            224,
            225,
            226,
            227,
            228,
            229,
            230,
            231,
            232,
            233,
            234
        ]
    },
    "model": "graph.graphcost",
    "pk": 18
},
{
    "fields": {
        "graph": "g1",
        "edge_costs": [
            235,
            236,
            237,
            238,
            239,
            240,
            241,
            242,
            243,
            244,
            245,
            246,
            247
        ]
    },
    "model": "graph.graphcost",
    "pk": 19
},
{
    "fields": {
        "graph": "g1",
        "edge_costs": [
            248,
            249,
            250,
            251,
            252,
            253,
            254,
            255,
            256,
            257,
            258,
            259,
            260
        ]
    },
    "model": "graph.graphcost",
    "pk": 20
},
{
    "fields": {
        "graph": "g1",
        "edge_costs": [
            261,
            262,
            263,
            264,
            265,
            266,
            267,
            268,
            269,
            270,
            271,
            272,
            273
        ]
    },
    "model": "graph.graphcost",
    "pk": 21
},
{
    "fields": {
        "graph": "g1",
        "edge_costs": [
            274,
            275,
            276,
            277,
            278,
            279,
            280,
            281,
            282,
            283,
            284,
            285,
            286
        ]
    },
    "model": "graph.graphcost",
    "pk": 22
},
{
    "fields": {
        "graph": "g1",
        "edge_costs": [
            287,
            288,
            289,
            290,
            291,
            292,
            293,
            294,
            295,
            296,
            297,
            298,
            299
        ]
    },
    "model": "graph.graphcost",
    "pk": 23
},
{
    "fields": {
        "graph": "g1",
        "edge_costs": [
            300,
            301,
            302,
            303,
            304,
            305,
            306,
            307,
            308,
            309,
            310,
            311,
            312
        ]
    },
    "model": "graph.graphcost",
    "pk": 24
},
{
    "fields": {
        "graph": "g1",
        "edge_costs": [
            313,
            314,
            315,
            316,
            317,
            318,
            319,
            320,
            321,
            322,
            323,
            324,
            325
        ]
    },
    "model": "graph.graphcost",
    "pk": 25
},
{
    "fields": {
        "graph": "g1",
        "edge_costs": [
            326,
            327,
            328,
            329,
            330,
            331,
            332,
            333,
            334,
            335,
            336,
            337,
            338
        ]
    },
    "model": "graph.graphcost",
    "pk": 26
},
{
    "fields": {
        "graph": "g1",
        "edge_costs": [
            339,
            340,
            341,
            342,
            343,
            344,
            345,
            346,
            347,
            348,
            349,
            350,
            351
        ]
    },
    "model": "graph.graphcost",
    "pk": 27
},
{
    "fields": {
        "graph": "g1",
        "edge_costs": [
            352,
            353,
            354,
            355,
            356,
            357,
            358,
            359,
            360,
            361,
            362,
            363,
            364
        ]
    },
    "model": "graph.graphcost",
    "pk": 28
},
{
    "fields": {
        "graph": "g1",
        "edge_costs": [
            365,
            366,
            367,
            368,
            369,
            370,
            371,
            372,
            373,
            374,
            375,
            376,
            377
        ]
    },
    "model": "graph.graphcost",
    "pk": 29
},
{
    "fields": {
        "graph": "g1",
        "edge_costs": [
            378,
            379,
            380,
            381,
            382,
            383,
            384,
            385,
            386,
            387,
            388,
            389,
            390
        ]
    },
    "model": "graph.graphcost",
    "pk": 30
},
{
    "fields": {
        "graph": "g1",
        "edge_costs": [
            391,
            392,
            393,
            394,
            395,
            396,
            397,
            398,
            399,
            400,
            401,
            402,
            403
        ]
    },
    "model": "graph.graphcost",
    "pk": 31
},
{
    "fields": {
        "graph": "g1",
        "edge_costs": [
            404,
            405,
            406,
            407,
            408,
            409,
            410,
            411,
            412,
            413,
            414,
            415,
            416
        ]
    },
    "model": "graph.graphcost",
    "pk": 32
},
{
    "fields": {
        "current_turn": 33,
        "single_slider_mode": true,
        "started": true,
        "graph": "g1",
        "game_loop_time": "2015-09-11T18:45:54.594Z",
        "edge_highlight": true,
        "stopped": true,
        "turns": [
            1,
            2,
            3,
            4,
            5,
            6,
            7,
            8,
            9,
            10,
            11,
            12,
            13,
            14,
            15,
            16,
            17,
            18,
            19,
            20,
            21,
            22,
            23,
            24,
            25,
            26,
            27,
            28,
            29,
            30,
            31,
            32
        ],
        "duration": 15
    },
    "model": "graph.game",
    "pk": "game"
},
{
    "fields": {
        "codename": "add_permission",
        "name": "Can add permission",
        "content_type": 1
    },
    "model": "auth.permission",
    "pk": 1
},
{
    "fields": {
        "codename": "change_permission",
        "name": "Can change permission",
        "content_type": 1
    },
    "model": "auth.permission",
    "pk": 2
},
{
    "fields": {
        "codename": "delete_permission",
        "name": "Can delete permission",
        "content_type": 1
    },
    "model": "auth.permission",
    "pk": 3
},
{
    "fields": {
        "codename": "add_group",
        "name": "Can add group",
        "content_type": 2
    },
    "model": "auth.permission",
    "pk": 4
},
{
    "fields": {
        "codename": "change_group",
        "name": "Can change group",
        "content_type": 2
    },
    "model": "auth.permission",
    "pk": 5
},
{
    "fields": {
        "codename": "delete_group",
        "name": "Can delete group",
        "content_type": 2
    },
    "model": "auth.permission",
    "pk": 6
},
{
    "fields": {
        "codename": "add_user",
        "name": "Can add user",
        "content_type": 3
    },
    "model": "auth.permission",
    "pk": 7
},
{
    "fields": {
        "codename": "change_user",
        "name": "Can change user",
        "content_type": 3
    },
    "model": "auth.permission",
    "pk": 8
},
{
    "fields": {
        "codename": "delete_user",
        "name": "Can delete user",
        "content_type": 3
    },
    "model": "auth.permission",
    "pk": 9
},
{
    "fields": {
        "codename": "add_contenttype",
        "name": "Can add content type",
        "content_type": 4
    },
    "model": "auth.permission",
    "pk": 10
},
{
    "fields": {
        "codename": "change_contenttype",
        "name": "Can change content type",
        "content_type": 4
    },
    "model": "auth.permission",
    "pk": 11
},
{
    "fields": {
        "codename": "delete_contenttype",
        "name": "Can delete content type",
        "content_type": 4
    },
    "model": "auth.permission",
    "pk": 12
},
{
    "fields": {
        "codename": "add_session",
        "name": "Can add session",
        "content_type": 5
    },
    "model": "auth.permission",
    "pk": 13
},
{
    "fields": {
        "codename": "change_session",
        "name": "Can change session",
        "content_type": 5
    },
    "model": "auth.permission",
    "pk": 14
},
{
    "fields": {
        "codename": "delete_session",
        "name": "Can delete session",
        "content_type": 5
    },
    "model": "auth.permission",
    "pk": 15
},
{
    "fields": {
        "codename": "add_taskmeta",
        "name": "Can add task state",
        "content_type": 6
    },
    "model": "auth.permission",
    "pk": 16
},
{
    "fields": {
        "codename": "change_taskmeta",
        "name": "Can change task state",
        "content_type": 6
    },
    "model": "auth.permission",
    "pk": 17
},
{
    "fields": {
        "codename": "delete_taskmeta",
        "name": "Can delete task state",
        "content_type": 6
    },
    "model": "auth.permission",
    "pk": 18
},
{
    "fields": {
        "codename": "add_tasksetmeta",
        "name": "Can add saved group result",
        "content_type": 7
    },
    "model": "auth.permission",
    "pk": 19
},
{
    "fields": {
        "codename": "change_tasksetmeta",
        "name": "Can change saved group result",
        "content_type": 7
    },
    "model": "auth.permission",
    "pk": 20
},
{
    "fields": {
        "codename": "delete_tasksetmeta",
        "name": "Can delete saved group result",
        "content_type": 7
    },
    "model": "auth.permission",
    "pk": 21
},
{
    "fields": {
        "codename": "add_intervalschedule",
        "name": "Can add interval",
        "content_type": 8
    },
    "model": "auth.permission",
    "pk": 22
},
{
    "fields": {
        "codename": "change_intervalschedule",
        "name": "Can change interval",
        "content_type": 8
    },
    "model": "auth.permission",
    "pk": 23
},
{
    "fields": {
        "codename": "delete_intervalschedule",
        "name": "Can delete interval",
        "content_type": 8
    },
    "model": "auth.permission",
    "pk": 24
},
{
    "fields": {
        "codename": "add_crontabschedule",
        "name": "Can add crontab",
        "content_type": 9
    },
    "model": "auth.permission",
    "pk": 25
},
{
    "fields": {
        "codename": "change_crontabschedule",
        "name": "Can change crontab",
        "content_type": 9
    },
    "model": "auth.permission",
    "pk": 26
},
{
    "fields": {
        "codename": "delete_crontabschedule",
        "name": "Can delete crontab",
        "content_type": 9
    },
    "model": "auth.permission",
    "pk": 27
},
{
    "fields": {
        "codename": "add_periodictasks",
        "name": "Can add periodic tasks",
        "content_type": 10
    },
    "model": "auth.permission",
    "pk": 28
},
{
    "fields": {
        "codename": "change_periodictasks",
        "name": "Can change periodic tasks",
        "content_type": 10
    },
    "model": "auth.permission",
    "pk": 29
},
{
    "fields": {
        "codename": "delete_periodictasks",
        "name": "Can delete periodic tasks",
        "content_type": 10
    },
    "model": "auth.permission",
    "pk": 30
},
{
    "fields": {
        "codename": "add_periodictask",
        "name": "Can add periodic task",
        "content_type": 11
    },
    "model": "auth.permission",
    "pk": 31
},
{
    "fields": {
        "codename": "change_periodictask",
        "name": "Can change periodic task",
        "content_type": 11
    },
    "model": "auth.permission",
    "pk": 32
},
{
    "fields": {
        "codename": "delete_periodictask",
        "name": "Can delete periodic task",
        "content_type": 11
    },
    "model": "auth.permission",
    "pk": 33
},
{
    "fields": {
        "codename": "add_workerstate",
        "name": "Can add worker",
        "content_type": 12
    },
    "model": "auth.permission",
    "pk": 34
},
{
    "fields": {
        "codename": "change_workerstate",
        "name": "Can change worker",
        "content_type": 12
    },
    "model": "auth.permission",
    "pk": 35
},
{
    "fields": {
        "codename": "delete_workerstate",
        "name": "Can delete worker",
        "content_type": 12
    },
    "model": "auth.permission",
    "pk": 36
},
{
    "fields": {
        "codename": "add_taskstate",
        "name": "Can add task",
        "content_type": 13
    },
    "model": "auth.permission",
    "pk": 37
},
{
    "fields": {
        "codename": "change_taskstate",
        "name": "Can change task",
        "content_type": 13
    },
    "model": "auth.permission",
    "pk": 38
},
{
    "fields": {
        "codename": "delete_taskstate",
        "name": "Can delete task",
        "content_type": 13
    },
    "model": "auth.permission",
    "pk": 39
},
{
    "fields": {
        "codename": "add_user",
        "name": "Can add user",
        "content_type": 14
    },
    "model": "auth.permission",
    "pk": 40
},
{
    "fields": {
        "codename": "change_user",
        "name": "Can change user",
        "content_type": 14
    },
    "model": "auth.permission",
    "pk": 41
},
{
    "fields": {
        "codename": "delete_user",
        "name": "Can delete user",
        "content_type": 14
    },
    "model": "auth.permission",
    "pk": 42
},
{
    "fields": {
        "codename": "add_graph",
        "name": "Can add graph",
        "content_type": 15
    },
    "model": "auth.permission",
    "pk": 43
},
{
    "fields": {
        "codename": "change_graph",
        "name": "Can change graph",
        "content_type": 15
    },
    "model": "auth.permission",
    "pk": 44
},
{
    "fields": {
        "codename": "delete_graph",
        "name": "Can delete graph",
        "content_type": 15
    },
    "model": "auth.permission",
    "pk": 45
},
{
    "fields": {
        "codename": "add_node",
        "name": "Can add node",
        "content_type": 16
    },
    "model": "auth.permission",
    "pk": 46
},
{
    "fields": {
        "codename": "change_node",
        "name": "Can change node",
        "content_type": 16
    },
    "model": "auth.permission",
    "pk": 47
},
{
    "fields": {
        "codename": "delete_node",
        "name": "Can delete node",
        "content_type": 16
    },
    "model": "auth.permission",
    "pk": 48
},
{
    "fields": {
        "codename": "add_playermodel",
        "name": "Can add player model",
        "content_type": 17
    },
    "model": "auth.permission",
    "pk": 49
},
{
    "fields": {
        "codename": "change_playermodel",
        "name": "Can change player model",
        "content_type": 17
    },
    "model": "auth.permission",
    "pk": 50
},
{
    "fields": {
        "codename": "delete_playermodel",
        "name": "Can delete player model",
        "content_type": 17
    },
    "model": "auth.permission",
    "pk": 51
},
{
    "fields": {
        "codename": "add_player",
        "name": "Can add player",
        "content_type": 18
    },
    "model": "auth.permission",
    "pk": 52
},
{
    "fields": {
        "codename": "change_player",
        "name": "Can change player",
        "content_type": 18
    },
    "model": "auth.permission",
    "pk": 53
},
{
    "fields": {
        "codename": "delete_player",
        "name": "Can delete player",
        "content_type": 18
    },
    "model": "auth.permission",
    "pk": 54
},
{
    "fields": {
        "codename": "add_edge",
        "name": "Can add edge",
        "content_type": 19
    },
    "model": "auth.permission",
    "pk": 55
},
{
    "fields": {
        "codename": "change_edge",
        "name": "Can change edge",
        "content_type": 19
    },
    "model": "auth.permission",
    "pk": 56
},
{
    "fields": {
        "codename": "delete_edge",
        "name": "Can delete edge",
        "content_type": 19
    },
    "model": "auth.permission",
    "pk": 57
},
{
    "fields": {
        "codename": "add_path",
        "name": "Can add path",
        "content_type": 20
    },
    "model": "auth.permission",
    "pk": 58
},
{
    "fields": {
        "codename": "change_path",
        "name": "Can change path",
        "content_type": 20
    },
    "model": "auth.permission",
    "pk": 59
},
{
    "fields": {
        "codename": "delete_path",
        "name": "Can delete path",
        "content_type": 20
    },
    "model": "auth.permission",
    "pk": 60
},
{
    "fields": {
        "codename": "add_pathflowassignment",
        "name": "Can add path flow assignment",
        "content_type": 21
    },
    "model": "auth.permission",
    "pk": 61
},
{
    "fields": {
        "codename": "change_pathflowassignment",
        "name": "Can change path flow assignment",
        "content_type": 21
    },
    "model": "auth.permission",
    "pk": 62
},
{
    "fields": {
        "codename": "delete_pathflowassignment",
        "name": "Can delete path flow assignment",
        "content_type": 21
    },
    "model": "auth.permission",
    "pk": 63
},
{
    "fields": {
        "codename": "add_gameturn",
        "name": "Can add game turn",
        "content_type": 22
    },
    "model": "auth.permission",
    "pk": 64
},
{
    "fields": {
        "codename": "change_gameturn",
        "name": "Can change game turn",
        "content_type": 22
    },
    "model": "auth.permission",
    "pk": 65
},
{
    "fields": {
        "codename": "delete_gameturn",
        "name": "Can delete game turn",
        "content_type": 22
    },
    "model": "auth.permission",
    "pk": 66
},
{
    "fields": {
        "codename": "add_flowdistribution",
        "name": "Can add flow distribution",
        "content_type": 23
    },
    "model": "auth.permission",
    "pk": 67
},
{
    "fields": {
        "codename": "change_flowdistribution",
        "name": "Can change flow distribution",
        "content_type": 23
    },
    "model": "auth.permission",
    "pk": 68
},
{
    "fields": {
        "codename": "delete_flowdistribution",
        "name": "Can delete flow distribution",
        "content_type": 23
    },
    "model": "auth.permission",
    "pk": 69
},
{
    "fields": {
        "codename": "add_edgecost",
        "name": "Can add edge cost",
        "content_type": 24
    },
    "model": "auth.permission",
    "pk": 70
},
{
    "fields": {
        "codename": "change_edgecost",
        "name": "Can change edge cost",
        "content_type": 24
    },
    "model": "auth.permission",
    "pk": 71
},
{
    "fields": {
        "codename": "delete_edgecost",
        "name": "Can delete edge cost",
        "content_type": 24
    },
    "model": "auth.permission",
    "pk": 72
},
{
    "fields": {
        "codename": "add_graphcost",
        "name": "Can add graph cost",
        "content_type": 25
    },
    "model": "auth.permission",
    "pk": 73
},
{
    "fields": {
        "codename": "change_graphcost",
        "name": "Can change graph cost",
        "content_type": 25
    },
    "model": "auth.permission",
    "pk": 74
},
{
    "fields": {
        "codename": "delete_graphcost",
        "name": "Can delete graph cost",
        "content_type": 25
    },
    "model": "auth.permission",
    "pk": 75
},
{
    "fields": {
        "codename": "add_game",
        "name": "Can add game",
        "content_type": 26
    },
    "model": "auth.permission",
    "pk": 76
},
{
    "fields": {
        "codename": "change_game",
        "name": "Can change game",
        "content_type": 26
    },
    "model": "auth.permission",
    "pk": 77
},
{
    "fields": {
        "codename": "delete_game",
        "name": "Can delete game",
        "content_type": 26
    },
    "model": "auth.permission",
    "pk": 78
},
{
    "fields": {
        "codename": "add_request",
        "name": "Can add request",
        "content_type": 27
    },
    "model": "auth.permission",
    "pk": 79
},
{
    "fields": {
        "codename": "change_request",
        "name": "Can change request",
        "content_type": 27
    },
    "model": "auth.permission",
    "pk": 80
},
{
    "fields": {
        "codename": "delete_request",
        "name": "Can delete request",
        "content_type": 27
    },
    "model": "auth.permission",
    "pk": 81
},
{
    "fields": {
        "codename": "add_response",
        "name": "Can add response",
        "content_type": 28
    },
    "model": "auth.permission",
    "pk": 82
},
{
    "fields": {
        "codename": "change_response",
        "name": "Can change response",
        "content_type": 28
    },
    "model": "auth.permission",
    "pk": 83
},
{
    "fields": {
        "codename": "delete_response",
        "name": "Can delete response",
        "content_type": 28
    },
    "model": "auth.permission",
    "pk": 84
},
{
    "fields": {
        "codename": "add_sqlquery",
        "name": "Can add sql query",
        "content_type": 29
    },
    "model": "auth.permission",
    "pk": 85
},
{
    "fields": {
        "codename": "change_sqlquery",
        "name": "Can change sql query",
        "content_type": 29
    },
    "model": "auth.permission",
    "pk": 86
},
{
    "fields": {
        "codename": "delete_sqlquery",
        "name": "Can delete sql query",
        "content_type": 29
    },
    "model": "auth.permission",
    "pk": 87
},
{
    "fields": {
        "codename": "add_profile",
        "name": "Can add profile",
        "content_type": 30
    },
    "model": "auth.permission",
    "pk": 88
},
{
    "fields": {
        "codename": "change_profile",
        "name": "Can change profile",
        "content_type": 30
    },
    "model": "auth.permission",
    "pk": 89
},
{
    "fields": {
        "codename": "delete_profile",
        "name": "Can delete profile",
        "content_type": 30
    },
    "model": "auth.permission",
    "pk": 90
},
{
    "fields": {
        "username": "root",
        "first_name": "",
        "last_name": "",
        "is_active": true,
        "is_superuser": false,
        "is_staff": false,
        "last_login": "2015-09-11T18:35:42.554Z",
        "groups": [],
        "user_permissions": [],
        "password": "pbkdf2_sha256$15000$zWOziJjvXN2E$eULUdh24ND7anDjb69SNSj9D98aC9Yeohzh1vDqFaxg=",
        "email": "",
        "date_joined": "2015-09-11T17:17:22.047Z"
    },
    "model": "auth.user",
    "pk": 1
},
{
    "fields": {
        "username": "DonkeyKong",
        "first_name": "",
        "last_name": "",
        "is_active": true,
        "is_superuser": false,
        "is_staff": false,
        "last_login": "2015-09-11T18:35:53.984Z",
        "groups": [],
        "user_permissions": [],
        "password": "pbkdf2_sha256$15000$czcxl4WZaecq$oNXZDYsbV3smKZKnBmXkT0ySseyBaQElPOa9MiUgFGU=",
        "email": "",
        "date_joined": "2015-09-11T18:35:49.148Z"
    },
    "model": "auth.user",
    "pk": 2
},
{
    "fields": {
        "username": "nobody",
        "first_name": "",
        "last_name": "",
        "is_active": true,
        "is_superuser": false,
        "is_staff": false,
        "last_login": "2015-09-11T18:35:54.727Z",
        "groups": [],
        "user_permissions": [],
        "password": "pbkdf2_sha256$15000$j1C9j88wWu7Q$4OMEKA45iXrkQ+j16t/eEPeV3RpEucFjTMQDlhZAAxI=",
        "email": "",
        "date_joined": "2015-09-11T18:35:49.873Z"
    },
    "model": "auth.user",
    "pk": 3
},
{
    "fields": {
        "username": "bb8",
        "first_name": "",
        "last_name": "",
        "is_active": true,
        "is_superuser": false,
        "is_staff": false,
        "last_login": "2015-09-11T18:36:03.820Z",
        "groups": [],
        "user_permissions": [],
        "password": "pbkdf2_sha256$15000$hZlFTWFGsCmK$PKQZhMm0RM+va+hECi83ArrEbST/8k59UybzXYlrcLw=",
        "email": "",
        "date_joined": "2015-09-11T18:35:50.521Z"
    },
    "model": "auth.user",
    "pk": 4
},
{
    "fields": {
        "username": "golum",
        "first_name": "",
        "last_name": "",
        "is_active": true,
        "is_superuser": false,
        "is_staff": false,
        "last_login": "2015-09-11T18:35:57.091Z",
        "groups": [],
        "user_permissions": [],
        "password": "pbkdf2_sha256$15000$q0gfcKBtkGFw$sF6lpi/Qi0pqchcrtKMMEwsS1hadx/5sid/nZRFt/kw=",
        "email": "",
        "date_joined": "2015-09-11T18:35:54.926Z"
    },
    "model": "auth.user",
    "pk": 5
},
{
    "fields": {
        "username": "longnecks",
        "first_name": "",
        "last_name": "",
        "is_active": true,
        "is_superuser": false,
        "is_staff": false,
        "last_login": "2015-09-11T18:36:05.353Z",
        "groups": [],
        "user_permissions": [],
        "password": "pbkdf2_sha256$15000$IjTnA4FHI9Et$MRgQhMshmB4WaEyZcJgtF9I1Bz399QgEpoDuMwWFNxU=",
        "email": "",
        "date_joined": "2015-09-11T18:35:56.630Z"
    },
    "model": "auth.user",
    "pk": 6
},
{
    "fields": {
        "game": "game",
        "user": 2,
        "player_model": "m1"
    },
    "model": "graph.player",
    "pk": 1
},
{
    "fields": {
        "game": "game",
        "user": 3,
        "player_model": "m2"
    },
    "model": "graph.player",
    "pk": 2
},
{
    "fields": {
        "game": "game",
        "user": 4,
        "player_model": "m3"
    },
    "model": "graph.player",
    "pk": 3
},
{
    "fields": {
        "game": "game",
        "user": 5,
        "player_model": "m4"
    },
    "model": "graph.player",
    "pk": 4
},
{
    "fields": {
        "game": "game",
        "user": 6,
        "player_model": "m5"
    },
    "model": "graph.player",
    "pk": 5
}
]
