[
{
    "fields": {
        "model": "permission",
        "name": "permission",
        "app_label": "auth"
    },
    "model": "contenttypes.contenttype",
    "pk": 1
},
{
    "fields": {
        "model": "group",
        "name": "group",
        "app_label": "auth"
    },
    "model": "contenttypes.contenttype",
    "pk": 2
},
{
    "fields": {
        "model": "user",
        "name": "user",
        "app_label": "auth"
    },
    "model": "contenttypes.contenttype",
    "pk": 3
},
{
    "fields": {
        "model": "contenttype",
        "name": "content type",
        "app_label": "contenttypes"
    },
    "model": "contenttypes.contenttype",
    "pk": 4
},
{
    "fields": {
        "model": "session",
        "name": "session",
        "app_label": "sessions"
    },
    "model": "contenttypes.contenttype",
    "pk": 5
},
{
    "fields": {
        "model": "taskmeta",
        "name": "task state",
        "app_label": "djcelery"
    },
    "model": "contenttypes.contenttype",
    "pk": 6
},
{
    "fields": {
        "model": "tasksetmeta",
        "name": "saved group result",
        "app_label": "djcelery"
    },
    "model": "contenttypes.contenttype",
    "pk": 7
},
{
    "fields": {
        "model": "intervalschedule",
        "name": "interval",
        "app_label": "djcelery"
    },
    "model": "contenttypes.contenttype",
    "pk": 8
},
{
    "fields": {
        "model": "crontabschedule",
        "name": "crontab",
        "app_label": "djcelery"
    },
    "model": "contenttypes.contenttype",
    "pk": 9
},
{
    "fields": {
        "model": "periodictasks",
        "name": "periodic tasks",
        "app_label": "djcelery"
    },
    "model": "contenttypes.contenttype",
    "pk": 10
},
{
    "fields": {
        "model": "periodictask",
        "name": "periodic task",
        "app_label": "djcelery"
    },
    "model": "contenttypes.contenttype",
    "pk": 11
},
{
    "fields": {
        "model": "workerstate",
        "name": "worker",
        "app_label": "djcelery"
    },
    "model": "contenttypes.contenttype",
    "pk": 12
},
{
    "fields": {
        "model": "taskstate",
        "name": "task",
        "app_label": "djcelery"
    },
    "model": "contenttypes.contenttype",
    "pk": 13
},
{
    "fields": {
        "model": "user",
        "name": "user",
        "app_label": "id_counter"
    },
    "model": "contenttypes.contenttype",
    "pk": 14
},
{
    "fields": {
        "model": "graph",
        "name": "graph",
        "app_label": "graph"
    },
    "model": "contenttypes.contenttype",
    "pk": 15
},
{
    "fields": {
        "model": "node",
        "name": "node",
        "app_label": "graph"
    },
    "model": "contenttypes.contenttype",
    "pk": 16
},
{
    "fields": {
        "model": "playermodel",
        "name": "player model",
        "app_label": "graph"
    },
    "model": "contenttypes.contenttype",
    "pk": 17
},
{
    "fields": {
        "model": "player",
        "name": "player",
        "app_label": "graph"
    },
    "model": "contenttypes.contenttype",
    "pk": 18
},
{
    "fields": {
        "model": "edge",
        "name": "edge",
        "app_label": "graph"
    },
    "model": "contenttypes.contenttype",
    "pk": 19
},
{
    "fields": {
        "model": "path",
        "name": "path",
        "app_label": "graph"
    },
    "model": "contenttypes.contenttype",
    "pk": 20
},
{
    "fields": {
        "model": "pathflowassignment",
        "name": "path flow assignment",
        "app_label": "graph"
    },
    "model": "contenttypes.contenttype",
    "pk": 21
},
{
    "fields": {
        "model": "gameturn",
        "name": "game turn",
        "app_label": "graph"
    },
    "model": "contenttypes.contenttype",
    "pk": 22
},
{
    "fields": {
        "model": "flowdistribution",
        "name": "flow distribution",
        "app_label": "graph"
    },
    "model": "contenttypes.contenttype",
    "pk": 23
},
{
    "fields": {
        "model": "learningrate",
        "name": "learning rate",
        "app_label": "graph"
    },
    "model": "contenttypes.contenttype",
    "pk": 24
},
{
    "fields": {
        "model": "edgecost",
        "name": "edge cost",
        "app_label": "graph"
    },
    "model": "contenttypes.contenttype",
    "pk": 25
},
{
    "fields": {
        "model": "graphcost",
        "name": "graph cost",
        "app_label": "graph"
    },
    "model": "contenttypes.contenttype",
    "pk": 26
},
{
    "fields": {
        "model": "game",
        "name": "game",
        "app_label": "graph"
    },
    "model": "contenttypes.contenttype",
    "pk": 27
},
{
    "fields": {
        "model": "request",
        "name": "request",
        "app_label": "silk"
    },
    "model": "contenttypes.contenttype",
    "pk": 28
},
{
    "fields": {
        "model": "response",
        "name": "response",
        "app_label": "silk"
    },
    "model": "contenttypes.contenttype",
    "pk": 29
},
{
    "fields": {
        "model": "sqlquery",
        "name": "sql query",
        "app_label": "silk"
    },
    "model": "contenttypes.contenttype",
    "pk": 30
},
{
    "fields": {
        "model": "profile",
        "name": "profile",
        "app_label": "silk"
    },
    "model": "contenttypes.contenttype",
    "pk": 31
},
{
    "fields": {
        "expire_date": "2016-04-20T22:04:09.127Z",
        "session_data": "MmMzZWNmMThjMzNiYWE4NWNmOWU2MTI1NWRlODg3YWM5NjgxN2VlNjp7Il9hdXRoX3VzZXJfaGFzaCI6ImJhMjU2N2E5YzE1NDJiOTEyZjQzY2M4MzczMjcxMGIzZGUyZmY1ZjAiLCJfYXV0aF91c2VyX2JhY2tlbmQiOiJkamFuZ28uY29udHJpYi5hdXRoLmJhY2tlbmRzLk1vZGVsQmFja2VuZCIsIl9hdXRoX3VzZXJfaWQiOjR9"
    },
    "model": "sessions.session",
    "pk": "10mmobh977bf47xj0qb9eymfixzq62am"
},
{
    "fields": {
        "expire_date": "2016-04-20T22:03:12.303Z",
        "session_data": "ZjRlMWI5OTgxZDA3OTlmNzczNjgxOTg0YjMyMmFhM2NiNmJiNzE5MDp7fQ=="
    },
    "model": "sessions.session",
    "pk": "408m8y8ld2h5jjy61z29dk409ugkjzie"
},
{
    "fields": {
        "expire_date": "2016-04-20T22:05:41.076Z",
        "session_data": "MWNiYzgzNGQ0ZDM5ZDI0ZjFmZjcyODVkNWYwMzhhOTA1YmZmNjgyMTp7Il9hdXRoX3VzZXJfaGFzaCI6IjI0NzVmODEwZWVlNzY2NWJlMDI5ZDdkZTgzZWIxOGIwODMwMGJjYjkiLCJfYXV0aF91c2VyX2lkIjozLCJfYXV0aF91c2VyX2JhY2tlbmQiOiJkamFuZ28uY29udHJpYi5hdXRoLmJhY2tlbmRzLk1vZGVsQmFja2VuZCJ9"
    },
    "model": "sessions.session",
    "pk": "9j5qvcq14e8cqd7tsamuexq6xktntmrt"
},
{
    "fields": {
        "expire_date": "2016-04-20T22:02:05.741Z",
        "session_data": "MmFlZjY0OTU4YzcwYzQ2ODE0ODBjYmI5ZTFiY2FhYzEwZjBhODAzNjp7Il9hdXRoX3VzZXJfaGFzaCI6IjBmN2UyNzg4Mjc5MjAwMTA4MzQ0ZGRkZDE2MjM5YzViYWZjYTNkOGEiLCJfYXV0aF91c2VyX2JhY2tlbmQiOiJkamFuZ28uY29udHJpYi5hdXRoLmJhY2tlbmRzLk1vZGVsQmFja2VuZCIsIl9hdXRoX3VzZXJfaWQiOjJ9"
    },
    "model": "sessions.session",
    "pk": "djz91j54760qs4jwnv5qpfr9u9fjcie0"
},
{
    "fields": {
        "expire_date": "2016-04-20T21:59:29.134Z",
        "session_data": "ZjRlMWI5OTgxZDA3OTlmNzczNjgxOTg0YjMyMmFhM2NiNmJiNzE5MDp7fQ=="
    },
    "model": "sessions.session",
    "pk": "jppsudrk4z2881tlui224t3eulgju1w7"
},
{
    "fields": {
        "expire_date": "2016-04-20T21:59:42.859Z",
        "session_data": "ZWQ0NzdlOTZkNDNlYmEyYmM5ODgyMjc5NjgzMDc3NzMxNzZkYWNkOTp7Il9hdXRoX3VzZXJfaGFzaCI6Ijg3OGU3MWRhYWE4NzA5MjFiMjVjYTIzZjEzZjZiMWM4MmFkMWYyYTgiLCJfYXV0aF91c2VyX2JhY2tlbmQiOiJkamFuZ28uY29udHJpYi5hdXRoLmJhY2tlbmRzLk1vZGVsQmFja2VuZCIsIl9hdXRoX3VzZXJfaWQiOjF9"
    },
    "model": "sessions.session",
    "pk": "k2mkczacbw9kzalg9k15ua9w4uvp0mwl"
},
{
    "fields": {
        "expire_date": "2016-04-20T22:08:25.753Z",
        "session_data": "MmMzZWNmMThjMzNiYWE4NWNmOWU2MTI1NWRlODg3YWM5NjgxN2VlNjp7Il9hdXRoX3VzZXJfaGFzaCI6ImJhMjU2N2E5YzE1NDJiOTEyZjQzY2M4MzczMjcxMGIzZGUyZmY1ZjAiLCJfYXV0aF91c2VyX2JhY2tlbmQiOiJkamFuZ28uY29udHJpYi5hdXRoLmJhY2tlbmRzLk1vZGVsQmFja2VuZCIsIl9hdXRoX3VzZXJfaWQiOjR9"
    },
    "model": "sessions.session",
    "pk": "qdxeavy47eswta1ldts9rzwgngskxl9i"
},
{
    "fields": {
        "graph_ui": "{\"graph\": \"G1\", \"nodes\": [{\"index\": 0, \"reflexive\": false, \"weight\": 1, \"px\": 135, \"py\": 183, \"y\": 183, \"x\": 135, \"id\": 1}, {\"index\": 1, \"reflexive\": false, \"weight\": 3, \"px\": 251, \"py\": 114, \"y\": 114, \"x\": 251, \"id\": 2}, {\"index\": 2, \"reflexive\": false, \"weight\": 2, \"px\": 324, \"py\": 188, \"y\": 188, \"x\": 324, \"id\": 3}, {\"index\": 3, \"reflexive\": false, \"weight\": 2, \"px\": 334, \"py\": 76, \"y\": 76, \"x\": 334, \"id\": 4}, {\"index\": 4, \"reflexive\": false, \"weight\": 2, \"px\": 430, \"py\": 134, \"y\": 134, \"x\": 430, \"id\": 5}], \"game\": \"game\", \"links\": [{\"id\": \"f57b9824abbfb66ad1971e51e4cb5f1d\", \"source\": {\"index\": 0, \"reflexive\": false, \"weight\": 1, \"px\": 135, \"py\": 183, \"y\": 183, \"x\": 135, \"id\": 1}, \"right\": true, \"target\": {\"index\": 1, \"reflexive\": false, \"weight\": 3, \"px\": 251, \"py\": 114, \"y\": 114, \"x\": 251, \"id\": 2}, \"left\": false}, {\"id\": \"b727469b5c41ebb22dd2ba57de8de427\", \"source\": {\"index\": 1, \"reflexive\": false, \"weight\": 3, \"px\": 251, \"py\": 114, \"y\": 114, \"x\": 251, \"id\": 2}, \"right\": true, \"target\": {\"index\": 2, \"reflexive\": false, \"weight\": 2, \"px\": 324, \"py\": 188, \"y\": 188, \"x\": 324, \"id\": 3}, \"left\": false}, {\"id\": \"d9e7210fc428c0e92ce951501fa171d7\", \"source\": {\"index\": 1, \"reflexive\": false, \"weight\": 3, \"px\": 251, \"py\": 114, \"y\": 114, \"x\": 251, \"id\": 2}, \"right\": true, \"target\": {\"index\": 3, \"reflexive\": false, \"weight\": 2, \"px\": 334, \"py\": 76, \"y\": 76, \"x\": 334, \"id\": 4}, \"left\": false}, {\"id\": \"0948a824bc5a839c4c7262052838509f\", \"source\": {\"index\": 3, \"reflexive\": false, \"weight\": 2, \"px\": 334, \"py\": 76, \"y\": 76, \"x\": 334, \"id\": 4}, \"right\": true, \"target\": {\"index\": 4, \"reflexive\": false, \"weight\": 2, \"px\": 430, \"py\": 134, \"y\": 134, \"x\": 430, \"id\": 5}, \"left\": false}, {\"id\": \"2bc55574d0852d513d0225bdef35d867\", \"source\": {\"index\": 2, \"reflexive\": false, \"weight\": 2, \"px\": 324, \"py\": 188, \"y\": 188, \"x\": 324, \"id\": 3}, \"right\": true, \"target\": {\"index\": 4, \"reflexive\": false, \"weight\": 2, \"px\": 430, \"py\": 134, \"y\": 134, \"x\": 430, \"id\": 5}, \"left\": false}]}"
    },
    "model": "graph.graph",
    "pk": "G1"
},
{
    "fields": {
        "graph_ui": "{\"graph\": \"G2\", \"nodes\": [{\"index\": 0, \"reflexive\": false, \"weight\": 3, \"px\": 29, \"py\": 318, \"y\": 318, \"x\": 29, \"id\": 1}, {\"index\": 1, \"reflexive\": false, \"weight\": 2, \"px\": 104, \"py\": 220, \"y\": 220, \"x\": 104, \"id\": 2}, {\"index\": 2, \"reflexive\": false, \"weight\": 3, \"px\": 126, \"py\": 259, \"y\": 259, \"x\": 126, \"id\": 3}, {\"index\": 3, \"reflexive\": false, \"weight\": 3, \"px\": 156, \"py\": 295, \"y\": 295, \"x\": 156, \"id\": 4}, {\"index\": 4, \"reflexive\": false, \"weight\": 3, \"px\": 210, \"py\": 215, \"y\": 215, \"x\": 210, \"id\": 5}], \"game\": \"game_2\", \"links\": [{\"id\": \"2a26dd3bd5bf07f3ce50a5377319b7a5\", \"source\": {\"index\": 0, \"reflexive\": false, \"weight\": 3, \"px\": 29, \"py\": 318, \"y\": 318, \"x\": 29, \"id\": 1}, \"right\": true, \"target\": {\"index\": 1, \"reflexive\": false, \"weight\": 2, \"px\": 104, \"py\": 220, \"y\": 220, \"x\": 104, \"id\": 2}, \"left\": false}, {\"id\": \"0c688a0b28f90872b20bf9dd414be690\", \"source\": {\"index\": 0, \"reflexive\": false, \"weight\": 3, \"px\": 29, \"py\": 318, \"y\": 318, \"x\": 29, \"id\": 1}, \"right\": true, \"target\": {\"index\": 2, \"reflexive\": false, \"weight\": 3, \"px\": 126, \"py\": 259, \"y\": 259, \"x\": 126, \"id\": 3}, \"left\": false}, {\"id\": \"a8f320fea840dd895bd6b65d23c2e189\", \"source\": {\"index\": 0, \"reflexive\": false, \"weight\": 3, \"px\": 29, \"py\": 318, \"y\": 318, \"x\": 29, \"id\": 1}, \"right\": true, \"target\": {\"index\": 3, \"reflexive\": false, \"weight\": 3, \"px\": 156, \"py\": 295, \"y\": 295, \"x\": 156, \"id\": 4}, \"left\": false}, {\"id\": \"68f3e3d28f3257e1fa528a47e19b22c4\", \"source\": {\"index\": 3, \"reflexive\": false, \"weight\": 3, \"px\": 156, \"py\": 295, \"y\": 295, \"x\": 156, \"id\": 4}, \"right\": true, \"target\": {\"index\": 4, \"reflexive\": false, \"weight\": 3, \"px\": 210, \"py\": 215, \"y\": 215, \"x\": 210, \"id\": 5}, \"left\": false}, {\"id\": \"906c49b9f3209a10959e4f858f5afa2b\", \"source\": {\"index\": 2, \"reflexive\": false, \"weight\": 3, \"px\": 126, \"py\": 259, \"y\": 259, \"x\": 126, \"id\": 3}, \"right\": false, \"target\": {\"index\": 3, \"reflexive\": false, \"weight\": 3, \"px\": 156, \"py\": 295, \"y\": 295, \"x\": 156, \"id\": 4}, \"left\": true}, {\"id\": \"c522b3b6924974bd70f8ea87e29c8378\", \"source\": {\"index\": 2, \"reflexive\": false, \"weight\": 3, \"px\": 126, \"py\": 259, \"y\": 259, \"x\": 126, \"id\": 3}, \"right\": true, \"target\": {\"index\": 4, \"reflexive\": false, \"weight\": 3, \"px\": 210, \"py\": 215, \"y\": 215, \"x\": 210, \"id\": 5}, \"left\": false}, {\"id\": \"4bf60a5717294ec595ce6a77cbc511d1\", \"source\": {\"index\": 1, \"reflexive\": false, \"weight\": 2, \"px\": 104, \"py\": 220, \"y\": 220, \"x\": 104, \"id\": 2}, \"right\": true, \"target\": {\"index\": 4, \"reflexive\": false, \"weight\": 3, \"px\": 210, \"py\": 215, \"y\": 215, \"x\": 210, \"id\": 5}, \"left\": false}]}"
    },
    "model": "graph.graph",
    "pk": "G2"
},
{
    "fields": {
        "graph_ui": "{\"graph\": \"G3\", \"nodes\": [{\"index\": 0, \"reflexive\": false, \"weight\": 1, \"px\": 67, \"py\": 337, \"y\": 337, \"x\": 67, \"id\": 1}, {\"index\": 1, \"reflexive\": false, \"weight\": 2, \"px\": 103, \"py\": 265, \"y\": 265, \"x\": 103, \"id\": 2}, {\"index\": 2, \"reflexive\": false, \"weight\": 1, \"px\": 143, \"py\": 290, \"y\": 290, \"x\": 143, \"id\": 3}], \"game\": \"game_2\", \"links\": [{\"id\": \"68d523873944018a83f7e2828da00d5b\", \"source\": {\"index\": 0, \"reflexive\": false, \"weight\": 1, \"px\": 67, \"py\": 337, \"y\": 337, \"x\": 67, \"id\": 1}, \"right\": true, \"target\": {\"index\": 1, \"reflexive\": false, \"weight\": 2, \"px\": 103, \"py\": 265, \"y\": 265, \"x\": 103, \"id\": 2}, \"left\": false}, {\"id\": \"12ba8032e0cc461ec0ab937a3c409c44\", \"source\": {\"index\": 1, \"reflexive\": false, \"weight\": 2, \"px\": 103, \"py\": 265, \"y\": 265, \"x\": 103, \"id\": 2}, \"right\": true, \"target\": {\"index\": 2, \"reflexive\": false, \"weight\": 1, \"px\": 143, \"py\": 290, \"y\": 290, \"x\": 143, \"id\": 3}, \"left\": false}]}"
    },
    "model": "graph.graph",
    "pk": "G3"
},
{
    "fields": {
        "graph_ui": "{\"graph\": \"G4\", \"nodes\": [{\"index\": 0, \"reflexive\": false, \"weight\": 3, \"px\": 170, \"py\": 276, \"y\": 276, \"x\": 170, \"id\": 1}, {\"index\": 1, \"reflexive\": false, \"weight\": 2, \"px\": 167, \"py\": 195, \"y\": 195, \"x\": 167, \"id\": 2}, {\"index\": 2, \"reflexive\": false, \"weight\": 3, \"px\": 288, \"py\": 256, \"y\": 256, \"x\": 288, \"id\": 3}, {\"index\": 3, \"reflexive\": false, \"weight\": 3, \"px\": 286, \"py\": 177, \"y\": 177, \"x\": 286, \"id\": 4}, {\"index\": 4, \"reflexive\": false, \"weight\": 3, \"px\": 197, \"py\": 229, \"y\": 229, \"x\": 197, \"id\": 5}], \"game\": \"game_2\", \"links\": [{\"id\": \"2311a3965b1ff1fa3d522330f887cdc3\", \"source\": {\"index\": 0, \"reflexive\": false, \"weight\": 3, \"px\": 170, \"py\": 276, \"y\": 276, \"x\": 170, \"id\": 1}, \"right\": true, \"target\": {\"index\": 1, \"reflexive\": false, \"weight\": 2, \"px\": 167, \"py\": 195, \"y\": 195, \"x\": 167, \"id\": 2}, \"left\": false}, {\"id\": \"7e427001bb28d66b4df3adc6dcb35934\", \"source\": {\"index\": 0, \"reflexive\": false, \"weight\": 3, \"px\": 170, \"py\": 276, \"y\": 276, \"x\": 170, \"id\": 1}, \"right\": true, \"target\": {\"index\": 4, \"reflexive\": false, \"weight\": 3, \"px\": 197, \"py\": 229, \"y\": 229, \"x\": 197, \"id\": 5}, \"left\": false}, {\"id\": \"fd91702e606b4a8f9a991acc7936b72f\", \"source\": {\"index\": 0, \"reflexive\": false, \"weight\": 3, \"px\": 170, \"py\": 276, \"y\": 276, \"x\": 170, \"id\": 1}, \"right\": true, \"target\": {\"index\": 2, \"reflexive\": false, \"weight\": 3, \"px\": 288, \"py\": 256, \"y\": 256, \"x\": 288, \"id\": 3}, \"left\": false}, {\"id\": \"7fb4277d5a321d466b94da5b1b439497\", \"source\": {\"index\": 2, \"reflexive\": false, \"weight\": 3, \"px\": 288, \"py\": 256, \"y\": 256, \"x\": 288, \"id\": 3}, \"right\": true, \"target\": {\"index\": 3, \"reflexive\": false, \"weight\": 3, \"px\": 286, \"py\": 177, \"y\": 177, \"x\": 286, \"id\": 4}, \"left\": false}, {\"id\": \"c3045e93417cddbf0dc0492e0b1d194a\", \"source\": {\"index\": 3, \"reflexive\": false, \"weight\": 3, \"px\": 286, \"py\": 177, \"y\": 177, \"x\": 286, \"id\": 4}, \"right\": false, \"target\": {\"index\": 4, \"reflexive\": false, \"weight\": 3, \"px\": 197, \"py\": 229, \"y\": 229, \"x\": 197, \"id\": 5}, \"left\": true}, {\"id\": \"f14734cc0cfe732fd7b82f50f69b5e99\", \"source\": {\"index\": 1, \"reflexive\": false, \"weight\": 2, \"px\": 167, \"py\": 195, \"y\": 195, \"x\": 167, \"id\": 2}, \"right\": true, \"target\": {\"index\": 3, \"reflexive\": false, \"weight\": 3, \"px\": 286, \"py\": 177, \"y\": 177, \"x\": 286, \"id\": 4}, \"left\": false}, {\"id\": \"7db8b13c14b9ef7995ae891ff02b4efb\", \"source\": {\"index\": 2, \"reflexive\": false, \"weight\": 3, \"px\": 288, \"py\": 256, \"y\": 256, \"x\": 288, \"id\": 3}, \"right\": true, \"target\": {\"index\": 4, \"reflexive\": false, \"weight\": 3, \"px\": 197, \"py\": 229, \"y\": 229, \"x\": 197, \"id\": 5}, \"left\": false}]}"
    },
    "model": "graph.graph",
    "pk": "G4"
},
{
    "fields": {
        "graph": "G2",
        "ui_id": 1
    },
    "model": "graph.node",
    "pk": "0647f347-15ff-4ec6-9ce9-c836073fcf8a"
},
{
    "fields": {
        "graph": "G3",
        "ui_id": 2
    },
    "model": "graph.node",
    "pk": "06a8f529-4ba0-482e-8d0a-b5767e7e7b19"
},
{
    "fields": {
        "graph": "G2",
        "ui_id": 2
    },
    "model": "graph.node",
    "pk": "080138ea-0bdb-441c-81f8-6b7ac545268c"
},
{
    "fields": {
        "graph": "G2",
        "ui_id": 1
    },
    "model": "graph.node",
    "pk": "0f102b73-70e0-44f5-ae81-84106a721eb8"
},
{
    "fields": {
        "graph": "G2",
        "ui_id": 5
    },
    "model": "graph.node",
    "pk": "1109a7e6-36f5-4186-8d0a-edadb85538ec"
},
{
    "fields": {
        "graph": "G2",
        "ui_id": 1
    },
    "model": "graph.node",
    "pk": "165f6278-e39d-42e7-aac2-8ee820e67b25"
},
{
    "fields": {
        "graph": "G2",
        "ui_id": 3
    },
    "model": "graph.node",
    "pk": "19fc19af-bf7d-43a6-a253-eddc54c82631"
},
{
    "fields": {
        "graph": "G4",
        "ui_id": 4
    },
    "model": "graph.node",
    "pk": "2485f6ce-d024-4620-99ab-8a0f836d5738"
},
{
    "fields": {
        "graph": "G2",
        "ui_id": 4
    },
    "model": "graph.node",
    "pk": "28dd7159-dbe9-4d6c-92dd-66428cf7bad5"
},
{
    "fields": {
        "graph": "G4",
        "ui_id": 5
    },
    "model": "graph.node",
    "pk": "2d6a8404-a25d-4c03-892a-a78740e52619"
},
{
    "fields": {
        "graph": "G1",
        "ui_id": 1
    },
    "model": "graph.node",
    "pk": "3f337c43-c391-4f39-8151-8d8c495eeabd"
},
{
    "fields": {
        "graph": "G2",
        "ui_id": 3
    },
    "model": "graph.node",
    "pk": "545d21a6-c473-459f-8a8e-a47e2480a8db"
},
{
    "fields": {
        "graph": "G4",
        "ui_id": 1
    },
    "model": "graph.node",
    "pk": "5744d6cf-50fd-4960-94e7-88b46c0ff5c6"
},
{
    "fields": {
        "graph": "G2",
        "ui_id": 2
    },
    "model": "graph.node",
    "pk": "5ce6dbae-3633-47a5-9043-15b693f49c2c"
},
{
    "fields": {
        "graph": "G2",
        "ui_id": 4
    },
    "model": "graph.node",
    "pk": "8fcf11f7-c7bc-402f-8d87-eb6a03bf2ecf"
},
{
    "fields": {
        "graph": "G1",
        "ui_id": 5
    },
    "model": "graph.node",
    "pk": "92e6a56b-99a4-41d1-93d8-cdb09311cffe"
},
{
    "fields": {
        "graph": "G1",
        "ui_id": 2
    },
    "model": "graph.node",
    "pk": "a32969f6-f993-4d12-9bb7-8509d7c9927a"
},
{
    "fields": {
        "graph": "G2",
        "ui_id": 5
    },
    "model": "graph.node",
    "pk": "bd01b1c7-d0a5-4dc9-81ce-5e047e6f2100"
},
{
    "fields": {
        "graph": "G2",
        "ui_id": 2
    },
    "model": "graph.node",
    "pk": "c2595780-2326-4cc5-84d5-44f1f29bd5b1"
},
{
    "fields": {
        "graph": "G4",
        "ui_id": 2
    },
    "model": "graph.node",
    "pk": "c36adff0-6dba-492e-96db-797917ee9da7"
},
{
    "fields": {
        "graph": "G4",
        "ui_id": 3
    },
    "model": "graph.node",
    "pk": "c9f1633f-11be-4915-b07e-ab2645e89dc4"
},
{
    "fields": {
        "graph": "G1",
        "ui_id": 4
    },
    "model": "graph.node",
    "pk": "d697f2b6-a479-412d-a343-d9bac7e14018"
},
{
    "fields": {
        "graph": "G3",
        "ui_id": 3
    },
    "model": "graph.node",
    "pk": "d80ad8dd-dc52-43bb-9be2-905ccf4ddc7c"
},
{
    "fields": {
        "graph": "G2",
        "ui_id": 5
    },
    "model": "graph.node",
    "pk": "f46cfac6-236c-4653-b4ce-d8a6f179b0ec"
},
{
    "fields": {
        "graph": "G2",
        "ui_id": 3
    },
    "model": "graph.node",
    "pk": "fa23a4d6-4003-45b1-a225-7f6df3cc01cd"
},
{
    "fields": {
        "graph": "G2",
        "ui_id": 4
    },
    "model": "graph.node",
    "pk": "fd0e0072-0851-4a78-a4cb-793e86d3dec9"
},
{
    "fields": {
        "graph": "G3",
        "ui_id": 1
    },
    "model": "graph.node",
    "pk": "ff32b281-906a-4f45-8e28-6ed3b1ad1a1e"
},
{
    "fields": {
        "graph": "G1",
        "ui_id": 3
    },
    "model": "graph.node",
    "pk": "ff6ad847-3fe5-4aa8-bed9-85f82fb5ca83"
},
{
    "fields": {
        "destination_node": "2485f6ce-d024-4620-99ab-8a0f836d5738",
        "graph": "G4",
        "in_use": true,
        "flow": 1.0,
        "normalization_const": 1.3429143166188076,
        "start_node": "5744d6cf-50fd-4960-94e7-88b46c0ff5c6"
    },
    "model": "graph.playermodel",
    "pk": "PM1"
},
{
    "fields": {
        "destination_node": "2485f6ce-d024-4620-99ab-8a0f836d5738",
        "graph": "G4",
        "in_use": true,
        "flow": 1.0,
        "normalization_const": 1.3429143166188076,
        "start_node": "5744d6cf-50fd-4960-94e7-88b46c0ff5c6"
    },
    "model": "graph.playermodel",
    "pk": "PM2"
},
{
    "fields": {
        "graph": "G2",
        "cost_function": "x",
        "to_node": "8fcf11f7-c7bc-402f-8d87-eb6a03bf2ecf",
        "from_node": "0647f347-15ff-4ec6-9ce9-c836073fcf8a"
    },
    "model": "graph.edge",
    "pk": "061a511088f3f52b01657d383bae5961"
},
{
    "fields": {
        "graph": "G1",
        "cost_function": "x",
        "to_node": "92e6a56b-99a4-41d1-93d8-cdb09311cffe",
        "from_node": "d697f2b6-a479-412d-a343-d9bac7e14018"
    },
    "model": "graph.edge",
    "pk": "0948a824bc5a839c4c7262052838509f"
},
{
    "fields": {
        "graph": "G2",
        "cost_function": "x",
        "to_node": "19fc19af-bf7d-43a6-a253-eddc54c82631",
        "from_node": "165f6278-e39d-42e7-aac2-8ee820e67b25"
    },
    "model": "graph.edge",
    "pk": "0c688a0b28f90872b20bf9dd414be690"
},
{
    "fields": {
        "graph": "G3",
        "cost_function": "x",
        "to_node": "d80ad8dd-dc52-43bb-9be2-905ccf4ddc7c",
        "from_node": "06a8f529-4ba0-482e-8d0a-b5767e7e7b19"
    },
    "model": "graph.edge",
    "pk": "12ba8032e0cc461ec0ab937a3c409c44"
},
{
    "fields": {
        "graph": "G4",
        "cost_function": "x",
        "to_node": "c36adff0-6dba-492e-96db-797917ee9da7",
        "from_node": "5744d6cf-50fd-4960-94e7-88b46c0ff5c6"
    },
    "model": "graph.edge",
    "pk": "2311a3965b1ff1fa3d522330f887cdc3"
},
{
    "fields": {
        "graph": "G2",
        "cost_function": "x",
        "to_node": "c2595780-2326-4cc5-84d5-44f1f29bd5b1",
        "from_node": "165f6278-e39d-42e7-aac2-8ee820e67b25"
    },
    "model": "graph.edge",
    "pk": "2a26dd3bd5bf07f3ce50a5377319b7a5"
},
{
    "fields": {
        "graph": "G1",
        "cost_function": "x",
        "to_node": "92e6a56b-99a4-41d1-93d8-cdb09311cffe",
        "from_node": "ff6ad847-3fe5-4aa8-bed9-85f82fb5ca83"
    },
    "model": "graph.edge",
    "pk": "2bc55574d0852d513d0225bdef35d867"
},
{
    "fields": {
        "graph": "G2",
        "cost_function": "x",
        "to_node": "bd01b1c7-d0a5-4dc9-81ce-5e047e6f2100",
        "from_node": "fd0e0072-0851-4a78-a4cb-793e86d3dec9"
    },
    "model": "graph.edge",
    "pk": "35880c149987764aa22f892ad8d4686f"
},
{
    "fields": {
        "graph": "G2",
        "cost_function": "x",
        "to_node": "bd01b1c7-d0a5-4dc9-81ce-5e047e6f2100",
        "from_node": "080138ea-0bdb-441c-81f8-6b7ac545268c"
    },
    "model": "graph.edge",
    "pk": "3d96e5fb7358653d3bc24dca277d2e2c"
},
{
    "fields": {
        "graph": "G2",
        "cost_function": "x",
        "to_node": "f46cfac6-236c-4653-b4ce-d8a6f179b0ec",
        "from_node": "5ce6dbae-3633-47a5-9043-15b693f49c2c"
    },
    "model": "graph.edge",
    "pk": "4b698617a6849bf33fad39c7607a5bbe"
},
{
    "fields": {
        "graph": "G2",
        "cost_function": "x",
        "to_node": "1109a7e6-36f5-4186-8d0a-edadb85538ec",
        "from_node": "c2595780-2326-4cc5-84d5-44f1f29bd5b1"
    },
    "model": "graph.edge",
    "pk": "4bf60a5717294ec595ce6a77cbc511d1"
},
{
    "fields": {
        "graph": "G3",
        "cost_function": "x",
        "to_node": "06a8f529-4ba0-482e-8d0a-b5767e7e7b19",
        "from_node": "ff32b281-906a-4f45-8e28-6ed3b1ad1a1e"
    },
    "model": "graph.edge",
    "pk": "68d523873944018a83f7e2828da00d5b"
},
{
    "fields": {
        "graph": "G2",
        "cost_function": "x",
        "to_node": "1109a7e6-36f5-4186-8d0a-edadb85538ec",
        "from_node": "28dd7159-dbe9-4d6c-92dd-66428cf7bad5"
    },
    "model": "graph.edge",
    "pk": "68f3e3d28f3257e1fa528a47e19b22c4"
},
{
    "fields": {
        "graph": "G2",
        "cost_function": "x",
        "to_node": "f46cfac6-236c-4653-b4ce-d8a6f179b0ec",
        "from_node": "fa23a4d6-4003-45b1-a225-7f6df3cc01cd"
    },
    "model": "graph.edge",
    "pk": "7db0f1821442e3e97769ab9e577db72f"
},
{
    "fields": {
        "graph": "G4",
        "cost_function": "x",
        "to_node": "2d6a8404-a25d-4c03-892a-a78740e52619",
        "from_node": "c9f1633f-11be-4915-b07e-ab2645e89dc4"
    },
    "model": "graph.edge",
    "pk": "7db8b13c14b9ef7995ae891ff02b4efb"
},
{
    "fields": {
        "graph": "G4",
        "cost_function": "x",
        "to_node": "2d6a8404-a25d-4c03-892a-a78740e52619",
        "from_node": "5744d6cf-50fd-4960-94e7-88b46c0ff5c6"
    },
    "model": "graph.edge",
    "pk": "7e427001bb28d66b4df3adc6dcb35934"
},
{
    "fields": {
        "graph": "G4",
        "cost_function": "x",
        "to_node": "2485f6ce-d024-4620-99ab-8a0f836d5738",
        "from_node": "c9f1633f-11be-4915-b07e-ab2645e89dc4"
    },
    "model": "graph.edge",
    "pk": "7fb4277d5a321d466b94da5b1b439497"
},
{
    "fields": {
        "graph": "G2",
        "cost_function": "x",
        "to_node": "5ce6dbae-3633-47a5-9043-15b693f49c2c",
        "from_node": "0647f347-15ff-4ec6-9ce9-c836073fcf8a"
    },
    "model": "graph.edge",
    "pk": "830db1c680d0dfff468b6fee8b5a695f"
},
{
    "fields": {
        "graph": "G2",
        "cost_function": "x",
        "to_node": "19fc19af-bf7d-43a6-a253-eddc54c82631",
        "from_node": "28dd7159-dbe9-4d6c-92dd-66428cf7bad5"
    },
    "model": "graph.edge",
    "pk": "906c49b9f3209a10959e4f858f5afa2b"
},
{
    "fields": {
        "graph": "G2",
        "cost_function": "x",
        "to_node": "fa23a4d6-4003-45b1-a225-7f6df3cc01cd",
        "from_node": "0647f347-15ff-4ec6-9ce9-c836073fcf8a"
    },
    "model": "graph.edge",
    "pk": "9a3090978e1ce1de4e6ae326d53d83ee"
},
{
    "fields": {
        "graph": "G2",
        "cost_function": "x",
        "to_node": "fa23a4d6-4003-45b1-a225-7f6df3cc01cd",
        "from_node": "8fcf11f7-c7bc-402f-8d87-eb6a03bf2ecf"
    },
    "model": "graph.edge",
    "pk": "a4b3a0109cb5dd09cd7ea9c589388453"
},
{
    "fields": {
        "graph": "G2",
        "cost_function": "x",
        "to_node": "28dd7159-dbe9-4d6c-92dd-66428cf7bad5",
        "from_node": "165f6278-e39d-42e7-aac2-8ee820e67b25"
    },
    "model": "graph.edge",
    "pk": "a8f320fea840dd895bd6b65d23c2e189"
},
{
    "fields": {
        "graph": "G2",
        "cost_function": "x",
        "to_node": "f46cfac6-236c-4653-b4ce-d8a6f179b0ec",
        "from_node": "8fcf11f7-c7bc-402f-8d87-eb6a03bf2ecf"
    },
    "model": "graph.edge",
    "pk": "b34bfe8a5e9f14a9a7ea0cb654e9ebd9"
},
{
    "fields": {
        "graph": "G1",
        "cost_function": "x",
        "to_node": "ff6ad847-3fe5-4aa8-bed9-85f82fb5ca83",
        "from_node": "a32969f6-f993-4d12-9bb7-8509d7c9927a"
    },
    "model": "graph.edge",
    "pk": "b727469b5c41ebb22dd2ba57de8de427"
},
{
    "fields": {
        "graph": "G4",
        "cost_function": "x",
        "to_node": "2485f6ce-d024-4620-99ab-8a0f836d5738",
        "from_node": "2d6a8404-a25d-4c03-892a-a78740e52619"
    },
    "model": "graph.edge",
    "pk": "c3045e93417cddbf0dc0492e0b1d194a"
},
{
    "fields": {
        "graph": "G2",
        "cost_function": "x",
        "to_node": "1109a7e6-36f5-4186-8d0a-edadb85538ec",
        "from_node": "19fc19af-bf7d-43a6-a253-eddc54c82631"
    },
    "model": "graph.edge",
    "pk": "c522b3b6924974bd70f8ea87e29c8378"
},
{
    "fields": {
        "graph": "G1",
        "cost_function": "x",
        "to_node": "d697f2b6-a479-412d-a343-d9bac7e14018",
        "from_node": "a32969f6-f993-4d12-9bb7-8509d7c9927a"
    },
    "model": "graph.edge",
    "pk": "d9e7210fc428c0e92ce951501fa171d7"
},
{
    "fields": {
        "graph": "G2",
        "cost_function": "x",
        "to_node": "545d21a6-c473-459f-8a8e-a47e2480a8db",
        "from_node": "fd0e0072-0851-4a78-a4cb-793e86d3dec9"
    },
    "model": "graph.edge",
    "pk": "e3852a694b1620737a0524d326fcc48e"
},
{
    "fields": {
        "graph": "G2",
        "cost_function": "x",
        "to_node": "fd0e0072-0851-4a78-a4cb-793e86d3dec9",
        "from_node": "0f102b73-70e0-44f5-ae81-84106a721eb8"
    },
    "model": "graph.edge",
    "pk": "e3e4506115a43c3c93695e3baa8d8457"
},
{
    "fields": {
        "graph": "G2",
        "cost_function": "x",
        "to_node": "bd01b1c7-d0a5-4dc9-81ce-5e047e6f2100",
        "from_node": "545d21a6-c473-459f-8a8e-a47e2480a8db"
    },
    "model": "graph.edge",
    "pk": "ec1b3fcfd29a4c4034e9515f38903cbe"
},
{
    "fields": {
        "graph": "G2",
        "cost_function": "x",
        "to_node": "545d21a6-c473-459f-8a8e-a47e2480a8db",
        "from_node": "0f102b73-70e0-44f5-ae81-84106a721eb8"
    },
    "model": "graph.edge",
    "pk": "ef60e6f3377ffe8b20697c90b331076d"
},
{
    "fields": {
        "graph": "G4",
        "cost_function": "x",
        "to_node": "2485f6ce-d024-4620-99ab-8a0f836d5738",
        "from_node": "c36adff0-6dba-492e-96db-797917ee9da7"
    },
    "model": "graph.edge",
    "pk": "f14734cc0cfe732fd7b82f50f69b5e99"
},
{
    "fields": {
        "graph": "G1",
        "cost_function": "x",
        "to_node": "a32969f6-f993-4d12-9bb7-8509d7c9927a",
        "from_node": "3f337c43-c391-4f39-8151-8d8c495eeabd"
    },
    "model": "graph.edge",
    "pk": "f57b9824abbfb66ad1971e51e4cb5f1d"
},
{
    "fields": {
        "graph": "G4",
        "cost_function": "x",
        "to_node": "c9f1633f-11be-4915-b07e-ab2645e89dc4",
        "from_node": "5744d6cf-50fd-4960-94e7-88b46c0ff5c6"
    },
    "model": "graph.edge",
    "pk": "fd91702e606b4a8f9a991acc7936b72f"
},
{
    "fields": {
        "graph": "G2",
        "cost_function": "x",
        "to_node": "080138ea-0bdb-441c-81f8-6b7ac545268c",
        "from_node": "0f102b73-70e0-44f5-ae81-84106a721eb8"
    },
    "model": "graph.edge",
    "pk": "ff2a45942a8523d6d6ad7a839089ab4b"
},
{
    "fields": {
        "graph": "G4",
        "edges": [
            "2311a3965b1ff1fa3d522330f887cdc3",
            "f14734cc0cfe732fd7b82f50f69b5e99"
        ],
        "player_model": "PM1"
    },
    "model": "graph.path",
    "pk": 7
},
{
    "fields": {
        "graph": "G4",
        "edges": [
            "7fb4277d5a321d466b94da5b1b439497",
            "fd91702e606b4a8f9a991acc7936b72f"
        ],
        "player_model": "PM1"
    },
    "model": "graph.path",
    "pk": 8
},
{
    "fields": {
        "graph": "G4",
        "edges": [
            "7db8b13c14b9ef7995ae891ff02b4efb",
            "c3045e93417cddbf0dc0492e0b1d194a",
            "fd91702e606b4a8f9a991acc7936b72f"
        ],
        "player_model": "PM1"
    },
    "model": "graph.path",
    "pk": 9
},
{
    "fields": {
        "graph": "G4",
        "edges": [
            "7e427001bb28d66b4df3adc6dcb35934",
            "c3045e93417cddbf0dc0492e0b1d194a"
        ],
        "player_model": "PM1"
    },
    "model": "graph.path",
    "pk": 10
},
{
    "fields": {
        "graph": "G4",
        "edges": [
            "2311a3965b1ff1fa3d522330f887cdc3",
            "f14734cc0cfe732fd7b82f50f69b5e99"
        ],
        "player_model": "PM2"
    },
    "model": "graph.path",
    "pk": 13
},
{
    "fields": {
        "graph": "G4",
        "edges": [
            "7fb4277d5a321d466b94da5b1b439497",
            "fd91702e606b4a8f9a991acc7936b72f"
        ],
        "player_model": "PM2"
    },
    "model": "graph.path",
    "pk": 14
},
{
    "fields": {
        "graph": "G4",
        "edges": [
            "7db8b13c14b9ef7995ae891ff02b4efb",
            "c3045e93417cddbf0dc0492e0b1d194a",
            "fd91702e606b4a8f9a991acc7936b72f"
        ],
        "player_model": "PM2"
    },
    "model": "graph.path",
    "pk": 15
},
{
    "fields": {
        "graph": "G4",
        "edges": [
            "7e427001bb28d66b4df3adc6dcb35934",
            "c3045e93417cddbf0dc0492e0b1d194a"
        ],
        "player_model": "PM2"
    },
    "model": "graph.path",
    "pk": 16
},
{
    "fields": {
        "path": 7,
        "flow": 0.25
    },
    "model": "graph.pathflowassignment",
    "pk": 175
},
{
    "fields": {
        "path": 8,
        "flow": 0.25
    },
    "model": "graph.pathflowassignment",
    "pk": 176
},
{
    "fields": {
        "path": 9,
        "flow": 0.25
    },
    "model": "graph.pathflowassignment",
    "pk": 177
},
{
    "fields": {
        "path": 10,
        "flow": 0.25
    },
    "model": "graph.pathflowassignment",
    "pk": 178
},
{
    "fields": {
        "path": 13,
        "flow": 0.25
    },
    "model": "graph.pathflowassignment",
    "pk": 179
},
{
    "fields": {
        "path": 14,
        "flow": 0.25
    },
    "model": "graph.pathflowassignment",
    "pk": 180
},
{
    "fields": {
        "path": 15,
        "flow": 0.25
    },
    "model": "graph.pathflowassignment",
    "pk": 181
},
{
    "fields": {
        "path": 16,
        "flow": 0.25
    },
    "model": "graph.pathflowassignment",
    "pk": 182
},
{
    "fields": {
        "path": 7,
        "flow": 0.25
    },
    "model": "graph.pathflowassignment",
    "pk": 183
},
{
    "fields": {
        "path": 8,
        "flow": 0.25
    },
    "model": "graph.pathflowassignment",
    "pk": 184
},
{
    "fields": {
        "path": 9,
        "flow": 0.25
    },
    "model": "graph.pathflowassignment",
    "pk": 185
},
{
    "fields": {
        "path": 10,
        "flow": 0.25
    },
    "model": "graph.pathflowassignment",
    "pk": 186
},
{
    "fields": {
        "path": 13,
        "flow": 0.25
    },
    "model": "graph.pathflowassignment",
    "pk": 187
},
{
    "fields": {
        "path": 14,
        "flow": 0.25
    },
    "model": "graph.pathflowassignment",
    "pk": 188
},
{
    "fields": {
        "path": 15,
        "flow": 0.25
    },
    "model": "graph.pathflowassignment",
    "pk": 189
},
{
    "fields": {
        "path": 16,
        "flow": 0.25
    },
    "model": "graph.pathflowassignment",
    "pk": 190
},
{
    "fields": {
        "path": 7,
        "flow": 0.25
    },
    "model": "graph.pathflowassignment",
    "pk": 191
},
{
    "fields": {
        "path": 8,
        "flow": 0.25
    },
    "model": "graph.pathflowassignment",
    "pk": 192
},
{
    "fields": {
        "path": 9,
        "flow": 0.25
    },
    "model": "graph.pathflowassignment",
    "pk": 193
},
{
    "fields": {
        "path": 10,
        "flow": 0.25
    },
    "model": "graph.pathflowassignment",
    "pk": 194
},
{
    "fields": {
        "path": 13,
        "flow": 0.25
    },
    "model": "graph.pathflowassignment",
    "pk": 195
},
{
    "fields": {
        "path": 14,
        "flow": 0.25
    },
    "model": "graph.pathflowassignment",
    "pk": 196
},
{
    "fields": {
        "path": 15,
        "flow": 0.25
    },
    "model": "graph.pathflowassignment",
    "pk": 197
},
{
    "fields": {
        "path": 16,
        "flow": 0.25
    },
    "model": "graph.pathflowassignment",
    "pk": 198
},
{
    "fields": {
        "path": 7,
        "flow": 0.25
    },
    "model": "graph.pathflowassignment",
    "pk": 199
},
{
    "fields": {
        "path": 8,
        "flow": 0.25
    },
    "model": "graph.pathflowassignment",
    "pk": 200
},
{
    "fields": {
        "path": 9,
        "flow": 0.25
    },
    "model": "graph.pathflowassignment",
    "pk": 201
},
{
    "fields": {
        "path": 10,
        "flow": 0.25
    },
    "model": "graph.pathflowassignment",
    "pk": 202
},
{
    "fields": {
        "path": 13,
        "flow": 0.25
    },
    "model": "graph.pathflowassignment",
    "pk": 203
},
{
    "fields": {
        "path": 14,
        "flow": 0.25
    },
    "model": "graph.pathflowassignment",
    "pk": 204
},
{
    "fields": {
        "path": 15,
        "flow": 0.25
    },
    "model": "graph.pathflowassignment",
    "pk": 205
},
{
    "fields": {
        "path": 16,
        "flow": 0.25
    },
    "model": "graph.pathflowassignment",
    "pk": 206
},
{
    "fields": {
        "path": 7,
        "flow": 0.25
    },
    "model": "graph.pathflowassignment",
    "pk": 207
},
{
    "fields": {
        "path": 8,
        "flow": 0.25
    },
    "model": "graph.pathflowassignment",
    "pk": 208
},
{
    "fields": {
        "path": 9,
        "flow": 0.25
    },
    "model": "graph.pathflowassignment",
    "pk": 209
},
{
    "fields": {
        "path": 10,
        "flow": 0.25
    },
    "model": "graph.pathflowassignment",
    "pk": 210
},
{
    "fields": {
        "path": 13,
        "flow": 0.25
    },
    "model": "graph.pathflowassignment",
    "pk": 211
},
{
    "fields": {
        "path": 14,
        "flow": 0.25
    },
    "model": "graph.pathflowassignment",
    "pk": 212
},
{
    "fields": {
        "path": 15,
        "flow": 0.25
    },
    "model": "graph.pathflowassignment",
    "pk": 213
},
{
    "fields": {
        "path": 16,
        "flow": 0.25
    },
    "model": "graph.pathflowassignment",
    "pk": 214
},
{
    "fields": {
        "path": 7,
        "flow": 0.25
    },
    "model": "graph.pathflowassignment",
    "pk": 215
},
{
    "fields": {
        "path": 8,
        "flow": 0.25
    },
    "model": "graph.pathflowassignment",
    "pk": 216
},
{
    "fields": {
        "path": 9,
        "flow": 0.25
    },
    "model": "graph.pathflowassignment",
    "pk": 217
},
{
    "fields": {
        "path": 10,
        "flow": 0.25
    },
    "model": "graph.pathflowassignment",
    "pk": 218
},
{
    "fields": {
        "path": 13,
        "flow": 0.25
    },
    "model": "graph.pathflowassignment",
    "pk": 219
},
{
    "fields": {
        "path": 14,
        "flow": 0.25
    },
    "model": "graph.pathflowassignment",
    "pk": 220
},
{
    "fields": {
        "path": 15,
        "flow": 0.25
    },
    "model": "graph.pathflowassignment",
    "pk": 221
},
{
    "fields": {
        "path": 16,
        "flow": 0.25
    },
    "model": "graph.pathflowassignment",
    "pk": 222
},
{
    "fields": {
        "path": 7,
        "flow": 0.25
    },
    "model": "graph.pathflowassignment",
    "pk": 223
},
{
    "fields": {
        "path": 8,
        "flow": 0.25
    },
    "model": "graph.pathflowassignment",
    "pk": 224
},
{
    "fields": {
        "path": 9,
        "flow": 0.25
    },
    "model": "graph.pathflowassignment",
    "pk": 225
},
{
    "fields": {
        "path": 10,
        "flow": 0.25
    },
    "model": "graph.pathflowassignment",
    "pk": 226
},
{
    "fields": {
        "path": 13,
        "flow": 0.25
    },
    "model": "graph.pathflowassignment",
    "pk": 227
},
{
    "fields": {
        "path": 14,
        "flow": 0.25
    },
    "model": "graph.pathflowassignment",
    "pk": 228
},
{
    "fields": {
        "path": 15,
        "flow": 0.25
    },
    "model": "graph.pathflowassignment",
    "pk": 229
},
{
    "fields": {
        "path": 16,
        "flow": 0.25
    },
    "model": "graph.pathflowassignment",
    "pk": 230
},
{
    "fields": {
        "path": 7,
        "flow": 0.25
    },
    "model": "graph.pathflowassignment",
    "pk": 231
},
{
    "fields": {
        "path": 8,
        "flow": 0.25
    },
    "model": "graph.pathflowassignment",
    "pk": 232
},
{
    "fields": {
        "path": 9,
        "flow": 0.25
    },
    "model": "graph.pathflowassignment",
    "pk": 233
},
{
    "fields": {
        "path": 10,
        "flow": 0.25
    },
    "model": "graph.pathflowassignment",
    "pk": 234
},
{
    "fields": {
        "path": 13,
        "flow": 0.25
    },
    "model": "graph.pathflowassignment",
    "pk": 235
},
{
    "fields": {
        "path": 14,
        "flow": 0.25
    },
    "model": "graph.pathflowassignment",
    "pk": 236
},
{
    "fields": {
        "path": 15,
        "flow": 0.25
    },
    "model": "graph.pathflowassignment",
    "pk": 237
},
{
    "fields": {
        "path": 16,
        "flow": 0.25
    },
    "model": "graph.pathflowassignment",
    "pk": 238
},
{
    "fields": {
        "path": 7,
        "flow": 0.25
    },
    "model": "graph.pathflowassignment",
    "pk": 239
},
{
    "fields": {
        "path": 8,
        "flow": 0.25
    },
    "model": "graph.pathflowassignment",
    "pk": 240
},
{
    "fields": {
        "path": 9,
        "flow": 0.25
    },
    "model": "graph.pathflowassignment",
    "pk": 241
},
{
    "fields": {
        "path": 10,
        "flow": 0.25
    },
    "model": "graph.pathflowassignment",
    "pk": 242
},
{
    "fields": {
        "path": 13,
        "flow": 0.25
    },
    "model": "graph.pathflowassignment",
    "pk": 243
},
{
    "fields": {
        "path": 14,
        "flow": 0.25
    },
    "model": "graph.pathflowassignment",
    "pk": 244
},
{
    "fields": {
        "path": 15,
        "flow": 0.25
    },
    "model": "graph.pathflowassignment",
    "pk": 245
},
{
    "fields": {
        "path": 16,
        "flow": 0.25
    },
    "model": "graph.pathflowassignment",
    "pk": 246
},
{
    "fields": {
        "path": 7,
        "flow": 0.25
    },
    "model": "graph.pathflowassignment",
    "pk": 247
},
{
    "fields": {
        "path": 8,
        "flow": 0.25
    },
    "model": "graph.pathflowassignment",
    "pk": 248
},
{
    "fields": {
        "path": 9,
        "flow": 0.25
    },
    "model": "graph.pathflowassignment",
    "pk": 249
},
{
    "fields": {
        "path": 10,
        "flow": 0.25
    },
    "model": "graph.pathflowassignment",
    "pk": 250
},
{
    "fields": {
        "path": 13,
        "flow": 0.25
    },
    "model": "graph.pathflowassignment",
    "pk": 251
},
{
    "fields": {
        "path": 14,
        "flow": 0.25
    },
    "model": "graph.pathflowassignment",
    "pk": 252
},
{
    "fields": {
        "path": 15,
        "flow": 0.25
    },
    "model": "graph.pathflowassignment",
    "pk": 253
},
{
    "fields": {
        "path": 16,
        "flow": 0.25
    },
    "model": "graph.pathflowassignment",
    "pk": 254
},
{
    "fields": {
        "path": 7,
        "flow": 0.25
    },
    "model": "graph.pathflowassignment",
    "pk": 255
},
{
    "fields": {
        "path": 8,
        "flow": 0.25
    },
    "model": "graph.pathflowassignment",
    "pk": 256
},
{
    "fields": {
        "path": 9,
        "flow": 0.25
    },
    "model": "graph.pathflowassignment",
    "pk": 257
},
{
    "fields": {
        "path": 10,
        "flow": 0.25
    },
    "model": "graph.pathflowassignment",
    "pk": 258
},
{
    "fields": {
        "path": 13,
        "flow": 0.25
    },
    "model": "graph.pathflowassignment",
    "pk": 259
},
{
    "fields": {
        "path": 14,
        "flow": 0.25
    },
    "model": "graph.pathflowassignment",
    "pk": 260
},
{
    "fields": {
        "path": 15,
        "flow": 0.25
    },
    "model": "graph.pathflowassignment",
    "pk": 261
},
{
    "fields": {
        "path": 16,
        "flow": 0.25
    },
    "model": "graph.pathflowassignment",
    "pk": 262
},
{
    "fields": {
        "path": 7,
        "flow": 0.25
    },
    "model": "graph.pathflowassignment",
    "pk": 263
},
{
    "fields": {
        "path": 8,
        "flow": 0.25
    },
    "model": "graph.pathflowassignment",
    "pk": 264
},
{
    "fields": {
        "path": 9,
        "flow": 0.25
    },
    "model": "graph.pathflowassignment",
    "pk": 265
},
{
    "fields": {
        "path": 10,
        "flow": 0.25
    },
    "model": "graph.pathflowassignment",
    "pk": 266
},
{
    "fields": {
        "path": 13,
        "flow": 0.25
    },
    "model": "graph.pathflowassignment",
    "pk": 267
},
{
    "fields": {
        "path": 14,
        "flow": 0.25
    },
    "model": "graph.pathflowassignment",
    "pk": 268
},
{
    "fields": {
        "path": 15,
        "flow": 0.25
    },
    "model": "graph.pathflowassignment",
    "pk": 269
},
{
    "fields": {
        "path": 16,
        "flow": 0.25
    },
    "model": "graph.pathflowassignment",
    "pk": 270
},
{
    "fields": {
        "path": 7,
        "flow": 0.25
    },
    "model": "graph.pathflowassignment",
    "pk": 271
},
{
    "fields": {
        "path": 8,
        "flow": 0.25
    },
    "model": "graph.pathflowassignment",
    "pk": 272
},
{
    "fields": {
        "path": 9,
        "flow": 0.25
    },
    "model": "graph.pathflowassignment",
    "pk": 273
},
{
    "fields": {
        "path": 10,
        "flow": 0.25
    },
    "model": "graph.pathflowassignment",
    "pk": 274
},
{
    "fields": {
        "path": 13,
        "flow": 0.25
    },
    "model": "graph.pathflowassignment",
    "pk": 275
},
{
    "fields": {
        "path": 14,
        "flow": 0.25
    },
    "model": "graph.pathflowassignment",
    "pk": 276
},
{
    "fields": {
        "path": 15,
        "flow": 0.25
    },
    "model": "graph.pathflowassignment",
    "pk": 277
},
{
    "fields": {
        "path": 16,
        "flow": 0.25
    },
    "model": "graph.pathflowassignment",
    "pk": 278
},
{
    "fields": {
        "path": 7,
        "flow": 0.25
    },
    "model": "graph.pathflowassignment",
    "pk": 279
},
{
    "fields": {
        "path": 8,
        "flow": 0.25
    },
    "model": "graph.pathflowassignment",
    "pk": 280
},
{
    "fields": {
        "path": 9,
        "flow": 0.25
    },
    "model": "graph.pathflowassignment",
    "pk": 281
},
{
    "fields": {
        "path": 10,
        "flow": 0.25
    },
    "model": "graph.pathflowassignment",
    "pk": 282
},
{
    "fields": {
        "path": 13,
        "flow": 0.25
    },
    "model": "graph.pathflowassignment",
    "pk": 283
},
{
    "fields": {
        "path": 14,
        "flow": 0.25
    },
    "model": "graph.pathflowassignment",
    "pk": 284
},
{
    "fields": {
        "path": 15,
        "flow": 0.25
    },
    "model": "graph.pathflowassignment",
    "pk": 285
},
{
    "fields": {
        "path": 16,
        "flow": 0.25
    },
    "model": "graph.pathflowassignment",
    "pk": 286
},
{
    "fields": {
        "path": 7,
        "flow": 0.25
    },
    "model": "graph.pathflowassignment",
    "pk": 287
},
{
    "fields": {
        "path": 8,
        "flow": 0.25
    },
    "model": "graph.pathflowassignment",
    "pk": 288
},
{
    "fields": {
        "path": 9,
        "flow": 0.25
    },
    "model": "graph.pathflowassignment",
    "pk": 289
},
{
    "fields": {
        "path": 10,
        "flow": 0.25
    },
    "model": "graph.pathflowassignment",
    "pk": 290
},
{
    "fields": {
        "path": 13,
        "flow": 0.25
    },
    "model": "graph.pathflowassignment",
    "pk": 291
},
{
    "fields": {
        "path": 14,
        "flow": 0.25
    },
    "model": "graph.pathflowassignment",
    "pk": 292
},
{
    "fields": {
        "path": 15,
        "flow": 0.25
    },
    "model": "graph.pathflowassignment",
    "pk": 293
},
{
    "fields": {
        "path": 16,
        "flow": 0.25
    },
    "model": "graph.pathflowassignment",
    "pk": 294
},
{
    "fields": {
        "path": 7,
        "flow": 0.25
    },
    "model": "graph.pathflowassignment",
    "pk": 295
},
{
    "fields": {
        "path": 8,
        "flow": 0.25
    },
    "model": "graph.pathflowassignment",
    "pk": 296
},
{
    "fields": {
        "path": 9,
        "flow": 0.25
    },
    "model": "graph.pathflowassignment",
    "pk": 297
},
{
    "fields": {
        "path": 10,
        "flow": 0.25
    },
    "model": "graph.pathflowassignment",
    "pk": 298
},
{
    "fields": {
        "path": 13,
        "flow": 0.25
    },
    "model": "graph.pathflowassignment",
    "pk": 299
},
{
    "fields": {
        "path": 14,
        "flow": 0.25
    },
    "model": "graph.pathflowassignment",
    "pk": 300
},
{
    "fields": {
        "path": 15,
        "flow": 0.25
    },
    "model": "graph.pathflowassignment",
    "pk": 301
},
{
    "fields": {
        "path": 16,
        "flow": 0.25
    },
    "model": "graph.pathflowassignment",
    "pk": 302
},
{
    "fields": {
        "path": 7,
        "flow": 0.25
    },
    "model": "graph.pathflowassignment",
    "pk": 303
},
{
    "fields": {
        "path": 8,
        "flow": 0.25
    },
    "model": "graph.pathflowassignment",
    "pk": 304
},
{
    "fields": {
        "path": 9,
        "flow": 0.25
    },
    "model": "graph.pathflowassignment",
    "pk": 305
},
{
    "fields": {
        "path": 10,
        "flow": 0.25
    },
    "model": "graph.pathflowassignment",
    "pk": 306
},
{
    "fields": {
        "path": 13,
        "flow": 0.25
    },
    "model": "graph.pathflowassignment",
    "pk": 307
},
{
    "fields": {
        "path": 14,
        "flow": 0.25
    },
    "model": "graph.pathflowassignment",
    "pk": 308
},
{
    "fields": {
        "path": 15,
        "flow": 0.25
    },
    "model": "graph.pathflowassignment",
    "pk": 309
},
{
    "fields": {
        "path": 16,
        "flow": 0.25
    },
    "model": "graph.pathflowassignment",
    "pk": 310
},
{
    "fields": {
        "path": 7,
        "flow": 0.25
    },
    "model": "graph.pathflowassignment",
    "pk": 311
},
{
    "fields": {
        "path": 8,
        "flow": 0.25
    },
    "model": "graph.pathflowassignment",
    "pk": 312
},
{
    "fields": {
        "path": 9,
        "flow": 0.25
    },
    "model": "graph.pathflowassignment",
    "pk": 313
},
{
    "fields": {
        "path": 10,
        "flow": 0.25
    },
    "model": "graph.pathflowassignment",
    "pk": 314
},
{
    "fields": {
        "path": 13,
        "flow": 0.25
    },
    "model": "graph.pathflowassignment",
    "pk": 315
},
{
    "fields": {
        "path": 14,
        "flow": 0.25
    },
    "model": "graph.pathflowassignment",
    "pk": 316
},
{
    "fields": {
        "path": 15,
        "flow": 0.25
    },
    "model": "graph.pathflowassignment",
    "pk": 317
},
{
    "fields": {
        "path": 16,
        "flow": 0.25
    },
    "model": "graph.pathflowassignment",
    "pk": 318
},
{
    "fields": {
        "iteration": 0,
        "graph_cost": 1,
        "game_object": null
    },
    "model": "graph.gameturn",
    "pk": 1
},
{
    "fields": {
        "iteration": 1,
        "graph_cost": 2,
        "game_object": "game"
    },
    "model": "graph.gameturn",
    "pk": 2
},
{
    "fields": {
        "iteration": 2,
        "graph_cost": 3,
        "game_object": "game"
    },
    "model": "graph.gameturn",
    "pk": 3
},
{
    "fields": {
        "iteration": 3,
        "graph_cost": 4,
        "game_object": "game"
    },
    "model": "graph.gameturn",
    "pk": 4
},
{
    "fields": {
        "iteration": 4,
        "graph_cost": 5,
        "game_object": "game"
    },
    "model": "graph.gameturn",
    "pk": 5
},
{
    "fields": {
        "iteration": 5,
        "graph_cost": 6,
        "game_object": "game"
    },
    "model": "graph.gameturn",
    "pk": 6
},
{
    "fields": {
        "iteration": 6,
        "graph_cost": 7,
        "game_object": "game"
    },
    "model": "graph.gameturn",
    "pk": 7
},
{
    "fields": {
        "iteration": 7,
        "graph_cost": 8,
        "game_object": "game"
    },
    "model": "graph.gameturn",
    "pk": 8
},
{
    "fields": {
        "iteration": 8,
        "graph_cost": 9,
        "game_object": "game"
    },
    "model": "graph.gameturn",
    "pk": 9
},
{
    "fields": {
        "iteration": 9,
        "graph_cost": 10,
        "game_object": "game"
    },
    "model": "graph.gameturn",
    "pk": 10
},
{
    "fields": {
        "iteration": 10,
        "graph_cost": 11,
        "game_object": "game"
    },
    "model": "graph.gameturn",
    "pk": 11
},
{
    "fields": {
        "iteration": 11,
        "graph_cost": 12,
        "game_object": "game"
    },
    "model": "graph.gameturn",
    "pk": 12
},
{
    "fields": {
        "iteration": 12,
        "graph_cost": 13,
        "game_object": "game"
    },
    "model": "graph.gameturn",
    "pk": 13
},
{
    "fields": {
        "iteration": 13,
        "graph_cost": 14,
        "game_object": "game"
    },
    "model": "graph.gameturn",
    "pk": 14
},
{
    "fields": {
        "iteration": 14,
        "graph_cost": 15,
        "game_object": "game"
    },
    "model": "graph.gameturn",
    "pk": 15
},
{
    "fields": {
        "iteration": 15,
        "graph_cost": 16,
        "game_object": "game"
    },
    "model": "graph.gameturn",
    "pk": 16
},
{
    "fields": {
        "iteration": 16,
        "graph_cost": 17,
        "game_object": "game"
    },
    "model": "graph.gameturn",
    "pk": 17
},
{
    "fields": {
        "iteration": 17,
        "graph_cost": 18,
        "game_object": "game"
    },
    "model": "graph.gameturn",
    "pk": 18
},
{
    "fields": {
        "iteration": 18,
        "graph_cost": 19,
        "game_object": "game"
    },
    "model": "graph.gameturn",
    "pk": 19
},
{
    "fields": {
        "iteration": 19,
        "graph_cost": 20,
        "game_object": "game"
    },
    "model": "graph.gameturn",
    "pk": 20
},
{
    "fields": {
        "iteration": 20,
        "graph_cost": 21,
        "game_object": "game"
    },
    "model": "graph.gameturn",
    "pk": 21
},
{
    "fields": {
        "iteration": 21,
        "graph_cost": 22,
        "game_object": "game"
    },
    "model": "graph.gameturn",
    "pk": 22
},
{
    "fields": {
        "iteration": 22,
        "graph_cost": 23,
        "game_object": "game"
    },
    "model": "graph.gameturn",
    "pk": 23
},
{
    "fields": {
        "iteration": 23,
        "graph_cost": 24,
        "game_object": "game"
    },
    "model": "graph.gameturn",
    "pk": 24
},
{
    "fields": {
        "iteration": 24,
        "graph_cost": 25,
        "game_object": "game"
    },
    "model": "graph.gameturn",
    "pk": 25
},
{
    "fields": {
        "iteration": 25,
        "graph_cost": 26,
        "game_object": "game"
    },
    "model": "graph.gameturn",
    "pk": 26
},
{
    "fields": {
        "iteration": 26,
        "graph_cost": 27,
        "game_object": "game"
    },
    "model": "graph.gameturn",
    "pk": 27
},
{
    "fields": {
        "iteration": 27,
        "graph_cost": 28,
        "game_object": "game"
    },
    "model": "graph.gameturn",
    "pk": 28
},
{
    "fields": {
        "iteration": 28,
        "graph_cost": 29,
        "game_object": "game"
    },
    "model": "graph.gameturn",
    "pk": 29
},
{
    "fields": {
        "iteration": 29,
        "graph_cost": 30,
        "game_object": "game"
    },
    "model": "graph.gameturn",
    "pk": 30
},
{
    "fields": {
        "iteration": 30,
        "graph_cost": 31,
        "game_object": "game"
    },
    "model": "graph.gameturn",
    "pk": 31
},
{
    "fields": {
        "iteration": 31,
        "graph_cost": 32,
        "game_object": "game"
    },
    "model": "graph.gameturn",
    "pk": 32
},
{
    "fields": {
        "iteration": 32,
        "graph_cost": 33,
        "game_object": "game"
    },
    "model": "graph.gameturn",
    "pk": 33
},
{
    "fields": {
        "iteration": 33,
        "graph_cost": 34,
        "game_object": "game"
    },
    "model": "graph.gameturn",
    "pk": 34
},
{
    "fields": {
        "iteration": 34,
        "graph_cost": 35,
        "game_object": "game"
    },
    "model": "graph.gameturn",
    "pk": 35
},
{
    "fields": {
        "iteration": 35,
        "graph_cost": 36,
        "game_object": "game"
    },
    "model": "graph.gameturn",
    "pk": 36
},
{
    "fields": {
        "iteration": 36,
        "graph_cost": 37,
        "game_object": "game"
    },
    "model": "graph.gameturn",
    "pk": 37
},
{
    "fields": {
        "iteration": 37,
        "graph_cost": 38,
        "game_object": "game"
    },
    "model": "graph.gameturn",
    "pk": 38
},
{
    "fields": {
        "iteration": 38,
        "graph_cost": 39,
        "game_object": "game"
    },
    "model": "graph.gameturn",
    "pk": 39
},
{
    "fields": {
        "iteration": 39,
        "graph_cost": 40,
        "game_object": "game"
    },
    "model": "graph.gameturn",
    "pk": 40
},
{
    "fields": {
        "iteration": 40,
        "graph_cost": 41,
        "game_object": "game"
    },
    "model": "graph.gameturn",
    "pk": 41
},
{
    "fields": {
        "iteration": 41,
        "graph_cost": 42,
        "game_object": "game"
    },
    "model": "graph.gameturn",
    "pk": 42
},
{
    "fields": {
        "iteration": 42,
        "graph_cost": 43,
        "game_object": "game"
    },
    "model": "graph.gameturn",
    "pk": 43
},
{
    "fields": {
        "iteration": 43,
        "graph_cost": 44,
        "game_object": "game"
    },
    "model": "graph.gameturn",
    "pk": 44
},
{
    "fields": {
        "iteration": 44,
        "graph_cost": null,
        "game_object": "game"
    },
    "model": "graph.gameturn",
    "pk": 45
},
{
    "fields": {
        "iteration": 0,
        "graph_cost": null,
        "game_object": null
    },
    "model": "graph.gameturn",
    "pk": 46
},
{
    "fields": {
        "iteration": 0,
        "graph_cost": null,
        "game_object": null
    },
    "model": "graph.gameturn",
    "pk": 47
},
{
    "fields": {
        "iteration": 0,
        "graph_cost": null,
        "game_object": null
    },
    "model": "graph.gameturn",
    "pk": 48
},
{
    "fields": {
        "iteration": 0,
        "graph_cost": null,
        "game_object": null
    },
    "model": "graph.gameturn",
    "pk": 49
},
{
    "fields": {
        "iteration": 0,
        "graph_cost": 45,
        "game_object": null
    },
    "model": "graph.gameturn",
    "pk": 50
},
{
    "fields": {
        "iteration": 1,
        "graph_cost": 46,
        "game_object": "game_2"
    },
    "model": "graph.gameturn",
    "pk": 51
},
{
    "fields": {
        "iteration": 2,
        "graph_cost": 47,
        "game_object": "game_2"
    },
    "model": "graph.gameturn",
    "pk": 52
},
{
    "fields": {
        "iteration": 3,
        "graph_cost": 48,
        "game_object": "game_2"
    },
    "model": "graph.gameturn",
    "pk": 53
},
{
    "fields": {
        "iteration": 4,
        "graph_cost": 49,
        "game_object": "game_2"
    },
    "model": "graph.gameturn",
    "pk": 54
},
{
    "fields": {
        "iteration": 5,
        "graph_cost": 50,
        "game_object": "game_2"
    },
    "model": "graph.gameturn",
    "pk": 55
},
{
    "fields": {
        "iteration": 6,
        "graph_cost": 51,
        "game_object": "game_2"
    },
    "model": "graph.gameturn",
    "pk": 56
},
{
    "fields": {
        "iteration": 7,
        "graph_cost": 52,
        "game_object": "game_2"
    },
    "model": "graph.gameturn",
    "pk": 57
},
{
    "fields": {
        "iteration": 8,
        "graph_cost": 53,
        "game_object": "game_2"
    },
    "model": "graph.gameturn",
    "pk": 58
},
{
    "fields": {
        "iteration": 9,
        "graph_cost": 54,
        "game_object": "game_2"
    },
    "model": "graph.gameturn",
    "pk": 59
},
{
    "fields": {
        "iteration": 10,
        "graph_cost": 55,
        "game_object": "game_2"
    },
    "model": "graph.gameturn",
    "pk": 60
},
{
    "fields": {
        "iteration": 11,
        "graph_cost": 56,
        "game_object": "game_2"
    },
    "model": "graph.gameturn",
    "pk": 61
},
{
    "fields": {
        "iteration": 12,
        "graph_cost": 57,
        "game_object": "game_2"
    },
    "model": "graph.gameturn",
    "pk": 62
},
{
    "fields": {
        "iteration": 13,
        "graph_cost": 58,
        "game_object": "game_2"
    },
    "model": "graph.gameturn",
    "pk": 63
},
{
    "fields": {
        "iteration": 14,
        "graph_cost": 59,
        "game_object": "game_2"
    },
    "model": "graph.gameturn",
    "pk": 64
},
{
    "fields": {
        "iteration": 15,
        "graph_cost": 60,
        "game_object": "game_2"
    },
    "model": "graph.gameturn",
    "pk": 65
},
{
    "fields": {
        "iteration": 16,
        "graph_cost": 61,
        "game_object": "game_2"
    },
    "model": "graph.gameturn",
    "pk": 66
},
{
    "fields": {
        "iteration": 17,
        "graph_cost": 62,
        "game_object": "game_2"
    },
    "model": "graph.gameturn",
    "pk": 67
},
{
    "fields": {
        "iteration": 18,
        "graph_cost": null,
        "game_object": "game_2"
    },
    "model": "graph.gameturn",
    "pk": 68
},
{
    "fields": {
        "player": 2,
        "path_assignments": [],
        "turn": 1
    },
    "model": "graph.flowdistribution",
    "pk": 1
},
{
    "fields": {
        "player": 3,
        "path_assignments": [],
        "turn": 1
    },
    "model": "graph.flowdistribution",
    "pk": 2
},
{
    "fields": {
        "player": 2,
        "path_assignments": [],
        "turn": 2
    },
    "model": "graph.flowdistribution",
    "pk": 3
},
{
    "fields": {
        "player": 3,
        "path_assignments": [],
        "turn": 2
    },
    "model": "graph.flowdistribution",
    "pk": 4
},
{
    "fields": {
        "player": 2,
        "path_assignments": [],
        "turn": 3
    },
    "model": "graph.flowdistribution",
    "pk": 5
},
{
    "fields": {
        "player": 3,
        "path_assignments": [],
        "turn": 3
    },
    "model": "graph.flowdistribution",
    "pk": 6
},
{
    "fields": {
        "player": 2,
        "path_assignments": [],
        "turn": 4
    },
    "model": "graph.flowdistribution",
    "pk": 7
},
{
    "fields": {
        "player": 3,
        "path_assignments": [],
        "turn": 4
    },
    "model": "graph.flowdistribution",
    "pk": 8
},
{
    "fields": {
        "player": 2,
        "path_assignments": [],
        "turn": 5
    },
    "model": "graph.flowdistribution",
    "pk": 9
},
{
    "fields": {
        "player": 3,
        "path_assignments": [],
        "turn": 5
    },
    "model": "graph.flowdistribution",
    "pk": 10
},
{
    "fields": {
        "player": 2,
        "path_assignments": [],
        "turn": 6
    },
    "model": "graph.flowdistribution",
    "pk": 11
},
{
    "fields": {
        "player": 3,
        "path_assignments": [],
        "turn": 6
    },
    "model": "graph.flowdistribution",
    "pk": 12
},
{
    "fields": {
        "player": 2,
        "path_assignments": [],
        "turn": 7
    },
    "model": "graph.flowdistribution",
    "pk": 13
},
{
    "fields": {
        "player": 3,
        "path_assignments": [],
        "turn": 7
    },
    "model": "graph.flowdistribution",
    "pk": 14
},
{
    "fields": {
        "player": 2,
        "path_assignments": [],
        "turn": 8
    },
    "model": "graph.flowdistribution",
    "pk": 15
},
{
    "fields": {
        "player": 3,
        "path_assignments": [],
        "turn": 8
    },
    "model": "graph.flowdistribution",
    "pk": 16
},
{
    "fields": {
        "player": 2,
        "path_assignments": [],
        "turn": 9
    },
    "model": "graph.flowdistribution",
    "pk": 17
},
{
    "fields": {
        "player": 3,
        "path_assignments": [],
        "turn": 9
    },
    "model": "graph.flowdistribution",
    "pk": 18
},
{
    "fields": {
        "player": 2,
        "path_assignments": [],
        "turn": 10
    },
    "model": "graph.flowdistribution",
    "pk": 19
},
{
    "fields": {
        "player": 3,
        "path_assignments": [],
        "turn": 10
    },
    "model": "graph.flowdistribution",
    "pk": 20
},
{
    "fields": {
        "player": 2,
        "path_assignments": [],
        "turn": 11
    },
    "model": "graph.flowdistribution",
    "pk": 21
},
{
    "fields": {
        "player": 3,
        "path_assignments": [],
        "turn": 11
    },
    "model": "graph.flowdistribution",
    "pk": 22
},
{
    "fields": {
        "player": 2,
        "path_assignments": [],
        "turn": 12
    },
    "model": "graph.flowdistribution",
    "pk": 23
},
{
    "fields": {
        "player": 3,
        "path_assignments": [],
        "turn": 12
    },
    "model": "graph.flowdistribution",
    "pk": 24
},
{
    "fields": {
        "player": 2,
        "path_assignments": [],
        "turn": 13
    },
    "model": "graph.flowdistribution",
    "pk": 25
},
{
    "fields": {
        "player": 3,
        "path_assignments": [],
        "turn": 13
    },
    "model": "graph.flowdistribution",
    "pk": 26
},
{
    "fields": {
        "player": 2,
        "path_assignments": [],
        "turn": 14
    },
    "model": "graph.flowdistribution",
    "pk": 27
},
{
    "fields": {
        "player": 3,
        "path_assignments": [],
        "turn": 14
    },
    "model": "graph.flowdistribution",
    "pk": 28
},
{
    "fields": {
        "player": 2,
        "path_assignments": [],
        "turn": 15
    },
    "model": "graph.flowdistribution",
    "pk": 29
},
{
    "fields": {
        "player": 3,
        "path_assignments": [],
        "turn": 15
    },
    "model": "graph.flowdistribution",
    "pk": 30
},
{
    "fields": {
        "player": 2,
        "path_assignments": [],
        "turn": 16
    },
    "model": "graph.flowdistribution",
    "pk": 31
},
{
    "fields": {
        "player": 3,
        "path_assignments": [],
        "turn": 16
    },
    "model": "graph.flowdistribution",
    "pk": 32
},
{
    "fields": {
        "player": 2,
        "path_assignments": [],
        "turn": 17
    },
    "model": "graph.flowdistribution",
    "pk": 33
},
{
    "fields": {
        "player": 3,
        "path_assignments": [],
        "turn": 17
    },
    "model": "graph.flowdistribution",
    "pk": 34
},
{
    "fields": {
        "player": 2,
        "path_assignments": [],
        "turn": 18
    },
    "model": "graph.flowdistribution",
    "pk": 35
},
{
    "fields": {
        "player": 3,
        "path_assignments": [],
        "turn": 18
    },
    "model": "graph.flowdistribution",
    "pk": 36
},
{
    "fields": {
        "player": 2,
        "path_assignments": [],
        "turn": 19
    },
    "model": "graph.flowdistribution",
    "pk": 37
},
{
    "fields": {
        "player": 3,
        "path_assignments": [],
        "turn": 19
    },
    "model": "graph.flowdistribution",
    "pk": 38
},
{
    "fields": {
        "player": 2,
        "path_assignments": [],
        "turn": 20
    },
    "model": "graph.flowdistribution",
    "pk": 39
},
{
    "fields": {
        "player": 3,
        "path_assignments": [],
        "turn": 20
    },
    "model": "graph.flowdistribution",
    "pk": 40
},
{
    "fields": {
        "player": 2,
        "path_assignments": [],
        "turn": 21
    },
    "model": "graph.flowdistribution",
    "pk": 41
},
{
    "fields": {
        "player": 3,
        "path_assignments": [],
        "turn": 21
    },
    "model": "graph.flowdistribution",
    "pk": 42
},
{
    "fields": {
        "player": 2,
        "path_assignments": [],
        "turn": 22
    },
    "model": "graph.flowdistribution",
    "pk": 43
},
{
    "fields": {
        "player": 3,
        "path_assignments": [],
        "turn": 22
    },
    "model": "graph.flowdistribution",
    "pk": 44
},
{
    "fields": {
        "player": 2,
        "path_assignments": [],
        "turn": 23
    },
    "model": "graph.flowdistribution",
    "pk": 45
},
{
    "fields": {
        "player": 3,
        "path_assignments": [],
        "turn": 23
    },
    "model": "graph.flowdistribution",
    "pk": 46
},
{
    "fields": {
        "player": 2,
        "path_assignments": [],
        "turn": 24
    },
    "model": "graph.flowdistribution",
    "pk": 47
},
{
    "fields": {
        "player": 3,
        "path_assignments": [],
        "turn": 24
    },
    "model": "graph.flowdistribution",
    "pk": 48
},
{
    "fields": {
        "player": 2,
        "path_assignments": [],
        "turn": 25
    },
    "model": "graph.flowdistribution",
    "pk": 49
},
{
    "fields": {
        "player": 3,
        "path_assignments": [],
        "turn": 25
    },
    "model": "graph.flowdistribution",
    "pk": 50
},
{
    "fields": {
        "player": 2,
        "path_assignments": [],
        "turn": 26
    },
    "model": "graph.flowdistribution",
    "pk": 51
},
{
    "fields": {
        "player": 3,
        "path_assignments": [],
        "turn": 26
    },
    "model": "graph.flowdistribution",
    "pk": 52
},
{
    "fields": {
        "player": 2,
        "path_assignments": [],
        "turn": 27
    },
    "model": "graph.flowdistribution",
    "pk": 53
},
{
    "fields": {
        "player": 3,
        "path_assignments": [],
        "turn": 27
    },
    "model": "graph.flowdistribution",
    "pk": 54
},
{
    "fields": {
        "player": 2,
        "path_assignments": [],
        "turn": 28
    },
    "model": "graph.flowdistribution",
    "pk": 55
},
{
    "fields": {
        "player": 3,
        "path_assignments": [],
        "turn": 28
    },
    "model": "graph.flowdistribution",
    "pk": 56
},
{
    "fields": {
        "player": 2,
        "path_assignments": [],
        "turn": 29
    },
    "model": "graph.flowdistribution",
    "pk": 57
},
{
    "fields": {
        "player": 3,
        "path_assignments": [],
        "turn": 29
    },
    "model": "graph.flowdistribution",
    "pk": 58
},
{
    "fields": {
        "player": 2,
        "path_assignments": [],
        "turn": 30
    },
    "model": "graph.flowdistribution",
    "pk": 59
},
{
    "fields": {
        "player": 3,
        "path_assignments": [],
        "turn": 30
    },
    "model": "graph.flowdistribution",
    "pk": 60
},
{
    "fields": {
        "player": 2,
        "path_assignments": [],
        "turn": 31
    },
    "model": "graph.flowdistribution",
    "pk": 61
},
{
    "fields": {
        "player": 3,
        "path_assignments": [],
        "turn": 31
    },
    "model": "graph.flowdistribution",
    "pk": 62
},
{
    "fields": {
        "player": 2,
        "path_assignments": [],
        "turn": 32
    },
    "model": "graph.flowdistribution",
    "pk": 63
},
{
    "fields": {
        "player": 3,
        "path_assignments": [],
        "turn": 32
    },
    "model": "graph.flowdistribution",
    "pk": 64
},
{
    "fields": {
        "player": 2,
        "path_assignments": [],
        "turn": 33
    },
    "model": "graph.flowdistribution",
    "pk": 65
},
{
    "fields": {
        "player": 3,
        "path_assignments": [],
        "turn": 33
    },
    "model": "graph.flowdistribution",
    "pk": 66
},
{
    "fields": {
        "player": 2,
        "path_assignments": [],
        "turn": 34
    },
    "model": "graph.flowdistribution",
    "pk": 67
},
{
    "fields": {
        "player": 3,
        "path_assignments": [],
        "turn": 34
    },
    "model": "graph.flowdistribution",
    "pk": 68
},
{
    "fields": {
        "player": 2,
        "path_assignments": [],
        "turn": 35
    },
    "model": "graph.flowdistribution",
    "pk": 69
},
{
    "fields": {
        "player": 3,
        "path_assignments": [],
        "turn": 35
    },
    "model": "graph.flowdistribution",
    "pk": 70
},
{
    "fields": {
        "player": 2,
        "path_assignments": [],
        "turn": 36
    },
    "model": "graph.flowdistribution",
    "pk": 71
},
{
    "fields": {
        "player": 3,
        "path_assignments": [],
        "turn": 36
    },
    "model": "graph.flowdistribution",
    "pk": 72
},
{
    "fields": {
        "player": 2,
        "path_assignments": [],
        "turn": 37
    },
    "model": "graph.flowdistribution",
    "pk": 73
},
{
    "fields": {
        "player": 3,
        "path_assignments": [],
        "turn": 37
    },
    "model": "graph.flowdistribution",
    "pk": 74
},
{
    "fields": {
        "player": 2,
        "path_assignments": [],
        "turn": 38
    },
    "model": "graph.flowdistribution",
    "pk": 75
},
{
    "fields": {
        "player": 3,
        "path_assignments": [],
        "turn": 38
    },
    "model": "graph.flowdistribution",
    "pk": 76
},
{
    "fields": {
        "player": 2,
        "path_assignments": [],
        "turn": 39
    },
    "model": "graph.flowdistribution",
    "pk": 77
},
{
    "fields": {
        "player": 3,
        "path_assignments": [],
        "turn": 39
    },
    "model": "graph.flowdistribution",
    "pk": 78
},
{
    "fields": {
        "player": 2,
        "path_assignments": [],
        "turn": 40
    },
    "model": "graph.flowdistribution",
    "pk": 79
},
{
    "fields": {
        "player": 3,
        "path_assignments": [],
        "turn": 40
    },
    "model": "graph.flowdistribution",
    "pk": 80
},
{
    "fields": {
        "player": 2,
        "path_assignments": [],
        "turn": 41
    },
    "model": "graph.flowdistribution",
    "pk": 81
},
{
    "fields": {
        "player": 3,
        "path_assignments": [],
        "turn": 41
    },
    "model": "graph.flowdistribution",
    "pk": 82
},
{
    "fields": {
        "player": 2,
        "path_assignments": [],
        "turn": 42
    },
    "model": "graph.flowdistribution",
    "pk": 83
},
{
    "fields": {
        "player": 3,
        "path_assignments": [],
        "turn": 42
    },
    "model": "graph.flowdistribution",
    "pk": 84
},
{
    "fields": {
        "player": 2,
        "path_assignments": [],
        "turn": 43
    },
    "model": "graph.flowdistribution",
    "pk": 85
},
{
    "fields": {
        "player": 3,
        "path_assignments": [],
        "turn": 43
    },
    "model": "graph.flowdistribution",
    "pk": 86
},
{
    "fields": {
        "player": 2,
        "path_assignments": [],
        "turn": 44
    },
    "model": "graph.flowdistribution",
    "pk": 87
},
{
    "fields": {
        "player": 3,
        "path_assignments": [],
        "turn": 44
    },
    "model": "graph.flowdistribution",
    "pk": 88
},
{
    "fields": {
        "player": 2,
        "path_assignments": [
            175,
            176,
            177,
            178
        ],
        "turn": 50
    },
    "model": "graph.flowdistribution",
    "pk": 89
},
{
    "fields": {
        "player": 3,
        "path_assignments": [
            179,
            180,
            181,
            182
        ],
        "turn": 50
    },
    "model": "graph.flowdistribution",
    "pk": 90
},
{
    "fields": {
        "player": 2,
        "path_assignments": [
            183,
            184,
            185,
            186
        ],
        "turn": 51
    },
    "model": "graph.flowdistribution",
    "pk": 91
},
{
    "fields": {
        "player": 3,
        "path_assignments": [
            187,
            188,
            189,
            190
        ],
        "turn": 51
    },
    "model": "graph.flowdistribution",
    "pk": 92
},
{
    "fields": {
        "player": 2,
        "path_assignments": [
            191,
            192,
            193,
            194
        ],
        "turn": 52
    },
    "model": "graph.flowdistribution",
    "pk": 93
},
{
    "fields": {
        "player": 3,
        "path_assignments": [
            195,
            196,
            197,
            198
        ],
        "turn": 52
    },
    "model": "graph.flowdistribution",
    "pk": 94
},
{
    "fields": {
        "player": 2,
        "path_assignments": [
            199,
            200,
            201,
            202
        ],
        "turn": 53
    },
    "model": "graph.flowdistribution",
    "pk": 95
},
{
    "fields": {
        "player": 3,
        "path_assignments": [
            203,
            204,
            205,
            206
        ],
        "turn": 53
    },
    "model": "graph.flowdistribution",
    "pk": 96
},
{
    "fields": {
        "player": 2,
        "path_assignments": [
            207,
            208,
            209,
            210
        ],
        "turn": 54
    },
    "model": "graph.flowdistribution",
    "pk": 97
},
{
    "fields": {
        "player": 3,
        "path_assignments": [
            211,
            212,
            213,
            214
        ],
        "turn": 54
    },
    "model": "graph.flowdistribution",
    "pk": 98
},
{
    "fields": {
        "player": 2,
        "path_assignments": [
            215,
            216,
            217,
            218
        ],
        "turn": 55
    },
    "model": "graph.flowdistribution",
    "pk": 99
},
{
    "fields": {
        "player": 3,
        "path_assignments": [
            219,
            220,
            221,
            222
        ],
        "turn": 55
    },
    "model": "graph.flowdistribution",
    "pk": 100
},
{
    "fields": {
        "player": 2,
        "path_assignments": [
            223,
            224,
            225,
            226
        ],
        "turn": 56
    },
    "model": "graph.flowdistribution",
    "pk": 101
},
{
    "fields": {
        "player": 3,
        "path_assignments": [
            227,
            228,
            229,
            230
        ],
        "turn": 56
    },
    "model": "graph.flowdistribution",
    "pk": 102
},
{
    "fields": {
        "player": 2,
        "path_assignments": [
            231,
            232,
            233,
            234
        ],
        "turn": 57
    },
    "model": "graph.flowdistribution",
    "pk": 103
},
{
    "fields": {
        "player": 3,
        "path_assignments": [
            235,
            236,
            237,
            238
        ],
        "turn": 57
    },
    "model": "graph.flowdistribution",
    "pk": 104
},
{
    "fields": {
        "player": 2,
        "path_assignments": [
            239,
            240,
            241,
            242
        ],
        "turn": 58
    },
    "model": "graph.flowdistribution",
    "pk": 105
},
{
    "fields": {
        "player": 3,
        "path_assignments": [
            243,
            244,
            245,
            246
        ],
        "turn": 58
    },
    "model": "graph.flowdistribution",
    "pk": 106
},
{
    "fields": {
        "player": 2,
        "path_assignments": [
            247,
            248,
            249,
            250
        ],
        "turn": 59
    },
    "model": "graph.flowdistribution",
    "pk": 107
},
{
    "fields": {
        "player": 3,
        "path_assignments": [
            251,
            252,
            253,
            254
        ],
        "turn": 59
    },
    "model": "graph.flowdistribution",
    "pk": 108
},
{
    "fields": {
        "player": 2,
        "path_assignments": [
            255,
            256,
            257,
            258
        ],
        "turn": 60
    },
    "model": "graph.flowdistribution",
    "pk": 109
},
{
    "fields": {
        "player": 3,
        "path_assignments": [
            259,
            260,
            261,
            262
        ],
        "turn": 60
    },
    "model": "graph.flowdistribution",
    "pk": 110
},
{
    "fields": {
        "player": 2,
        "path_assignments": [
            263,
            264,
            265,
            266
        ],
        "turn": 61
    },
    "model": "graph.flowdistribution",
    "pk": 111
},
{
    "fields": {
        "player": 3,
        "path_assignments": [
            267,
            268,
            269,
            270
        ],
        "turn": 61
    },
    "model": "graph.flowdistribution",
    "pk": 112
},
{
    "fields": {
        "player": 2,
        "path_assignments": [
            271,
            272,
            273,
            274
        ],
        "turn": 62
    },
    "model": "graph.flowdistribution",
    "pk": 113
},
{
    "fields": {
        "player": 3,
        "path_assignments": [
            275,
            276,
            277,
            278
        ],
        "turn": 62
    },
    "model": "graph.flowdistribution",
    "pk": 114
},
{
    "fields": {
        "player": 2,
        "path_assignments": [
            279,
            280,
            281,
            282
        ],
        "turn": 63
    },
    "model": "graph.flowdistribution",
    "pk": 115
},
{
    "fields": {
        "player": 3,
        "path_assignments": [
            283,
            284,
            285,
            286
        ],
        "turn": 63
    },
    "model": "graph.flowdistribution",
    "pk": 116
},
{
    "fields": {
        "player": 2,
        "path_assignments": [
            287,
            288,
            289,
            290
        ],
        "turn": 64
    },
    "model": "graph.flowdistribution",
    "pk": 117
},
{
    "fields": {
        "player": 3,
        "path_assignments": [
            291,
            292,
            293,
            294
        ],
        "turn": 64
    },
    "model": "graph.flowdistribution",
    "pk": 118
},
{
    "fields": {
        "player": 2,
        "path_assignments": [
            295,
            296,
            297,
            298
        ],
        "turn": 65
    },
    "model": "graph.flowdistribution",
    "pk": 119
},
{
    "fields": {
        "player": 3,
        "path_assignments": [
            299,
            300,
            301,
            302
        ],
        "turn": 65
    },
    "model": "graph.flowdistribution",
    "pk": 120
},
{
    "fields": {
        "player": 2,
        "path_assignments": [
            303,
            304,
            305,
            306
        ],
        "turn": 66
    },
    "model": "graph.flowdistribution",
    "pk": 121
},
{
    "fields": {
        "player": 3,
        "path_assignments": [
            307,
            308,
            309,
            310
        ],
        "turn": 66
    },
    "model": "graph.flowdistribution",
    "pk": 122
},
{
    "fields": {
        "player": 2,
        "path_assignments": [
            311,
            312,
            313,
            314
        ],
        "turn": 67
    },
    "model": "graph.flowdistribution",
    "pk": 123
},
{
    "fields": {
        "player": 3,
        "path_assignments": [
            315,
            316,
            317,
            318
        ],
        "turn": 67
    },
    "model": "graph.flowdistribution",
    "pk": 124
},
{
    "fields": {
        "player": 2,
        "learning_rate": 0.001,
        "turn": 50
    },
    "model": "graph.learningrate",
    "pk": 1
},
{
    "fields": {
        "player": 3,
        "learning_rate": 0.001,
        "turn": 50
    },
    "model": "graph.learningrate",
    "pk": 2
},
{
    "fields": {
        "player": 2,
        "learning_rate": 0.001,
        "turn": 51
    },
    "model": "graph.learningrate",
    "pk": 3
},
{
    "fields": {
        "player": 2,
        "learning_rate": 0.001,
        "turn": 52
    },
    "model": "graph.learningrate",
    "pk": 4
},
{
    "fields": {
        "player": 3,
        "learning_rate": 0.001,
        "turn": 51
    },
    "model": "graph.learningrate",
    "pk": 5
},
{
    "fields": {
        "player": 3,
        "learning_rate": 0.001,
        "turn": 52
    },
    "model": "graph.learningrate",
    "pk": 6
},
{
    "fields": {
        "player": 2,
        "learning_rate": 0.001,
        "turn": 53
    },
    "model": "graph.learningrate",
    "pk": 7
},
{
    "fields": {
        "player": 2,
        "learning_rate": 0.001,
        "turn": 54
    },
    "model": "graph.learningrate",
    "pk": 8
},
{
    "fields": {
        "player": 3,
        "learning_rate": 0.001,
        "turn": 53
    },
    "model": "graph.learningrate",
    "pk": 9
},
{
    "fields": {
        "player": 3,
        "learning_rate": 0.001,
        "turn": 54
    },
    "model": "graph.learningrate",
    "pk": 10
},
{
    "fields": {
        "player": 2,
        "learning_rate": 0.001,
        "turn": 55
    },
    "model": "graph.learningrate",
    "pk": 11
},
{
    "fields": {
        "player": 2,
        "learning_rate": 0.001,
        "turn": 56
    },
    "model": "graph.learningrate",
    "pk": 12
},
{
    "fields": {
        "player": 3,
        "learning_rate": 0.001,
        "turn": 55
    },
    "model": "graph.learningrate",
    "pk": 13
},
{
    "fields": {
        "player": 3,
        "learning_rate": 0.001,
        "turn": 56
    },
    "model": "graph.learningrate",
    "pk": 14
},
{
    "fields": {
        "player": 2,
        "learning_rate": 0.001,
        "turn": 57
    },
    "model": "graph.learningrate",
    "pk": 15
},
{
    "fields": {
        "player": 3,
        "learning_rate": 0.001,
        "turn": 57
    },
    "model": "graph.learningrate",
    "pk": 16
},
{
    "fields": {
        "player": 3,
        "learning_rate": 0.001,
        "turn": 58
    },
    "model": "graph.learningrate",
    "pk": 17
},
{
    "fields": {
        "player": 2,
        "learning_rate": 0.001,
        "turn": 58
    },
    "model": "graph.learningrate",
    "pk": 18
},
{
    "fields": {
        "player": 2,
        "learning_rate": 0.001,
        "turn": 59
    },
    "model": "graph.learningrate",
    "pk": 19
},
{
    "fields": {
        "player": 3,
        "learning_rate": 0.001,
        "turn": 59
    },
    "model": "graph.learningrate",
    "pk": 20
},
{
    "fields": {
        "player": 2,
        "learning_rate": 0.001,
        "turn": 60
    },
    "model": "graph.learningrate",
    "pk": 21
},
{
    "fields": {
        "player": 2,
        "learning_rate": 0.001,
        "turn": 61
    },
    "model": "graph.learningrate",
    "pk": 22
},
{
    "fields": {
        "player": 3,
        "learning_rate": 0.001,
        "turn": 60
    },
    "model": "graph.learningrate",
    "pk": 23
},
{
    "fields": {
        "player": 3,
        "learning_rate": 0.001,
        "turn": 61
    },
    "model": "graph.learningrate",
    "pk": 24
},
{
    "fields": {
        "player": 2,
        "learning_rate": 0.001,
        "turn": 62
    },
    "model": "graph.learningrate",
    "pk": 25
},
{
    "fields": {
        "player": 2,
        "learning_rate": 0.001,
        "turn": 63
    },
    "model": "graph.learningrate",
    "pk": 26
},
{
    "fields": {
        "player": 3,
        "learning_rate": 0.001,
        "turn": 62
    },
    "model": "graph.learningrate",
    "pk": 27
},
{
    "fields": {
        "player": 3,
        "learning_rate": 0.001,
        "turn": 63
    },
    "model": "graph.learningrate",
    "pk": 28
},
{
    "fields": {
        "player": 2,
        "learning_rate": 0.001,
        "turn": 64
    },
    "model": "graph.learningrate",
    "pk": 29
},
{
    "fields": {
        "player": 2,
        "learning_rate": 0.001,
        "turn": 65
    },
    "model": "graph.learningrate",
    "pk": 30
},
{
    "fields": {
        "player": 3,
        "learning_rate": 0.001,
        "turn": 64
    },
    "model": "graph.learningrate",
    "pk": 31
},
{
    "fields": {
        "player": 3,
        "learning_rate": 0.001,
        "turn": 65
    },
    "model": "graph.learningrate",
    "pk": 32
},
{
    "fields": {
        "edge": "f57b9824abbfb66ad1971e51e4cb5f1d",
        "cost": 1.0
    },
    "model": "graph.edgecost",
    "pk": 1
},
{
    "fields": {
        "edge": "b727469b5c41ebb22dd2ba57de8de427",
        "cost": 0.5
    },
    "model": "graph.edgecost",
    "pk": 2
},
{
    "fields": {
        "edge": "d9e7210fc428c0e92ce951501fa171d7",
        "cost": 0.5
    },
    "model": "graph.edgecost",
    "pk": 3
},
{
    "fields": {
        "edge": "0948a824bc5a839c4c7262052838509f",
        "cost": 0.5
    },
    "model": "graph.edgecost",
    "pk": 4
},
{
    "fields": {
        "edge": "2bc55574d0852d513d0225bdef35d867",
        "cost": 0.5
    },
    "model": "graph.edgecost",
    "pk": 5
},
{
    "fields": {
        "edge": "f57b9824abbfb66ad1971e51e4cb5f1d",
        "cost": 2.0
    },
    "model": "graph.edgecost",
    "pk": 6
},
{
    "fields": {
        "edge": "b727469b5c41ebb22dd2ba57de8de427",
        "cost": 1.0
    },
    "model": "graph.edgecost",
    "pk": 7
},
{
    "fields": {
        "edge": "d9e7210fc428c0e92ce951501fa171d7",
        "cost": 1.0
    },
    "model": "graph.edgecost",
    "pk": 8
},
{
    "fields": {
        "edge": "0948a824bc5a839c4c7262052838509f",
        "cost": 1.0
    },
    "model": "graph.edgecost",
    "pk": 9
},
{
    "fields": {
        "edge": "2bc55574d0852d513d0225bdef35d867",
        "cost": 1.0
    },
    "model": "graph.edgecost",
    "pk": 10
},
{
    "fields": {
        "edge": "f57b9824abbfb66ad1971e51e4cb5f1d",
        "cost": 2.0
    },
    "model": "graph.edgecost",
    "pk": 11
},
{
    "fields": {
        "edge": "b727469b5c41ebb22dd2ba57de8de427",
        "cost": 1.0
    },
    "model": "graph.edgecost",
    "pk": 12
},
{
    "fields": {
        "edge": "d9e7210fc428c0e92ce951501fa171d7",
        "cost": 1.0
    },
    "model": "graph.edgecost",
    "pk": 13
},
{
    "fields": {
        "edge": "0948a824bc5a839c4c7262052838509f",
        "cost": 1.0
    },
    "model": "graph.edgecost",
    "pk": 14
},
{
    "fields": {
        "edge": "2bc55574d0852d513d0225bdef35d867",
        "cost": 1.0
    },
    "model": "graph.edgecost",
    "pk": 15
},
{
    "fields": {
        "edge": "f57b9824abbfb66ad1971e51e4cb5f1d",
        "cost": 2.0
    },
    "model": "graph.edgecost",
    "pk": 16
},
{
    "fields": {
        "edge": "b727469b5c41ebb22dd2ba57de8de427",
        "cost": 1.0
    },
    "model": "graph.edgecost",
    "pk": 17
},
{
    "fields": {
        "edge": "d9e7210fc428c0e92ce951501fa171d7",
        "cost": 1.0
    },
    "model": "graph.edgecost",
    "pk": 18
},
{
    "fields": {
        "edge": "0948a824bc5a839c4c7262052838509f",
        "cost": 1.0
    },
    "model": "graph.edgecost",
    "pk": 19
},
{
    "fields": {
        "edge": "2bc55574d0852d513d0225bdef35d867",
        "cost": 1.0
    },
    "model": "graph.edgecost",
    "pk": 20
},
{
    "fields": {
        "edge": "f57b9824abbfb66ad1971e51e4cb5f1d",
        "cost": 2.0
    },
    "model": "graph.edgecost",
    "pk": 21
},
{
    "fields": {
        "edge": "b727469b5c41ebb22dd2ba57de8de427",
        "cost": 1.0
    },
    "model": "graph.edgecost",
    "pk": 22
},
{
    "fields": {
        "edge": "d9e7210fc428c0e92ce951501fa171d7",
        "cost": 1.0
    },
    "model": "graph.edgecost",
    "pk": 23
},
{
    "fields": {
        "edge": "0948a824bc5a839c4c7262052838509f",
        "cost": 1.0
    },
    "model": "graph.edgecost",
    "pk": 24
},
{
    "fields": {
        "edge": "2bc55574d0852d513d0225bdef35d867",
        "cost": 1.0
    },
    "model": "graph.edgecost",
    "pk": 25
},
{
    "fields": {
        "edge": "f57b9824abbfb66ad1971e51e4cb5f1d",
        "cost": 2.0
    },
    "model": "graph.edgecost",
    "pk": 26
},
{
    "fields": {
        "edge": "b727469b5c41ebb22dd2ba57de8de427",
        "cost": 1.0
    },
    "model": "graph.edgecost",
    "pk": 27
},
{
    "fields": {
        "edge": "d9e7210fc428c0e92ce951501fa171d7",
        "cost": 1.0
    },
    "model": "graph.edgecost",
    "pk": 28
},
{
    "fields": {
        "edge": "0948a824bc5a839c4c7262052838509f",
        "cost": 1.0
    },
    "model": "graph.edgecost",
    "pk": 29
},
{
    "fields": {
        "edge": "2bc55574d0852d513d0225bdef35d867",
        "cost": 1.0
    },
    "model": "graph.edgecost",
    "pk": 30
},
{
    "fields": {
        "edge": "f57b9824abbfb66ad1971e51e4cb5f1d",
        "cost": 2.0
    },
    "model": "graph.edgecost",
    "pk": 31
},
{
    "fields": {
        "edge": "b727469b5c41ebb22dd2ba57de8de427",
        "cost": 1.2462686567164178
    },
    "model": "graph.edgecost",
    "pk": 32
},
{
    "fields": {
        "edge": "d9e7210fc428c0e92ce951501fa171d7",
        "cost": 0.7537313432835822
    },
    "model": "graph.edgecost",
    "pk": 33
},
{
    "fields": {
        "edge": "0948a824bc5a839c4c7262052838509f",
        "cost": 0.7537313432835822
    },
    "model": "graph.edgecost",
    "pk": 34
},
{
    "fields": {
        "edge": "2bc55574d0852d513d0225bdef35d867",
        "cost": 1.2462686567164178
    },
    "model": "graph.edgecost",
    "pk": 35
},
{
    "fields": {
        "edge": "f57b9824abbfb66ad1971e51e4cb5f1d",
        "cost": 2.0
    },
    "model": "graph.edgecost",
    "pk": 36
},
{
    "fields": {
        "edge": "b727469b5c41ebb22dd2ba57de8de427",
        "cost": 1.2462686567164178
    },
    "model": "graph.edgecost",
    "pk": 37
},
{
    "fields": {
        "edge": "d9e7210fc428c0e92ce951501fa171d7",
        "cost": 0.7537313432835822
    },
    "model": "graph.edgecost",
    "pk": 38
},
{
    "fields": {
        "edge": "0948a824bc5a839c4c7262052838509f",
        "cost": 0.7537313432835822
    },
    "model": "graph.edgecost",
    "pk": 39
},
{
    "fields": {
        "edge": "2bc55574d0852d513d0225bdef35d867",
        "cost": 1.2462686567164178
    },
    "model": "graph.edgecost",
    "pk": 40
},
{
    "fields": {
        "edge": "f57b9824abbfb66ad1971e51e4cb5f1d",
        "cost": 2.0
    },
    "model": "graph.edgecost",
    "pk": 41
},
{
    "fields": {
        "edge": "b727469b5c41ebb22dd2ba57de8de427",
        "cost": 1.2462686567164178
    },
    "model": "graph.edgecost",
    "pk": 42
},
{
    "fields": {
        "edge": "d9e7210fc428c0e92ce951501fa171d7",
        "cost": 0.7537313432835822
    },
    "model": "graph.edgecost",
    "pk": 43
},
{
    "fields": {
        "edge": "0948a824bc5a839c4c7262052838509f",
        "cost": 0.7537313432835822
    },
    "model": "graph.edgecost",
    "pk": 44
},
{
    "fields": {
        "edge": "2bc55574d0852d513d0225bdef35d867",
        "cost": 1.2462686567164178
    },
    "model": "graph.edgecost",
    "pk": 45
},
{
    "fields": {
        "edge": "f57b9824abbfb66ad1971e51e4cb5f1d",
        "cost": 2.0
    },
    "model": "graph.edgecost",
    "pk": 46
},
{
    "fields": {
        "edge": "b727469b5c41ebb22dd2ba57de8de427",
        "cost": 1.2462686567164178
    },
    "model": "graph.edgecost",
    "pk": 47
},
{
    "fields": {
        "edge": "d9e7210fc428c0e92ce951501fa171d7",
        "cost": 0.7537313432835822
    },
    "model": "graph.edgecost",
    "pk": 48
},
{
    "fields": {
        "edge": "0948a824bc5a839c4c7262052838509f",
        "cost": 0.7537313432835822
    },
    "model": "graph.edgecost",
    "pk": 49
},
{
    "fields": {
        "edge": "2bc55574d0852d513d0225bdef35d867",
        "cost": 1.2462686567164178
    },
    "model": "graph.edgecost",
    "pk": 50
},
{
    "fields": {
        "edge": "f57b9824abbfb66ad1971e51e4cb5f1d",
        "cost": 2.0
    },
    "model": "graph.edgecost",
    "pk": 51
},
{
    "fields": {
        "edge": "b727469b5c41ebb22dd2ba57de8de427",
        "cost": 1.2462686567164178
    },
    "model": "graph.edgecost",
    "pk": 52
},
{
    "fields": {
        "edge": "d9e7210fc428c0e92ce951501fa171d7",
        "cost": 0.7537313432835822
    },
    "model": "graph.edgecost",
    "pk": 53
},
{
    "fields": {
        "edge": "0948a824bc5a839c4c7262052838509f",
        "cost": 0.7537313432835822
    },
    "model": "graph.edgecost",
    "pk": 54
},
{
    "fields": {
        "edge": "2bc55574d0852d513d0225bdef35d867",
        "cost": 1.2462686567164178
    },
    "model": "graph.edgecost",
    "pk": 55
},
{
    "fields": {
        "edge": "f57b9824abbfb66ad1971e51e4cb5f1d",
        "cost": 2.0
    },
    "model": "graph.edgecost",
    "pk": 56
},
{
    "fields": {
        "edge": "b727469b5c41ebb22dd2ba57de8de427",
        "cost": 1.2462686567164178
    },
    "model": "graph.edgecost",
    "pk": 57
},
{
    "fields": {
        "edge": "d9e7210fc428c0e92ce951501fa171d7",
        "cost": 0.7537313432835822
    },
    "model": "graph.edgecost",
    "pk": 58
},
{
    "fields": {
        "edge": "0948a824bc5a839c4c7262052838509f",
        "cost": 0.7537313432835822
    },
    "model": "graph.edgecost",
    "pk": 59
},
{
    "fields": {
        "edge": "2bc55574d0852d513d0225bdef35d867",
        "cost": 1.2462686567164178
    },
    "model": "graph.edgecost",
    "pk": 60
},
{
    "fields": {
        "edge": "f57b9824abbfb66ad1971e51e4cb5f1d",
        "cost": 2.0
    },
    "model": "graph.edgecost",
    "pk": 61
},
{
    "fields": {
        "edge": "b727469b5c41ebb22dd2ba57de8de427",
        "cost": 1.1851851851851851
    },
    "model": "graph.edgecost",
    "pk": 62
},
{
    "fields": {
        "edge": "d9e7210fc428c0e92ce951501fa171d7",
        "cost": 0.8148148148148149
    },
    "model": "graph.edgecost",
    "pk": 63
},
{
    "fields": {
        "edge": "0948a824bc5a839c4c7262052838509f",
        "cost": 0.8148148148148149
    },
    "model": "graph.edgecost",
    "pk": 64
},
{
    "fields": {
        "edge": "2bc55574d0852d513d0225bdef35d867",
        "cost": 1.1851851851851851
    },
    "model": "graph.edgecost",
    "pk": 65
},
{
    "fields": {
        "edge": "f57b9824abbfb66ad1971e51e4cb5f1d",
        "cost": 2.0
    },
    "model": "graph.edgecost",
    "pk": 66
},
{
    "fields": {
        "edge": "b727469b5c41ebb22dd2ba57de8de427",
        "cost": 1.1851851851851851
    },
    "model": "graph.edgecost",
    "pk": 67
},
{
    "fields": {
        "edge": "d9e7210fc428c0e92ce951501fa171d7",
        "cost": 0.8148148148148149
    },
    "model": "graph.edgecost",
    "pk": 68
},
{
    "fields": {
        "edge": "0948a824bc5a839c4c7262052838509f",
        "cost": 0.8148148148148149
    },
    "model": "graph.edgecost",
    "pk": 69
},
{
    "fields": {
        "edge": "2bc55574d0852d513d0225bdef35d867",
        "cost": 1.1851851851851851
    },
    "model": "graph.edgecost",
    "pk": 70
},
{
    "fields": {
        "edge": "f57b9824abbfb66ad1971e51e4cb5f1d",
        "cost": 2.0
    },
    "model": "graph.edgecost",
    "pk": 71
},
{
    "fields": {
        "edge": "b727469b5c41ebb22dd2ba57de8de427",
        "cost": 1.1851851851851851
    },
    "model": "graph.edgecost",
    "pk": 72
},
{
    "fields": {
        "edge": "d9e7210fc428c0e92ce951501fa171d7",
        "cost": 0.8148148148148149
    },
    "model": "graph.edgecost",
    "pk": 73
},
{
    "fields": {
        "edge": "0948a824bc5a839c4c7262052838509f",
        "cost": 0.8148148148148149
    },
    "model": "graph.edgecost",
    "pk": 74
},
{
    "fields": {
        "edge": "2bc55574d0852d513d0225bdef35d867",
        "cost": 1.1851851851851851
    },
    "model": "graph.edgecost",
    "pk": 75
},
{
    "fields": {
        "edge": "f57b9824abbfb66ad1971e51e4cb5f1d",
        "cost": 2.0
    },
    "model": "graph.edgecost",
    "pk": 76
},
{
    "fields": {
        "edge": "b727469b5c41ebb22dd2ba57de8de427",
        "cost": 1.1851851851851851
    },
    "model": "graph.edgecost",
    "pk": 77
},
{
    "fields": {
        "edge": "d9e7210fc428c0e92ce951501fa171d7",
        "cost": 0.8148148148148149
    },
    "model": "graph.edgecost",
    "pk": 78
},
{
    "fields": {
        "edge": "0948a824bc5a839c4c7262052838509f",
        "cost": 0.8148148148148149
    },
    "model": "graph.edgecost",
    "pk": 79
},
{
    "fields": {
        "edge": "2bc55574d0852d513d0225bdef35d867",
        "cost": 1.1851851851851851
    },
    "model": "graph.edgecost",
    "pk": 80
},
{
    "fields": {
        "edge": "f57b9824abbfb66ad1971e51e4cb5f1d",
        "cost": 2.0
    },
    "model": "graph.edgecost",
    "pk": 81
},
{
    "fields": {
        "edge": "b727469b5c41ebb22dd2ba57de8de427",
        "cost": 1.1851851851851851
    },
    "model": "graph.edgecost",
    "pk": 82
},
{
    "fields": {
        "edge": "d9e7210fc428c0e92ce951501fa171d7",
        "cost": 0.8148148148148149
    },
    "model": "graph.edgecost",
    "pk": 83
},
{
    "fields": {
        "edge": "0948a824bc5a839c4c7262052838509f",
        "cost": 0.8148148148148149
    },
    "model": "graph.edgecost",
    "pk": 84
},
{
    "fields": {
        "edge": "2bc55574d0852d513d0225bdef35d867",
        "cost": 1.1851851851851851
    },
    "model": "graph.edgecost",
    "pk": 85
},
{
    "fields": {
        "edge": "f57b9824abbfb66ad1971e51e4cb5f1d",
        "cost": 2.0
    },
    "model": "graph.edgecost",
    "pk": 86
},
{
    "fields": {
        "edge": "b727469b5c41ebb22dd2ba57de8de427",
        "cost": 1.1851851851851851
    },
    "model": "graph.edgecost",
    "pk": 87
},
{
    "fields": {
        "edge": "d9e7210fc428c0e92ce951501fa171d7",
        "cost": 0.8148148148148149
    },
    "model": "graph.edgecost",
    "pk": 88
},
{
    "fields": {
        "edge": "0948a824bc5a839c4c7262052838509f",
        "cost": 0.8148148148148149
    },
    "model": "graph.edgecost",
    "pk": 89
},
{
    "fields": {
        "edge": "2bc55574d0852d513d0225bdef35d867",
        "cost": 1.1851851851851851
    },
    "model": "graph.edgecost",
    "pk": 90
},
{
    "fields": {
        "edge": "f57b9824abbfb66ad1971e51e4cb5f1d",
        "cost": 2.0
    },
    "model": "graph.edgecost",
    "pk": 91
},
{
    "fields": {
        "edge": "b727469b5c41ebb22dd2ba57de8de427",
        "cost": 1.1851851851851851
    },
    "model": "graph.edgecost",
    "pk": 92
},
{
    "fields": {
        "edge": "d9e7210fc428c0e92ce951501fa171d7",
        "cost": 0.8148148148148149
    },
    "model": "graph.edgecost",
    "pk": 93
},
{
    "fields": {
        "edge": "0948a824bc5a839c4c7262052838509f",
        "cost": 0.8148148148148149
    },
    "model": "graph.edgecost",
    "pk": 94
},
{
    "fields": {
        "edge": "2bc55574d0852d513d0225bdef35d867",
        "cost": 1.1851851851851851
    },
    "model": "graph.edgecost",
    "pk": 95
},
{
    "fields": {
        "edge": "f57b9824abbfb66ad1971e51e4cb5f1d",
        "cost": 2.0
    },
    "model": "graph.edgecost",
    "pk": 96
},
{
    "fields": {
        "edge": "b727469b5c41ebb22dd2ba57de8de427",
        "cost": 1.1851851851851851
    },
    "model": "graph.edgecost",
    "pk": 97
},
{
    "fields": {
        "edge": "d9e7210fc428c0e92ce951501fa171d7",
        "cost": 0.8148148148148149
    },
    "model": "graph.edgecost",
    "pk": 98
},
{
    "fields": {
        "edge": "0948a824bc5a839c4c7262052838509f",
        "cost": 0.8148148148148149
    },
    "model": "graph.edgecost",
    "pk": 99
},
{
    "fields": {
        "edge": "2bc55574d0852d513d0225bdef35d867",
        "cost": 1.1851851851851851
    },
    "model": "graph.edgecost",
    "pk": 100
},
{
    "fields": {
        "edge": "f57b9824abbfb66ad1971e51e4cb5f1d",
        "cost": 2.0
    },
    "model": "graph.edgecost",
    "pk": 101
},
{
    "fields": {
        "edge": "b727469b5c41ebb22dd2ba57de8de427",
        "cost": 1.1851851851851851
    },
    "model": "graph.edgecost",
    "pk": 102
},
{
    "fields": {
        "edge": "d9e7210fc428c0e92ce951501fa171d7",
        "cost": 0.8148148148148149
    },
    "model": "graph.edgecost",
    "pk": 103
},
{
    "fields": {
        "edge": "0948a824bc5a839c4c7262052838509f",
        "cost": 0.8148148148148149
    },
    "model": "graph.edgecost",
    "pk": 104
},
{
    "fields": {
        "edge": "2bc55574d0852d513d0225bdef35d867",
        "cost": 1.1851851851851851
    },
    "model": "graph.edgecost",
    "pk": 105
},
{
    "fields": {
        "edge": "f57b9824abbfb66ad1971e51e4cb5f1d",
        "cost": 2.0
    },
    "model": "graph.edgecost",
    "pk": 106
},
{
    "fields": {
        "edge": "b727469b5c41ebb22dd2ba57de8de427",
        "cost": 1.1851851851851851
    },
    "model": "graph.edgecost",
    "pk": 107
},
{
    "fields": {
        "edge": "d9e7210fc428c0e92ce951501fa171d7",
        "cost": 0.8148148148148149
    },
    "model": "graph.edgecost",
    "pk": 108
},
{
    "fields": {
        "edge": "0948a824bc5a839c4c7262052838509f",
        "cost": 0.8148148148148149
    },
    "model": "graph.edgecost",
    "pk": 109
},
{
    "fields": {
        "edge": "2bc55574d0852d513d0225bdef35d867",
        "cost": 1.1851851851851851
    },
    "model": "graph.edgecost",
    "pk": 110
},
{
    "fields": {
        "edge": "f57b9824abbfb66ad1971e51e4cb5f1d",
        "cost": 1.9999999999999998
    },
    "model": "graph.edgecost",
    "pk": 111
},
{
    "fields": {
        "edge": "b727469b5c41ebb22dd2ba57de8de427",
        "cost": 1.292682926829268
    },
    "model": "graph.edgecost",
    "pk": 112
},
{
    "fields": {
        "edge": "d9e7210fc428c0e92ce951501fa171d7",
        "cost": 0.7073170731707317
    },
    "model": "graph.edgecost",
    "pk": 113
},
{
    "fields": {
        "edge": "0948a824bc5a839c4c7262052838509f",
        "cost": 0.7073170731707317
    },
    "model": "graph.edgecost",
    "pk": 114
},
{
    "fields": {
        "edge": "2bc55574d0852d513d0225bdef35d867",
        "cost": 1.292682926829268
    },
    "model": "graph.edgecost",
    "pk": 115
},
{
    "fields": {
        "edge": "f57b9824abbfb66ad1971e51e4cb5f1d",
        "cost": 1.9999999999999998
    },
    "model": "graph.edgecost",
    "pk": 116
},
{
    "fields": {
        "edge": "b727469b5c41ebb22dd2ba57de8de427",
        "cost": 1.292682926829268
    },
    "model": "graph.edgecost",
    "pk": 117
},
{
    "fields": {
        "edge": "d9e7210fc428c0e92ce951501fa171d7",
        "cost": 0.7073170731707317
    },
    "model": "graph.edgecost",
    "pk": 118
},
{
    "fields": {
        "edge": "0948a824bc5a839c4c7262052838509f",
        "cost": 0.7073170731707317
    },
    "model": "graph.edgecost",
    "pk": 119
},
{
    "fields": {
        "edge": "2bc55574d0852d513d0225bdef35d867",
        "cost": 1.292682926829268
    },
    "model": "graph.edgecost",
    "pk": 120
},
{
    "fields": {
        "edge": "f57b9824abbfb66ad1971e51e4cb5f1d",
        "cost": 1.9999999999999998
    },
    "model": "graph.edgecost",
    "pk": 121
},
{
    "fields": {
        "edge": "b727469b5c41ebb22dd2ba57de8de427",
        "cost": 1.292682926829268
    },
    "model": "graph.edgecost",
    "pk": 122
},
{
    "fields": {
        "edge": "d9e7210fc428c0e92ce951501fa171d7",
        "cost": 0.7073170731707317
    },
    "model": "graph.edgecost",
    "pk": 123
},
{
    "fields": {
        "edge": "0948a824bc5a839c4c7262052838509f",
        "cost": 0.7073170731707317
    },
    "model": "graph.edgecost",
    "pk": 124
},
{
    "fields": {
        "edge": "2bc55574d0852d513d0225bdef35d867",
        "cost": 1.292682926829268
    },
    "model": "graph.edgecost",
    "pk": 125
},
{
    "fields": {
        "edge": "f57b9824abbfb66ad1971e51e4cb5f1d",
        "cost": 1.9999999999999998
    },
    "model": "graph.edgecost",
    "pk": 126
},
{
    "fields": {
        "edge": "b727469b5c41ebb22dd2ba57de8de427",
        "cost": 1.292682926829268
    },
    "model": "graph.edgecost",
    "pk": 127
},
{
    "fields": {
        "edge": "d9e7210fc428c0e92ce951501fa171d7",
        "cost": 0.7073170731707317
    },
    "model": "graph.edgecost",
    "pk": 128
},
{
    "fields": {
        "edge": "0948a824bc5a839c4c7262052838509f",
        "cost": 0.7073170731707317
    },
    "model": "graph.edgecost",
    "pk": 129
},
{
    "fields": {
        "edge": "2bc55574d0852d513d0225bdef35d867",
        "cost": 1.292682926829268
    },
    "model": "graph.edgecost",
    "pk": 130
},
{
    "fields": {
        "edge": "f57b9824abbfb66ad1971e51e4cb5f1d",
        "cost": 1.9999999999999998
    },
    "model": "graph.edgecost",
    "pk": 131
},
{
    "fields": {
        "edge": "b727469b5c41ebb22dd2ba57de8de427",
        "cost": 1.292682926829268
    },
    "model": "graph.edgecost",
    "pk": 132
},
{
    "fields": {
        "edge": "d9e7210fc428c0e92ce951501fa171d7",
        "cost": 0.7073170731707317
    },
    "model": "graph.edgecost",
    "pk": 133
},
{
    "fields": {
        "edge": "0948a824bc5a839c4c7262052838509f",
        "cost": 0.7073170731707317
    },
    "model": "graph.edgecost",
    "pk": 134
},
{
    "fields": {
        "edge": "2bc55574d0852d513d0225bdef35d867",
        "cost": 1.292682926829268
    },
    "model": "graph.edgecost",
    "pk": 135
},
{
    "fields": {
        "edge": "f57b9824abbfb66ad1971e51e4cb5f1d",
        "cost": 1.9999999999999998
    },
    "model": "graph.edgecost",
    "pk": 136
},
{
    "fields": {
        "edge": "b727469b5c41ebb22dd2ba57de8de427",
        "cost": 1.292682926829268
    },
    "model": "graph.edgecost",
    "pk": 137
},
{
    "fields": {
        "edge": "d9e7210fc428c0e92ce951501fa171d7",
        "cost": 0.7073170731707317
    },
    "model": "graph.edgecost",
    "pk": 138
},
{
    "fields": {
        "edge": "0948a824bc5a839c4c7262052838509f",
        "cost": 0.7073170731707317
    },
    "model": "graph.edgecost",
    "pk": 139
},
{
    "fields": {
        "edge": "2bc55574d0852d513d0225bdef35d867",
        "cost": 1.292682926829268
    },
    "model": "graph.edgecost",
    "pk": 140
},
{
    "fields": {
        "edge": "f57b9824abbfb66ad1971e51e4cb5f1d",
        "cost": 1.9999999999999998
    },
    "model": "graph.edgecost",
    "pk": 141
},
{
    "fields": {
        "edge": "b727469b5c41ebb22dd2ba57de8de427",
        "cost": 1.292682926829268
    },
    "model": "graph.edgecost",
    "pk": 142
},
{
    "fields": {
        "edge": "d9e7210fc428c0e92ce951501fa171d7",
        "cost": 0.7073170731707317
    },
    "model": "graph.edgecost",
    "pk": 143
},
{
    "fields": {
        "edge": "0948a824bc5a839c4c7262052838509f",
        "cost": 0.7073170731707317
    },
    "model": "graph.edgecost",
    "pk": 144
},
{
    "fields": {
        "edge": "2bc55574d0852d513d0225bdef35d867",
        "cost": 1.292682926829268
    },
    "model": "graph.edgecost",
    "pk": 145
},
{
    "fields": {
        "edge": "f57b9824abbfb66ad1971e51e4cb5f1d",
        "cost": 1.9999999999999998
    },
    "model": "graph.edgecost",
    "pk": 146
},
{
    "fields": {
        "edge": "b727469b5c41ebb22dd2ba57de8de427",
        "cost": 1.292682926829268
    },
    "model": "graph.edgecost",
    "pk": 147
},
{
    "fields": {
        "edge": "d9e7210fc428c0e92ce951501fa171d7",
        "cost": 0.7073170731707317
    },
    "model": "graph.edgecost",
    "pk": 148
},
{
    "fields": {
        "edge": "0948a824bc5a839c4c7262052838509f",
        "cost": 0.7073170731707317
    },
    "model": "graph.edgecost",
    "pk": 149
},
{
    "fields": {
        "edge": "2bc55574d0852d513d0225bdef35d867",
        "cost": 1.292682926829268
    },
    "model": "graph.edgecost",
    "pk": 150
},
{
    "fields": {
        "edge": "f57b9824abbfb66ad1971e51e4cb5f1d",
        "cost": 1.9999999999999998
    },
    "model": "graph.edgecost",
    "pk": 151
},
{
    "fields": {
        "edge": "b727469b5c41ebb22dd2ba57de8de427",
        "cost": 1.292682926829268
    },
    "model": "graph.edgecost",
    "pk": 152
},
{
    "fields": {
        "edge": "d9e7210fc428c0e92ce951501fa171d7",
        "cost": 0.7073170731707317
    },
    "model": "graph.edgecost",
    "pk": 153
},
{
    "fields": {
        "edge": "0948a824bc5a839c4c7262052838509f",
        "cost": 0.7073170731707317
    },
    "model": "graph.edgecost",
    "pk": 154
},
{
    "fields": {
        "edge": "2bc55574d0852d513d0225bdef35d867",
        "cost": 1.292682926829268
    },
    "model": "graph.edgecost",
    "pk": 155
},
{
    "fields": {
        "edge": "f57b9824abbfb66ad1971e51e4cb5f1d",
        "cost": 1.9999999999999998
    },
    "model": "graph.edgecost",
    "pk": 156
},
{
    "fields": {
        "edge": "b727469b5c41ebb22dd2ba57de8de427",
        "cost": 1.292682926829268
    },
    "model": "graph.edgecost",
    "pk": 157
},
{
    "fields": {
        "edge": "d9e7210fc428c0e92ce951501fa171d7",
        "cost": 0.7073170731707317
    },
    "model": "graph.edgecost",
    "pk": 158
},
{
    "fields": {
        "edge": "0948a824bc5a839c4c7262052838509f",
        "cost": 0.7073170731707317
    },
    "model": "graph.edgecost",
    "pk": 159
},
{
    "fields": {
        "edge": "2bc55574d0852d513d0225bdef35d867",
        "cost": 1.292682926829268
    },
    "model": "graph.edgecost",
    "pk": 160
},
{
    "fields": {
        "edge": "f57b9824abbfb66ad1971e51e4cb5f1d",
        "cost": 1.9999999999999998
    },
    "model": "graph.edgecost",
    "pk": 161
},
{
    "fields": {
        "edge": "b727469b5c41ebb22dd2ba57de8de427",
        "cost": 1.292682926829268
    },
    "model": "graph.edgecost",
    "pk": 162
},
{
    "fields": {
        "edge": "d9e7210fc428c0e92ce951501fa171d7",
        "cost": 0.7073170731707317
    },
    "model": "graph.edgecost",
    "pk": 163
},
{
    "fields": {
        "edge": "0948a824bc5a839c4c7262052838509f",
        "cost": 0.7073170731707317
    },
    "model": "graph.edgecost",
    "pk": 164
},
{
    "fields": {
        "edge": "2bc55574d0852d513d0225bdef35d867",
        "cost": 1.292682926829268
    },
    "model": "graph.edgecost",
    "pk": 165
},
{
    "fields": {
        "edge": "f57b9824abbfb66ad1971e51e4cb5f1d",
        "cost": 1.9999999999999998
    },
    "model": "graph.edgecost",
    "pk": 166
},
{
    "fields": {
        "edge": "b727469b5c41ebb22dd2ba57de8de427",
        "cost": 1.292682926829268
    },
    "model": "graph.edgecost",
    "pk": 167
},
{
    "fields": {
        "edge": "d9e7210fc428c0e92ce951501fa171d7",
        "cost": 0.7073170731707317
    },
    "model": "graph.edgecost",
    "pk": 168
},
{
    "fields": {
        "edge": "0948a824bc5a839c4c7262052838509f",
        "cost": 0.7073170731707317
    },
    "model": "graph.edgecost",
    "pk": 169
},
{
    "fields": {
        "edge": "2bc55574d0852d513d0225bdef35d867",
        "cost": 1.292682926829268
    },
    "model": "graph.edgecost",
    "pk": 170
},
{
    "fields": {
        "edge": "f57b9824abbfb66ad1971e51e4cb5f1d",
        "cost": 1.9999999999999998
    },
    "model": "graph.edgecost",
    "pk": 171
},
{
    "fields": {
        "edge": "b727469b5c41ebb22dd2ba57de8de427",
        "cost": 1.292682926829268
    },
    "model": "graph.edgecost",
    "pk": 172
},
{
    "fields": {
        "edge": "d9e7210fc428c0e92ce951501fa171d7",
        "cost": 0.7073170731707317
    },
    "model": "graph.edgecost",
    "pk": 173
},
{
    "fields": {
        "edge": "0948a824bc5a839c4c7262052838509f",
        "cost": 0.7073170731707317
    },
    "model": "graph.edgecost",
    "pk": 174
},
{
    "fields": {
        "edge": "2bc55574d0852d513d0225bdef35d867",
        "cost": 1.292682926829268
    },
    "model": "graph.edgecost",
    "pk": 175
},
{
    "fields": {
        "edge": "f57b9824abbfb66ad1971e51e4cb5f1d",
        "cost": 1.9999999999999998
    },
    "model": "graph.edgecost",
    "pk": 176
},
{
    "fields": {
        "edge": "b727469b5c41ebb22dd2ba57de8de427",
        "cost": 1.292682926829268
    },
    "model": "graph.edgecost",
    "pk": 177
},
{
    "fields": {
        "edge": "d9e7210fc428c0e92ce951501fa171d7",
        "cost": 0.7073170731707317
    },
    "model": "graph.edgecost",
    "pk": 178
},
{
    "fields": {
        "edge": "0948a824bc5a839c4c7262052838509f",
        "cost": 0.7073170731707317
    },
    "model": "graph.edgecost",
    "pk": 179
},
{
    "fields": {
        "edge": "2bc55574d0852d513d0225bdef35d867",
        "cost": 1.292682926829268
    },
    "model": "graph.edgecost",
    "pk": 180
},
{
    "fields": {
        "edge": "f57b9824abbfb66ad1971e51e4cb5f1d",
        "cost": 1.9999999999999998
    },
    "model": "graph.edgecost",
    "pk": 181
},
{
    "fields": {
        "edge": "b727469b5c41ebb22dd2ba57de8de427",
        "cost": 1.292682926829268
    },
    "model": "graph.edgecost",
    "pk": 182
},
{
    "fields": {
        "edge": "d9e7210fc428c0e92ce951501fa171d7",
        "cost": 0.7073170731707317
    },
    "model": "graph.edgecost",
    "pk": 183
},
{
    "fields": {
        "edge": "0948a824bc5a839c4c7262052838509f",
        "cost": 0.7073170731707317
    },
    "model": "graph.edgecost",
    "pk": 184
},
{
    "fields": {
        "edge": "2bc55574d0852d513d0225bdef35d867",
        "cost": 1.292682926829268
    },
    "model": "graph.edgecost",
    "pk": 185
},
{
    "fields": {
        "edge": "f57b9824abbfb66ad1971e51e4cb5f1d",
        "cost": 1.9999999999999998
    },
    "model": "graph.edgecost",
    "pk": 186
},
{
    "fields": {
        "edge": "b727469b5c41ebb22dd2ba57de8de427",
        "cost": 1.292682926829268
    },
    "model": "graph.edgecost",
    "pk": 187
},
{
    "fields": {
        "edge": "d9e7210fc428c0e92ce951501fa171d7",
        "cost": 0.7073170731707317
    },
    "model": "graph.edgecost",
    "pk": 188
},
{
    "fields": {
        "edge": "0948a824bc5a839c4c7262052838509f",
        "cost": 0.7073170731707317
    },
    "model": "graph.edgecost",
    "pk": 189
},
{
    "fields": {
        "edge": "2bc55574d0852d513d0225bdef35d867",
        "cost": 1.292682926829268
    },
    "model": "graph.edgecost",
    "pk": 190
},
{
    "fields": {
        "edge": "f57b9824abbfb66ad1971e51e4cb5f1d",
        "cost": 1.9999999999999998
    },
    "model": "graph.edgecost",
    "pk": 191
},
{
    "fields": {
        "edge": "b727469b5c41ebb22dd2ba57de8de427",
        "cost": 1.292682926829268
    },
    "model": "graph.edgecost",
    "pk": 192
},
{
    "fields": {
        "edge": "d9e7210fc428c0e92ce951501fa171d7",
        "cost": 0.7073170731707317
    },
    "model": "graph.edgecost",
    "pk": 193
},
{
    "fields": {
        "edge": "0948a824bc5a839c4c7262052838509f",
        "cost": 0.7073170731707317
    },
    "model": "graph.edgecost",
    "pk": 194
},
{
    "fields": {
        "edge": "2bc55574d0852d513d0225bdef35d867",
        "cost": 1.292682926829268
    },
    "model": "graph.edgecost",
    "pk": 195
},
{
    "fields": {
        "edge": "f57b9824abbfb66ad1971e51e4cb5f1d",
        "cost": 1.9999999999999998
    },
    "model": "graph.edgecost",
    "pk": 196
},
{
    "fields": {
        "edge": "b727469b5c41ebb22dd2ba57de8de427",
        "cost": 1.292682926829268
    },
    "model": "graph.edgecost",
    "pk": 197
},
{
    "fields": {
        "edge": "d9e7210fc428c0e92ce951501fa171d7",
        "cost": 0.7073170731707317
    },
    "model": "graph.edgecost",
    "pk": 198
},
{
    "fields": {
        "edge": "0948a824bc5a839c4c7262052838509f",
        "cost": 0.7073170731707317
    },
    "model": "graph.edgecost",
    "pk": 199
},
{
    "fields": {
        "edge": "2bc55574d0852d513d0225bdef35d867",
        "cost": 1.292682926829268
    },
    "model": "graph.edgecost",
    "pk": 200
},
{
    "fields": {
        "edge": "f57b9824abbfb66ad1971e51e4cb5f1d",
        "cost": 1.9999999999999998
    },
    "model": "graph.edgecost",
    "pk": 201
},
{
    "fields": {
        "edge": "b727469b5c41ebb22dd2ba57de8de427",
        "cost": 1.292682926829268
    },
    "model": "graph.edgecost",
    "pk": 202
},
{
    "fields": {
        "edge": "d9e7210fc428c0e92ce951501fa171d7",
        "cost": 0.7073170731707317
    },
    "model": "graph.edgecost",
    "pk": 203
},
{
    "fields": {
        "edge": "0948a824bc5a839c4c7262052838509f",
        "cost": 0.7073170731707317
    },
    "model": "graph.edgecost",
    "pk": 204
},
{
    "fields": {
        "edge": "2bc55574d0852d513d0225bdef35d867",
        "cost": 1.292682926829268
    },
    "model": "graph.edgecost",
    "pk": 205
},
{
    "fields": {
        "edge": "f57b9824abbfb66ad1971e51e4cb5f1d",
        "cost": 1.9999999999999998
    },
    "model": "graph.edgecost",
    "pk": 206
},
{
    "fields": {
        "edge": "b727469b5c41ebb22dd2ba57de8de427",
        "cost": 1.292682926829268
    },
    "model": "graph.edgecost",
    "pk": 207
},
{
    "fields": {
        "edge": "d9e7210fc428c0e92ce951501fa171d7",
        "cost": 0.7073170731707317
    },
    "model": "graph.edgecost",
    "pk": 208
},
{
    "fields": {
        "edge": "0948a824bc5a839c4c7262052838509f",
        "cost": 0.7073170731707317
    },
    "model": "graph.edgecost",
    "pk": 209
},
{
    "fields": {
        "edge": "2bc55574d0852d513d0225bdef35d867",
        "cost": 1.292682926829268
    },
    "model": "graph.edgecost",
    "pk": 210
},
{
    "fields": {
        "edge": "f57b9824abbfb66ad1971e51e4cb5f1d",
        "cost": 1.9999999999999998
    },
    "model": "graph.edgecost",
    "pk": 211
},
{
    "fields": {
        "edge": "b727469b5c41ebb22dd2ba57de8de427",
        "cost": 1.292682926829268
    },
    "model": "graph.edgecost",
    "pk": 212
},
{
    "fields": {
        "edge": "d9e7210fc428c0e92ce951501fa171d7",
        "cost": 0.7073170731707317
    },
    "model": "graph.edgecost",
    "pk": 213
},
{
    "fields": {
        "edge": "0948a824bc5a839c4c7262052838509f",
        "cost": 0.7073170731707317
    },
    "model": "graph.edgecost",
    "pk": 214
},
{
    "fields": {
        "edge": "2bc55574d0852d513d0225bdef35d867",
        "cost": 1.292682926829268
    },
    "model": "graph.edgecost",
    "pk": 215
},
{
    "fields": {
        "edge": "f57b9824abbfb66ad1971e51e4cb5f1d",
        "cost": 1.9999999999999998
    },
    "model": "graph.edgecost",
    "pk": 216
},
{
    "fields": {
        "edge": "b727469b5c41ebb22dd2ba57de8de427",
        "cost": 1.292682926829268
    },
    "model": "graph.edgecost",
    "pk": 217
},
{
    "fields": {
        "edge": "d9e7210fc428c0e92ce951501fa171d7",
        "cost": 0.7073170731707317
    },
    "model": "graph.edgecost",
    "pk": 218
},
{
    "fields": {
        "edge": "0948a824bc5a839c4c7262052838509f",
        "cost": 0.7073170731707317
    },
    "model": "graph.edgecost",
    "pk": 219
},
{
    "fields": {
        "edge": "2bc55574d0852d513d0225bdef35d867",
        "cost": 1.292682926829268
    },
    "model": "graph.edgecost",
    "pk": 220
},
{
    "fields": {
        "edge": "2311a3965b1ff1fa3d522330f887cdc3",
        "cost": 0.5
    },
    "model": "graph.edgecost",
    "pk": 221
},
{
    "fields": {
        "edge": "7e427001bb28d66b4df3adc6dcb35934",
        "cost": 0.5
    },
    "model": "graph.edgecost",
    "pk": 222
},
{
    "fields": {
        "edge": "fd91702e606b4a8f9a991acc7936b72f",
        "cost": 1.0
    },
    "model": "graph.edgecost",
    "pk": 223
},
{
    "fields": {
        "edge": "7fb4277d5a321d466b94da5b1b439497",
        "cost": 0.5
    },
    "model": "graph.edgecost",
    "pk": 224
},
{
    "fields": {
        "edge": "c3045e93417cddbf0dc0492e0b1d194a",
        "cost": 1.0
    },
    "model": "graph.edgecost",
    "pk": 225
},
{
    "fields": {
        "edge": "f14734cc0cfe732fd7b82f50f69b5e99",
        "cost": 0.5
    },
    "model": "graph.edgecost",
    "pk": 226
},
{
    "fields": {
        "edge": "7db8b13c14b9ef7995ae891ff02b4efb",
        "cost": 0.5
    },
    "model": "graph.edgecost",
    "pk": 227
},
{
    "fields": {
        "edge": "2311a3965b1ff1fa3d522330f887cdc3",
        "cost": 0.5
    },
    "model": "graph.edgecost",
    "pk": 228
},
{
    "fields": {
        "edge": "7e427001bb28d66b4df3adc6dcb35934",
        "cost": 0.5
    },
    "model": "graph.edgecost",
    "pk": 229
},
{
    "fields": {
        "edge": "fd91702e606b4a8f9a991acc7936b72f",
        "cost": 1.0
    },
    "model": "graph.edgecost",
    "pk": 230
},
{
    "fields": {
        "edge": "7fb4277d5a321d466b94da5b1b439497",
        "cost": 0.5
    },
    "model": "graph.edgecost",
    "pk": 231
},
{
    "fields": {
        "edge": "c3045e93417cddbf0dc0492e0b1d194a",
        "cost": 1.0
    },
    "model": "graph.edgecost",
    "pk": 232
},
{
    "fields": {
        "edge": "f14734cc0cfe732fd7b82f50f69b5e99",
        "cost": 0.5
    },
    "model": "graph.edgecost",
    "pk": 233
},
{
    "fields": {
        "edge": "7db8b13c14b9ef7995ae891ff02b4efb",
        "cost": 0.5
    },
    "model": "graph.edgecost",
    "pk": 234
},
{
    "fields": {
        "edge": "2311a3965b1ff1fa3d522330f887cdc3",
        "cost": 0.5
    },
    "model": "graph.edgecost",
    "pk": 235
},
{
    "fields": {
        "edge": "7e427001bb28d66b4df3adc6dcb35934",
        "cost": 0.5
    },
    "model": "graph.edgecost",
    "pk": 236
},
{
    "fields": {
        "edge": "fd91702e606b4a8f9a991acc7936b72f",
        "cost": 1.0
    },
    "model": "graph.edgecost",
    "pk": 237
},
{
    "fields": {
        "edge": "7fb4277d5a321d466b94da5b1b439497",
        "cost": 0.5
    },
    "model": "graph.edgecost",
    "pk": 238
},
{
    "fields": {
        "edge": "c3045e93417cddbf0dc0492e0b1d194a",
        "cost": 1.0
    },
    "model": "graph.edgecost",
    "pk": 239
},
{
    "fields": {
        "edge": "f14734cc0cfe732fd7b82f50f69b5e99",
        "cost": 0.5
    },
    "model": "graph.edgecost",
    "pk": 240
},
{
    "fields": {
        "edge": "7db8b13c14b9ef7995ae891ff02b4efb",
        "cost": 0.5
    },
    "model": "graph.edgecost",
    "pk": 241
},
{
    "fields": {
        "edge": "2311a3965b1ff1fa3d522330f887cdc3",
        "cost": 0.5
    },
    "model": "graph.edgecost",
    "pk": 242
},
{
    "fields": {
        "edge": "7e427001bb28d66b4df3adc6dcb35934",
        "cost": 0.5
    },
    "model": "graph.edgecost",
    "pk": 243
},
{
    "fields": {
        "edge": "fd91702e606b4a8f9a991acc7936b72f",
        "cost": 1.0
    },
    "model": "graph.edgecost",
    "pk": 244
},
{
    "fields": {
        "edge": "7fb4277d5a321d466b94da5b1b439497",
        "cost": 0.5
    },
    "model": "graph.edgecost",
    "pk": 245
},
{
    "fields": {
        "edge": "c3045e93417cddbf0dc0492e0b1d194a",
        "cost": 1.0
    },
    "model": "graph.edgecost",
    "pk": 246
},
{
    "fields": {
        "edge": "f14734cc0cfe732fd7b82f50f69b5e99",
        "cost": 0.5
    },
    "model": "graph.edgecost",
    "pk": 247
},
{
    "fields": {
        "edge": "7db8b13c14b9ef7995ae891ff02b4efb",
        "cost": 0.5
    },
    "model": "graph.edgecost",
    "pk": 248
},
{
    "fields": {
        "edge": "2311a3965b1ff1fa3d522330f887cdc3",
        "cost": 0.5
    },
    "model": "graph.edgecost",
    "pk": 249
},
{
    "fields": {
        "edge": "7e427001bb28d66b4df3adc6dcb35934",
        "cost": 0.5
    },
    "model": "graph.edgecost",
    "pk": 250
},
{
    "fields": {
        "edge": "fd91702e606b4a8f9a991acc7936b72f",
        "cost": 1.0
    },
    "model": "graph.edgecost",
    "pk": 251
},
{
    "fields": {
        "edge": "7fb4277d5a321d466b94da5b1b439497",
        "cost": 0.5
    },
    "model": "graph.edgecost",
    "pk": 252
},
{
    "fields": {
        "edge": "c3045e93417cddbf0dc0492e0b1d194a",
        "cost": 1.0
    },
    "model": "graph.edgecost",
    "pk": 253
},
{
    "fields": {
        "edge": "f14734cc0cfe732fd7b82f50f69b5e99",
        "cost": 0.5
    },
    "model": "graph.edgecost",
    "pk": 254
},
{
    "fields": {
        "edge": "7db8b13c14b9ef7995ae891ff02b4efb",
        "cost": 0.5
    },
    "model": "graph.edgecost",
    "pk": 255
},
{
    "fields": {
        "edge": "2311a3965b1ff1fa3d522330f887cdc3",
        "cost": 0.5
    },
    "model": "graph.edgecost",
    "pk": 256
},
{
    "fields": {
        "edge": "7e427001bb28d66b4df3adc6dcb35934",
        "cost": 0.5
    },
    "model": "graph.edgecost",
    "pk": 257
},
{
    "fields": {
        "edge": "fd91702e606b4a8f9a991acc7936b72f",
        "cost": 1.0
    },
    "model": "graph.edgecost",
    "pk": 258
},
{
    "fields": {
        "edge": "7fb4277d5a321d466b94da5b1b439497",
        "cost": 0.5
    },
    "model": "graph.edgecost",
    "pk": 259
},
{
    "fields": {
        "edge": "c3045e93417cddbf0dc0492e0b1d194a",
        "cost": 1.0
    },
    "model": "graph.edgecost",
    "pk": 260
},
{
    "fields": {
        "edge": "f14734cc0cfe732fd7b82f50f69b5e99",
        "cost": 0.5
    },
    "model": "graph.edgecost",
    "pk": 261
},
{
    "fields": {
        "edge": "7db8b13c14b9ef7995ae891ff02b4efb",
        "cost": 0.5
    },
    "model": "graph.edgecost",
    "pk": 262
},
{
    "fields": {
        "edge": "2311a3965b1ff1fa3d522330f887cdc3",
        "cost": 0.5
    },
    "model": "graph.edgecost",
    "pk": 263
},
{
    "fields": {
        "edge": "7e427001bb28d66b4df3adc6dcb35934",
        "cost": 0.5
    },
    "model": "graph.edgecost",
    "pk": 264
},
{
    "fields": {
        "edge": "fd91702e606b4a8f9a991acc7936b72f",
        "cost": 1.0
    },
    "model": "graph.edgecost",
    "pk": 265
},
{
    "fields": {
        "edge": "7fb4277d5a321d466b94da5b1b439497",
        "cost": 0.5
    },
    "model": "graph.edgecost",
    "pk": 266
},
{
    "fields": {
        "edge": "c3045e93417cddbf0dc0492e0b1d194a",
        "cost": 1.0
    },
    "model": "graph.edgecost",
    "pk": 267
},
{
    "fields": {
        "edge": "f14734cc0cfe732fd7b82f50f69b5e99",
        "cost": 0.5
    },
    "model": "graph.edgecost",
    "pk": 268
},
{
    "fields": {
        "edge": "7db8b13c14b9ef7995ae891ff02b4efb",
        "cost": 0.5
    },
    "model": "graph.edgecost",
    "pk": 269
},
{
    "fields": {
        "edge": "2311a3965b1ff1fa3d522330f887cdc3",
        "cost": 0.5
    },
    "model": "graph.edgecost",
    "pk": 270
},
{
    "fields": {
        "edge": "7e427001bb28d66b4df3adc6dcb35934",
        "cost": 0.5
    },
    "model": "graph.edgecost",
    "pk": 271
},
{
    "fields": {
        "edge": "fd91702e606b4a8f9a991acc7936b72f",
        "cost": 1.0
    },
    "model": "graph.edgecost",
    "pk": 272
},
{
    "fields": {
        "edge": "7fb4277d5a321d466b94da5b1b439497",
        "cost": 0.5
    },
    "model": "graph.edgecost",
    "pk": 273
},
{
    "fields": {
        "edge": "c3045e93417cddbf0dc0492e0b1d194a",
        "cost": 1.0
    },
    "model": "graph.edgecost",
    "pk": 274
},
{
    "fields": {
        "edge": "f14734cc0cfe732fd7b82f50f69b5e99",
        "cost": 0.5
    },
    "model": "graph.edgecost",
    "pk": 275
},
{
    "fields": {
        "edge": "7db8b13c14b9ef7995ae891ff02b4efb",
        "cost": 0.5
    },
    "model": "graph.edgecost",
    "pk": 276
},
{
    "fields": {
        "edge": "2311a3965b1ff1fa3d522330f887cdc3",
        "cost": 0.5
    },
    "model": "graph.edgecost",
    "pk": 277
},
{
    "fields": {
        "edge": "7e427001bb28d66b4df3adc6dcb35934",
        "cost": 0.5
    },
    "model": "graph.edgecost",
    "pk": 278
},
{
    "fields": {
        "edge": "fd91702e606b4a8f9a991acc7936b72f",
        "cost": 1.0
    },
    "model": "graph.edgecost",
    "pk": 279
},
{
    "fields": {
        "edge": "7fb4277d5a321d466b94da5b1b439497",
        "cost": 0.5
    },
    "model": "graph.edgecost",
    "pk": 280
},
{
    "fields": {
        "edge": "c3045e93417cddbf0dc0492e0b1d194a",
        "cost": 1.0
    },
    "model": "graph.edgecost",
    "pk": 281
},
{
    "fields": {
        "edge": "f14734cc0cfe732fd7b82f50f69b5e99",
        "cost": 0.5
    },
    "model": "graph.edgecost",
    "pk": 282
},
{
    "fields": {
        "edge": "7db8b13c14b9ef7995ae891ff02b4efb",
        "cost": 0.5
    },
    "model": "graph.edgecost",
    "pk": 283
},
{
    "fields": {
        "edge": "2311a3965b1ff1fa3d522330f887cdc3",
        "cost": 0.5
    },
    "model": "graph.edgecost",
    "pk": 284
},
{
    "fields": {
        "edge": "7e427001bb28d66b4df3adc6dcb35934",
        "cost": 0.5
    },
    "model": "graph.edgecost",
    "pk": 285
},
{
    "fields": {
        "edge": "fd91702e606b4a8f9a991acc7936b72f",
        "cost": 1.0
    },
    "model": "graph.edgecost",
    "pk": 286
},
{
    "fields": {
        "edge": "7fb4277d5a321d466b94da5b1b439497",
        "cost": 0.5
    },
    "model": "graph.edgecost",
    "pk": 287
},
{
    "fields": {
        "edge": "c3045e93417cddbf0dc0492e0b1d194a",
        "cost": 1.0
    },
    "model": "graph.edgecost",
    "pk": 288
},
{
    "fields": {
        "edge": "f14734cc0cfe732fd7b82f50f69b5e99",
        "cost": 0.5
    },
    "model": "graph.edgecost",
    "pk": 289
},
{
    "fields": {
        "edge": "7db8b13c14b9ef7995ae891ff02b4efb",
        "cost": 0.5
    },
    "model": "graph.edgecost",
    "pk": 290
},
{
    "fields": {
        "edge": "2311a3965b1ff1fa3d522330f887cdc3",
        "cost": 0.5
    },
    "model": "graph.edgecost",
    "pk": 291
},
{
    "fields": {
        "edge": "7e427001bb28d66b4df3adc6dcb35934",
        "cost": 0.5
    },
    "model": "graph.edgecost",
    "pk": 292
},
{
    "fields": {
        "edge": "fd91702e606b4a8f9a991acc7936b72f",
        "cost": 1.0
    },
    "model": "graph.edgecost",
    "pk": 293
},
{
    "fields": {
        "edge": "7fb4277d5a321d466b94da5b1b439497",
        "cost": 0.5
    },
    "model": "graph.edgecost",
    "pk": 294
},
{
    "fields": {
        "edge": "c3045e93417cddbf0dc0492e0b1d194a",
        "cost": 1.0
    },
    "model": "graph.edgecost",
    "pk": 295
},
{
    "fields": {
        "edge": "f14734cc0cfe732fd7b82f50f69b5e99",
        "cost": 0.5
    },
    "model": "graph.edgecost",
    "pk": 296
},
{
    "fields": {
        "edge": "7db8b13c14b9ef7995ae891ff02b4efb",
        "cost": 0.5
    },
    "model": "graph.edgecost",
    "pk": 297
},
{
    "fields": {
        "edge": "2311a3965b1ff1fa3d522330f887cdc3",
        "cost": 0.5
    },
    "model": "graph.edgecost",
    "pk": 298
},
{
    "fields": {
        "edge": "7e427001bb28d66b4df3adc6dcb35934",
        "cost": 0.5
    },
    "model": "graph.edgecost",
    "pk": 299
},
{
    "fields": {
        "edge": "fd91702e606b4a8f9a991acc7936b72f",
        "cost": 1.0
    },
    "model": "graph.edgecost",
    "pk": 300
},
{
    "fields": {
        "edge": "7fb4277d5a321d466b94da5b1b439497",
        "cost": 0.5
    },
    "model": "graph.edgecost",
    "pk": 301
},
{
    "fields": {
        "edge": "c3045e93417cddbf0dc0492e0b1d194a",
        "cost": 1.0
    },
    "model": "graph.edgecost",
    "pk": 302
},
{
    "fields": {
        "edge": "f14734cc0cfe732fd7b82f50f69b5e99",
        "cost": 0.5
    },
    "model": "graph.edgecost",
    "pk": 303
},
{
    "fields": {
        "edge": "7db8b13c14b9ef7995ae891ff02b4efb",
        "cost": 0.5
    },
    "model": "graph.edgecost",
    "pk": 304
},
{
    "fields": {
        "edge": "2311a3965b1ff1fa3d522330f887cdc3",
        "cost": 0.5
    },
    "model": "graph.edgecost",
    "pk": 305
},
{
    "fields": {
        "edge": "7e427001bb28d66b4df3adc6dcb35934",
        "cost": 0.5
    },
    "model": "graph.edgecost",
    "pk": 306
},
{
    "fields": {
        "edge": "fd91702e606b4a8f9a991acc7936b72f",
        "cost": 1.0
    },
    "model": "graph.edgecost",
    "pk": 307
},
{
    "fields": {
        "edge": "7fb4277d5a321d466b94da5b1b439497",
        "cost": 0.5
    },
    "model": "graph.edgecost",
    "pk": 308
},
{
    "fields": {
        "edge": "c3045e93417cddbf0dc0492e0b1d194a",
        "cost": 1.0
    },
    "model": "graph.edgecost",
    "pk": 309
},
{
    "fields": {
        "edge": "f14734cc0cfe732fd7b82f50f69b5e99",
        "cost": 0.5
    },
    "model": "graph.edgecost",
    "pk": 310
},
{
    "fields": {
        "edge": "7db8b13c14b9ef7995ae891ff02b4efb",
        "cost": 0.5
    },
    "model": "graph.edgecost",
    "pk": 311
},
{
    "fields": {
        "edge": "2311a3965b1ff1fa3d522330f887cdc3",
        "cost": 0.5
    },
    "model": "graph.edgecost",
    "pk": 312
},
{
    "fields": {
        "edge": "7e427001bb28d66b4df3adc6dcb35934",
        "cost": 0.5
    },
    "model": "graph.edgecost",
    "pk": 313
},
{
    "fields": {
        "edge": "fd91702e606b4a8f9a991acc7936b72f",
        "cost": 1.0
    },
    "model": "graph.edgecost",
    "pk": 314
},
{
    "fields": {
        "edge": "7fb4277d5a321d466b94da5b1b439497",
        "cost": 0.5
    },
    "model": "graph.edgecost",
    "pk": 315
},
{
    "fields": {
        "edge": "c3045e93417cddbf0dc0492e0b1d194a",
        "cost": 1.0
    },
    "model": "graph.edgecost",
    "pk": 316
},
{
    "fields": {
        "edge": "f14734cc0cfe732fd7b82f50f69b5e99",
        "cost": 0.5
    },
    "model": "graph.edgecost",
    "pk": 317
},
{
    "fields": {
        "edge": "7db8b13c14b9ef7995ae891ff02b4efb",
        "cost": 0.5
    },
    "model": "graph.edgecost",
    "pk": 318
},
{
    "fields": {
        "edge": "2311a3965b1ff1fa3d522330f887cdc3",
        "cost": 0.5
    },
    "model": "graph.edgecost",
    "pk": 319
},
{
    "fields": {
        "edge": "7e427001bb28d66b4df3adc6dcb35934",
        "cost": 0.5
    },
    "model": "graph.edgecost",
    "pk": 320
},
{
    "fields": {
        "edge": "fd91702e606b4a8f9a991acc7936b72f",
        "cost": 1.0
    },
    "model": "graph.edgecost",
    "pk": 321
},
{
    "fields": {
        "edge": "7fb4277d5a321d466b94da5b1b439497",
        "cost": 0.5
    },
    "model": "graph.edgecost",
    "pk": 322
},
{
    "fields": {
        "edge": "c3045e93417cddbf0dc0492e0b1d194a",
        "cost": 1.0
    },
    "model": "graph.edgecost",
    "pk": 323
},
{
    "fields": {
        "edge": "f14734cc0cfe732fd7b82f50f69b5e99",
        "cost": 0.5
    },
    "model": "graph.edgecost",
    "pk": 324
},
{
    "fields": {
        "edge": "7db8b13c14b9ef7995ae891ff02b4efb",
        "cost": 0.5
    },
    "model": "graph.edgecost",
    "pk": 325
},
{
    "fields": {
        "edge": "2311a3965b1ff1fa3d522330f887cdc3",
        "cost": 0.5
    },
    "model": "graph.edgecost",
    "pk": 326
},
{
    "fields": {
        "edge": "7e427001bb28d66b4df3adc6dcb35934",
        "cost": 0.5
    },
    "model": "graph.edgecost",
    "pk": 327
},
{
    "fields": {
        "edge": "fd91702e606b4a8f9a991acc7936b72f",
        "cost": 1.0
    },
    "model": "graph.edgecost",
    "pk": 328
},
{
    "fields": {
        "edge": "7fb4277d5a321d466b94da5b1b439497",
        "cost": 0.5
    },
    "model": "graph.edgecost",
    "pk": 329
},
{
    "fields": {
        "edge": "c3045e93417cddbf0dc0492e0b1d194a",
        "cost": 1.0
    },
    "model": "graph.edgecost",
    "pk": 330
},
{
    "fields": {
        "edge": "f14734cc0cfe732fd7b82f50f69b5e99",
        "cost": 0.5
    },
    "model": "graph.edgecost",
    "pk": 331
},
{
    "fields": {
        "edge": "7db8b13c14b9ef7995ae891ff02b4efb",
        "cost": 0.5
    },
    "model": "graph.edgecost",
    "pk": 332
},
{
    "fields": {
        "edge": "2311a3965b1ff1fa3d522330f887cdc3",
        "cost": 0.5
    },
    "model": "graph.edgecost",
    "pk": 333
},
{
    "fields": {
        "edge": "7e427001bb28d66b4df3adc6dcb35934",
        "cost": 0.5
    },
    "model": "graph.edgecost",
    "pk": 334
},
{
    "fields": {
        "edge": "fd91702e606b4a8f9a991acc7936b72f",
        "cost": 1.0
    },
    "model": "graph.edgecost",
    "pk": 335
},
{
    "fields": {
        "edge": "7fb4277d5a321d466b94da5b1b439497",
        "cost": 0.5
    },
    "model": "graph.edgecost",
    "pk": 336
},
{
    "fields": {
        "edge": "c3045e93417cddbf0dc0492e0b1d194a",
        "cost": 1.0
    },
    "model": "graph.edgecost",
    "pk": 337
},
{
    "fields": {
        "edge": "f14734cc0cfe732fd7b82f50f69b5e99",
        "cost": 0.5
    },
    "model": "graph.edgecost",
    "pk": 338
},
{
    "fields": {
        "edge": "7db8b13c14b9ef7995ae891ff02b4efb",
        "cost": 0.5
    },
    "model": "graph.edgecost",
    "pk": 339
},
{
    "fields": {
        "edge": "2311a3965b1ff1fa3d522330f887cdc3",
        "cost": 0.5
    },
    "model": "graph.edgecost",
    "pk": 340
},
{
    "fields": {
        "edge": "7e427001bb28d66b4df3adc6dcb35934",
        "cost": 0.5
    },
    "model": "graph.edgecost",
    "pk": 341
},
{
    "fields": {
        "edge": "fd91702e606b4a8f9a991acc7936b72f",
        "cost": 1.0
    },
    "model": "graph.edgecost",
    "pk": 342
},
{
    "fields": {
        "edge": "7fb4277d5a321d466b94da5b1b439497",
        "cost": 0.5
    },
    "model": "graph.edgecost",
    "pk": 343
},
{
    "fields": {
        "edge": "c3045e93417cddbf0dc0492e0b1d194a",
        "cost": 1.0
    },
    "model": "graph.edgecost",
    "pk": 344
},
{
    "fields": {
        "edge": "f14734cc0cfe732fd7b82f50f69b5e99",
        "cost": 0.5
    },
    "model": "graph.edgecost",
    "pk": 345
},
{
    "fields": {
        "edge": "7db8b13c14b9ef7995ae891ff02b4efb",
        "cost": 0.5
    },
    "model": "graph.edgecost",
    "pk": 346
},
{
    "fields": {
        "graph": "G1",
        "edge_costs": [
            1,
            2,
            3,
            4,
            5
        ]
    },
    "model": "graph.graphcost",
    "pk": 1
},
{
    "fields": {
        "graph": "G1",
        "edge_costs": [
            6,
            7,
            8,
            9,
            10
        ]
    },
    "model": "graph.graphcost",
    "pk": 2
},
{
    "fields": {
        "graph": "G1",
        "edge_costs": [
            11,
            12,
            13,
            14,
            15
        ]
    },
    "model": "graph.graphcost",
    "pk": 3
},
{
    "fields": {
        "graph": "G1",
        "edge_costs": [
            16,
            17,
            18,
            19,
            20
        ]
    },
    "model": "graph.graphcost",
    "pk": 4
},
{
    "fields": {
        "graph": "G1",
        "edge_costs": [
            21,
            22,
            23,
            24,
            25
        ]
    },
    "model": "graph.graphcost",
    "pk": 5
},
{
    "fields": {
        "graph": "G1",
        "edge_costs": [
            26,
            27,
            28,
            29,
            30
        ]
    },
    "model": "graph.graphcost",
    "pk": 6
},
{
    "fields": {
        "graph": "G1",
        "edge_costs": [
            31,
            32,
            33,
            34,
            35
        ]
    },
    "model": "graph.graphcost",
    "pk": 7
},
{
    "fields": {
        "graph": "G1",
        "edge_costs": [
            36,
            37,
            38,
            39,
            40
        ]
    },
    "model": "graph.graphcost",
    "pk": 8
},
{
    "fields": {
        "graph": "G1",
        "edge_costs": [
            41,
            42,
            43,
            44,
            45
        ]
    },
    "model": "graph.graphcost",
    "pk": 9
},
{
    "fields": {
        "graph": "G1",
        "edge_costs": [
            46,
            47,
            48,
            49,
            50
        ]
    },
    "model": "graph.graphcost",
    "pk": 10
},
{
    "fields": {
        "graph": "G1",
        "edge_costs": [
            51,
            52,
            53,
            54,
            55
        ]
    },
    "model": "graph.graphcost",
    "pk": 11
},
{
    "fields": {
        "graph": "G1",
        "edge_costs": [
            56,
            57,
            58,
            59,
            60
        ]
    },
    "model": "graph.graphcost",
    "pk": 12
},
{
    "fields": {
        "graph": "G1",
        "edge_costs": [
            61,
            62,
            63,
            64,
            65
        ]
    },
    "model": "graph.graphcost",
    "pk": 13
},
{
    "fields": {
        "graph": "G1",
        "edge_costs": [
            66,
            67,
            68,
            69,
            70
        ]
    },
    "model": "graph.graphcost",
    "pk": 14
},
{
    "fields": {
        "graph": "G1",
        "edge_costs": [
            71,
            72,
            73,
            74,
            75
        ]
    },
    "model": "graph.graphcost",
    "pk": 15
},
{
    "fields": {
        "graph": "G1",
        "edge_costs": [
            76,
            77,
            78,
            79,
            80
        ]
    },
    "model": "graph.graphcost",
    "pk": 16
},
{
    "fields": {
        "graph": "G1",
        "edge_costs": [
            81,
            82,
            83,
            84,
            85
        ]
    },
    "model": "graph.graphcost",
    "pk": 17
},
{
    "fields": {
        "graph": "G1",
        "edge_costs": [
            86,
            87,
            88,
            89,
            90
        ]
    },
    "model": "graph.graphcost",
    "pk": 18
},
{
    "fields": {
        "graph": "G1",
        "edge_costs": [
            91,
            92,
            93,
            94,
            95
        ]
    },
    "model": "graph.graphcost",
    "pk": 19
},
{
    "fields": {
        "graph": "G1",
        "edge_costs": [
            96,
            97,
            98,
            99,
            100
        ]
    },
    "model": "graph.graphcost",
    "pk": 20
},
{
    "fields": {
        "graph": "G1",
        "edge_costs": [
            101,
            102,
            103,
            104,
            105
        ]
    },
    "model": "graph.graphcost",
    "pk": 21
},
{
    "fields": {
        "graph": "G1",
        "edge_costs": [
            106,
            107,
            108,
            109,
            110
        ]
    },
    "model": "graph.graphcost",
    "pk": 22
},
{
    "fields": {
        "graph": "G1",
        "edge_costs": [
            111,
            112,
            113,
            114,
            115
        ]
    },
    "model": "graph.graphcost",
    "pk": 23
},
{
    "fields": {
        "graph": "G1",
        "edge_costs": [
            116,
            117,
            118,
            119,
            120
        ]
    },
    "model": "graph.graphcost",
    "pk": 24
},
{
    "fields": {
        "graph": "G1",
        "edge_costs": [
            121,
            122,
            123,
            124,
            125
        ]
    },
    "model": "graph.graphcost",
    "pk": 25
},
{
    "fields": {
        "graph": "G1",
        "edge_costs": [
            126,
            127,
            128,
            129,
            130
        ]
    },
    "model": "graph.graphcost",
    "pk": 26
},
{
    "fields": {
        "graph": "G1",
        "edge_costs": [
            131,
            132,
            133,
            134,
            135
        ]
    },
    "model": "graph.graphcost",
    "pk": 27
},
{
    "fields": {
        "graph": "G1",
        "edge_costs": [
            136,
            137,
            138,
            139,
            140
        ]
    },
    "model": "graph.graphcost",
    "pk": 28
},
{
    "fields": {
        "graph": "G1",
        "edge_costs": [
            141,
            142,
            143,
            144,
            145
        ]
    },
    "model": "graph.graphcost",
    "pk": 29
},
{
    "fields": {
        "graph": "G1",
        "edge_costs": [
            146,
            147,
            148,
            149,
            150
        ]
    },
    "model": "graph.graphcost",
    "pk": 30
},
{
    "fields": {
        "graph": "G1",
        "edge_costs": [
            151,
            152,
            153,
            154,
            155
        ]
    },
    "model": "graph.graphcost",
    "pk": 31
},
{
    "fields": {
        "graph": "G1",
        "edge_costs": [
            156,
            157,
            158,
            159,
            160
        ]
    },
    "model": "graph.graphcost",
    "pk": 32
},
{
    "fields": {
        "graph": "G1",
        "edge_costs": [
            161,
            162,
            163,
            164,
            165
        ]
    },
    "model": "graph.graphcost",
    "pk": 33
},
{
    "fields": {
        "graph": "G1",
        "edge_costs": [
            166,
            167,
            168,
            169,
            170
        ]
    },
    "model": "graph.graphcost",
    "pk": 34
},
{
    "fields": {
        "graph": "G1",
        "edge_costs": [
            171,
            172,
            173,
            174,
            175
        ]
    },
    "model": "graph.graphcost",
    "pk": 35
},
{
    "fields": {
        "graph": "G1",
        "edge_costs": [
            176,
            177,
            178,
            179,
            180
        ]
    },
    "model": "graph.graphcost",
    "pk": 36
},
{
    "fields": {
        "graph": "G1",
        "edge_costs": [
            181,
            182,
            183,
            184,
            185
        ]
    },
    "model": "graph.graphcost",
    "pk": 37
},
{
    "fields": {
        "graph": "G1",
        "edge_costs": [
            186,
            187,
            188,
            189,
            190
        ]
    },
    "model": "graph.graphcost",
    "pk": 38
},
{
    "fields": {
        "graph": "G1",
        "edge_costs": [
            191,
            192,
            193,
            194,
            195
        ]
    },
    "model": "graph.graphcost",
    "pk": 39
},
{
    "fields": {
        "graph": "G1",
        "edge_costs": [
            196,
            197,
            198,
            199,
            200
        ]
    },
    "model": "graph.graphcost",
    "pk": 40
},
{
    "fields": {
        "graph": "G1",
        "edge_costs": [
            201,
            202,
            203,
            204,
            205
        ]
    },
    "model": "graph.graphcost",
    "pk": 41
},
{
    "fields": {
        "graph": "G1",
        "edge_costs": [
            206,
            207,
            208,
            209,
            210
        ]
    },
    "model": "graph.graphcost",
    "pk": 42
},
{
    "fields": {
        "graph": "G1",
        "edge_costs": [
            211,
            212,
            213,
            214,
            215
        ]
    },
    "model": "graph.graphcost",
    "pk": 43
},
{
    "fields": {
        "graph": "G1",
        "edge_costs": [
            216,
            217,
            218,
            219,
            220
        ]
    },
    "model": "graph.graphcost",
    "pk": 44
},
{
    "fields": {
        "graph": "G4",
        "edge_costs": [
            221,
            222,
            223,
            224,
            225,
            226,
            227
        ]
    },
    "model": "graph.graphcost",
    "pk": 45
},
{
    "fields": {
        "graph": "G4",
        "edge_costs": [
            228,
            229,
            230,
            231,
            232,
            233,
            234
        ]
    },
    "model": "graph.graphcost",
    "pk": 46
},
{
    "fields": {
        "graph": "G4",
        "edge_costs": [
            235,
            236,
            237,
            238,
            239,
            240,
            241
        ]
    },
    "model": "graph.graphcost",
    "pk": 47
},
{
    "fields": {
        "graph": "G4",
        "edge_costs": [
            242,
            243,
            244,
            245,
            246,
            247,
            248
        ]
    },
    "model": "graph.graphcost",
    "pk": 48
},
{
    "fields": {
        "graph": "G4",
        "edge_costs": [
            249,
            250,
            251,
            252,
            253,
            254,
            255
        ]
    },
    "model": "graph.graphcost",
    "pk": 49
},
{
    "fields": {
        "graph": "G4",
        "edge_costs": [
            256,
            257,
            258,
            259,
            260,
            261,
            262
        ]
    },
    "model": "graph.graphcost",
    "pk": 50
},
{
    "fields": {
        "graph": "G4",
        "edge_costs": [
            263,
            264,
            265,
            266,
            267,
            268,
            269
        ]
    },
    "model": "graph.graphcost",
    "pk": 51
},
{
    "fields": {
        "graph": "G4",
        "edge_costs": [
            270,
            271,
            272,
            273,
            274,
            275,
            276
        ]
    },
    "model": "graph.graphcost",
    "pk": 52
},
{
    "fields": {
        "graph": "G4",
        "edge_costs": [
            277,
            278,
            279,
            280,
            281,
            282,
            283
        ]
    },
    "model": "graph.graphcost",
    "pk": 53
},
{
    "fields": {
        "graph": "G4",
        "edge_costs": [
            284,
            285,
            286,
            287,
            288,
            289,
            290
        ]
    },
    "model": "graph.graphcost",
    "pk": 54
},
{
    "fields": {
        "graph": "G4",
        "edge_costs": [
            291,
            292,
            293,
            294,
            295,
            296,
            297
        ]
    },
    "model": "graph.graphcost",
    "pk": 55
},
{
    "fields": {
        "graph": "G4",
        "edge_costs": [
            298,
            299,
            300,
            301,
            302,
            303,
            304
        ]
    },
    "model": "graph.graphcost",
    "pk": 56
},
{
    "fields": {
        "graph": "G4",
        "edge_costs": [
            305,
            306,
            307,
            308,
            309,
            310,
            311
        ]
    },
    "model": "graph.graphcost",
    "pk": 57
},
{
    "fields": {
        "graph": "G4",
        "edge_costs": [
            312,
            313,
            314,
            315,
            316,
            317,
            318
        ]
    },
    "model": "graph.graphcost",
    "pk": 58
},
{
    "fields": {
        "graph": "G4",
        "edge_costs": [
            319,
            320,
            321,
            322,
            323,
            324,
            325
        ]
    },
    "model": "graph.graphcost",
    "pk": 59
},
{
    "fields": {
        "graph": "G4",
        "edge_costs": [
            326,
            327,
            328,
            329,
            330,
            331,
            332
        ]
    },
    "model": "graph.graphcost",
    "pk": 60
},
{
    "fields": {
        "graph": "G4",
        "edge_costs": [
            333,
            334,
            335,
            336,
            337,
            338,
            339
        ]
    },
    "model": "graph.graphcost",
    "pk": 61
},
{
    "fields": {
        "graph": "G4",
        "edge_costs": [
            340,
            341,
            342,
            343,
            344,
            345,
            346
        ]
    },
    "model": "graph.graphcost",
    "pk": 62
},
{
    "fields": {
        "current_turn": 46,
        "single_slider_mode": false,
        "started": true,
        "graph": "G2",
        "game_loop_time": "2016-04-06T22:10:19.409Z",
        "edge_highlight": true,
        "stopped": true,
        "turns": [
            1,
            2,
            3,
            4,
            5,
            6,
            7,
            8,
            9,
            10,
            11,
            12,
            13,
            14,
            15,
            16,
            17,
            18,
            19,
            20,
            21,
            22,
            23,
            24,
            25,
            26,
            27,
            28,
            29,
            30,
            31,
            32,
            33,
            34,
            35,
            36,
            37,
            38,
            39,
            40,
            41,
            42,
            43,
            44
        ],
        "duration": 5
    },
    "model": "graph.game",
    "pk": "game"
},
{
    "fields": {
        "current_turn": 68,
        "single_slider_mode": false,
        "started": true,
        "graph": "G4",
        "game_loop_time": "2016-04-06T22:42:49.683Z",
        "edge_highlight": true,
        "stopped": false,
        "turns": [
            50,
            51,
            52,
            53,
            54,
            55,
            56,
            57,
            58,
            59,
            60,
            61,
            62,
            63,
            64,
            65,
            66,
            67
        ],
        "duration": 5
    },
    "model": "graph.game",
    "pk": "game_2"
},
{
    "fields": {
        "codename": "add_permission",
        "name": "Can add permission",
        "content_type": 1
    },
    "model": "auth.permission",
    "pk": 1
},
{
    "fields": {
        "codename": "change_permission",
        "name": "Can change permission",
        "content_type": 1
    },
    "model": "auth.permission",
    "pk": 2
},
{
    "fields": {
        "codename": "delete_permission",
        "name": "Can delete permission",
        "content_type": 1
    },
    "model": "auth.permission",
    "pk": 3
},
{
    "fields": {
        "codename": "add_group",
        "name": "Can add group",
        "content_type": 2
    },
    "model": "auth.permission",
    "pk": 4
},
{
    "fields": {
        "codename": "change_group",
        "name": "Can change group",
        "content_type": 2
    },
    "model": "auth.permission",
    "pk": 5
},
{
    "fields": {
        "codename": "delete_group",
        "name": "Can delete group",
        "content_type": 2
    },
    "model": "auth.permission",
    "pk": 6
},
{
    "fields": {
        "codename": "add_user",
        "name": "Can add user",
        "content_type": 3
    },
    "model": "auth.permission",
    "pk": 7
},
{
    "fields": {
        "codename": "change_user",
        "name": "Can change user",
        "content_type": 3
    },
    "model": "auth.permission",
    "pk": 8
},
{
    "fields": {
        "codename": "delete_user",
        "name": "Can delete user",
        "content_type": 3
    },
    "model": "auth.permission",
    "pk": 9
},
{
    "fields": {
        "codename": "add_contenttype",
        "name": "Can add content type",
        "content_type": 4
    },
    "model": "auth.permission",
    "pk": 10
},
{
    "fields": {
        "codename": "change_contenttype",
        "name": "Can change content type",
        "content_type": 4
    },
    "model": "auth.permission",
    "pk": 11
},
{
    "fields": {
        "codename": "delete_contenttype",
        "name": "Can delete content type",
        "content_type": 4
    },
    "model": "auth.permission",
    "pk": 12
},
{
    "fields": {
        "codename": "add_session",
        "name": "Can add session",
        "content_type": 5
    },
    "model": "auth.permission",
    "pk": 13
},
{
    "fields": {
        "codename": "change_session",
        "name": "Can change session",
        "content_type": 5
    },
    "model": "auth.permission",
    "pk": 14
},
{
    "fields": {
        "codename": "delete_session",
        "name": "Can delete session",
        "content_type": 5
    },
    "model": "auth.permission",
    "pk": 15
},
{
    "fields": {
        "codename": "add_taskmeta",
        "name": "Can add task state",
        "content_type": 6
    },
    "model": "auth.permission",
    "pk": 16
},
{
    "fields": {
        "codename": "change_taskmeta",
        "name": "Can change task state",
        "content_type": 6
    },
    "model": "auth.permission",
    "pk": 17
},
{
    "fields": {
        "codename": "delete_taskmeta",
        "name": "Can delete task state",
        "content_type": 6
    },
    "model": "auth.permission",
    "pk": 18
},
{
    "fields": {
        "codename": "add_tasksetmeta",
        "name": "Can add saved group result",
        "content_type": 7
    },
    "model": "auth.permission",
    "pk": 19
},
{
    "fields": {
        "codename": "change_tasksetmeta",
        "name": "Can change saved group result",
        "content_type": 7
    },
    "model": "auth.permission",
    "pk": 20
},
{
    "fields": {
        "codename": "delete_tasksetmeta",
        "name": "Can delete saved group result",
        "content_type": 7
    },
    "model": "auth.permission",
    "pk": 21
},
{
    "fields": {
        "codename": "add_intervalschedule",
        "name": "Can add interval",
        "content_type": 8
    },
    "model": "auth.permission",
    "pk": 22
},
{
    "fields": {
        "codename": "change_intervalschedule",
        "name": "Can change interval",
        "content_type": 8
    },
    "model": "auth.permission",
    "pk": 23
},
{
    "fields": {
        "codename": "delete_intervalschedule",
        "name": "Can delete interval",
        "content_type": 8
    },
    "model": "auth.permission",
    "pk": 24
},
{
    "fields": {
        "codename": "add_crontabschedule",
        "name": "Can add crontab",
        "content_type": 9
    },
    "model": "auth.permission",
    "pk": 25
},
{
    "fields": {
        "codename": "change_crontabschedule",
        "name": "Can change crontab",
        "content_type": 9
    },
    "model": "auth.permission",
    "pk": 26
},
{
    "fields": {
        "codename": "delete_crontabschedule",
        "name": "Can delete crontab",
        "content_type": 9
    },
    "model": "auth.permission",
    "pk": 27
},
{
    "fields": {
        "codename": "add_periodictasks",
        "name": "Can add periodic tasks",
        "content_type": 10
    },
    "model": "auth.permission",
    "pk": 28
},
{
    "fields": {
        "codename": "change_periodictasks",
        "name": "Can change periodic tasks",
        "content_type": 10
    },
    "model": "auth.permission",
    "pk": 29
},
{
    "fields": {
        "codename": "delete_periodictasks",
        "name": "Can delete periodic tasks",
        "content_type": 10
    },
    "model": "auth.permission",
    "pk": 30
},
{
    "fields": {
        "codename": "add_periodictask",
        "name": "Can add periodic task",
        "content_type": 11
    },
    "model": "auth.permission",
    "pk": 31
},
{
    "fields": {
        "codename": "change_periodictask",
        "name": "Can change periodic task",
        "content_type": 11
    },
    "model": "auth.permission",
    "pk": 32
},
{
    "fields": {
        "codename": "delete_periodictask",
        "name": "Can delete periodic task",
        "content_type": 11
    },
    "model": "auth.permission",
    "pk": 33
},
{
    "fields": {
        "codename": "add_workerstate",
        "name": "Can add worker",
        "content_type": 12
    },
    "model": "auth.permission",
    "pk": 34
},
{
    "fields": {
        "codename": "change_workerstate",
        "name": "Can change worker",
        "content_type": 12
    },
    "model": "auth.permission",
    "pk": 35
},
{
    "fields": {
        "codename": "delete_workerstate",
        "name": "Can delete worker",
        "content_type": 12
    },
    "model": "auth.permission",
    "pk": 36
},
{
    "fields": {
        "codename": "add_taskstate",
        "name": "Can add task",
        "content_type": 13
    },
    "model": "auth.permission",
    "pk": 37
},
{
    "fields": {
        "codename": "change_taskstate",
        "name": "Can change task",
        "content_type": 13
    },
    "model": "auth.permission",
    "pk": 38
},
{
    "fields": {
        "codename": "delete_taskstate",
        "name": "Can delete task",
        "content_type": 13
    },
    "model": "auth.permission",
    "pk": 39
},
{
    "fields": {
        "codename": "add_user",
        "name": "Can add user",
        "content_type": 14
    },
    "model": "auth.permission",
    "pk": 40
},
{
    "fields": {
        "codename": "change_user",
        "name": "Can change user",
        "content_type": 14
    },
    "model": "auth.permission",
    "pk": 41
},
{
    "fields": {
        "codename": "delete_user",
        "name": "Can delete user",
        "content_type": 14
    },
    "model": "auth.permission",
    "pk": 42
},
{
    "fields": {
        "codename": "add_graph",
        "name": "Can add graph",
        "content_type": 15
    },
    "model": "auth.permission",
    "pk": 43
},
{
    "fields": {
        "codename": "change_graph",
        "name": "Can change graph",
        "content_type": 15
    },
    "model": "auth.permission",
    "pk": 44
},
{
    "fields": {
        "codename": "delete_graph",
        "name": "Can delete graph",
        "content_type": 15
    },
    "model": "auth.permission",
    "pk": 45
},
{
    "fields": {
        "codename": "add_node",
        "name": "Can add node",
        "content_type": 16
    },
    "model": "auth.permission",
    "pk": 46
},
{
    "fields": {
        "codename": "change_node",
        "name": "Can change node",
        "content_type": 16
    },
    "model": "auth.permission",
    "pk": 47
},
{
    "fields": {
        "codename": "delete_node",
        "name": "Can delete node",
        "content_type": 16
    },
    "model": "auth.permission",
    "pk": 48
},
{
    "fields": {
        "codename": "add_playermodel",
        "name": "Can add player model",
        "content_type": 17
    },
    "model": "auth.permission",
    "pk": 49
},
{
    "fields": {
        "codename": "change_playermodel",
        "name": "Can change player model",
        "content_type": 17
    },
    "model": "auth.permission",
    "pk": 50
},
{
    "fields": {
        "codename": "delete_playermodel",
        "name": "Can delete player model",
        "content_type": 17
    },
    "model": "auth.permission",
    "pk": 51
},
{
    "fields": {
        "codename": "add_player",
        "name": "Can add player",
        "content_type": 18
    },
    "model": "auth.permission",
    "pk": 52
},
{
    "fields": {
        "codename": "change_player",
        "name": "Can change player",
        "content_type": 18
    },
    "model": "auth.permission",
    "pk": 53
},
{
    "fields": {
        "codename": "delete_player",
        "name": "Can delete player",
        "content_type": 18
    },
    "model": "auth.permission",
    "pk": 54
},
{
    "fields": {
        "codename": "add_edge",
        "name": "Can add edge",
        "content_type": 19
    },
    "model": "auth.permission",
    "pk": 55
},
{
    "fields": {
        "codename": "change_edge",
        "name": "Can change edge",
        "content_type": 19
    },
    "model": "auth.permission",
    "pk": 56
},
{
    "fields": {
        "codename": "delete_edge",
        "name": "Can delete edge",
        "content_type": 19
    },
    "model": "auth.permission",
    "pk": 57
},
{
    "fields": {
        "codename": "add_path",
        "name": "Can add path",
        "content_type": 20
    },
    "model": "auth.permission",
    "pk": 58
},
{
    "fields": {
        "codename": "change_path",
        "name": "Can change path",
        "content_type": 20
    },
    "model": "auth.permission",
    "pk": 59
},
{
    "fields": {
        "codename": "delete_path",
        "name": "Can delete path",
        "content_type": 20
    },
    "model": "auth.permission",
    "pk": 60
},
{
    "fields": {
        "codename": "add_pathflowassignment",
        "name": "Can add path flow assignment",
        "content_type": 21
    },
    "model": "auth.permission",
    "pk": 61
},
{
    "fields": {
        "codename": "change_pathflowassignment",
        "name": "Can change path flow assignment",
        "content_type": 21
    },
    "model": "auth.permission",
    "pk": 62
},
{
    "fields": {
        "codename": "delete_pathflowassignment",
        "name": "Can delete path flow assignment",
        "content_type": 21
    },
    "model": "auth.permission",
    "pk": 63
},
{
    "fields": {
        "codename": "add_gameturn",
        "name": "Can add game turn",
        "content_type": 22
    },
    "model": "auth.permission",
    "pk": 64
},
{
    "fields": {
        "codename": "change_gameturn",
        "name": "Can change game turn",
        "content_type": 22
    },
    "model": "auth.permission",
    "pk": 65
},
{
    "fields": {
        "codename": "delete_gameturn",
        "name": "Can delete game turn",
        "content_type": 22
    },
    "model": "auth.permission",
    "pk": 66
},
{
    "fields": {
        "codename": "add_flowdistribution",
        "name": "Can add flow distribution",
        "content_type": 23
    },
    "model": "auth.permission",
    "pk": 67
},
{
    "fields": {
        "codename": "change_flowdistribution",
        "name": "Can change flow distribution",
        "content_type": 23
    },
    "model": "auth.permission",
    "pk": 68
},
{
    "fields": {
        "codename": "delete_flowdistribution",
        "name": "Can delete flow distribution",
        "content_type": 23
    },
    "model": "auth.permission",
    "pk": 69
},
{
    "fields": {
        "codename": "add_learningrate",
        "name": "Can add learning rate",
        "content_type": 24
    },
    "model": "auth.permission",
    "pk": 70
},
{
    "fields": {
        "codename": "change_learningrate",
        "name": "Can change learning rate",
        "content_type": 24
    },
    "model": "auth.permission",
    "pk": 71
},
{
    "fields": {
        "codename": "delete_learningrate",
        "name": "Can delete learning rate",
        "content_type": 24
    },
    "model": "auth.permission",
    "pk": 72
},
{
    "fields": {
        "codename": "add_edgecost",
        "name": "Can add edge cost",
        "content_type": 25
    },
    "model": "auth.permission",
    "pk": 73
},
{
    "fields": {
        "codename": "change_edgecost",
        "name": "Can change edge cost",
        "content_type": 25
    },
    "model": "auth.permission",
    "pk": 74
},
{
    "fields": {
        "codename": "delete_edgecost",
        "name": "Can delete edge cost",
        "content_type": 25
    },
    "model": "auth.permission",
    "pk": 75
},
{
    "fields": {
        "codename": "add_graphcost",
        "name": "Can add graph cost",
        "content_type": 26
    },
    "model": "auth.permission",
    "pk": 76
},
{
    "fields": {
        "codename": "change_graphcost",
        "name": "Can change graph cost",
        "content_type": 26
    },
    "model": "auth.permission",
    "pk": 77
},
{
    "fields": {
        "codename": "delete_graphcost",
        "name": "Can delete graph cost",
        "content_type": 26
    },
    "model": "auth.permission",
    "pk": 78
},
{
    "fields": {
        "codename": "add_game",
        "name": "Can add game",
        "content_type": 27
    },
    "model": "auth.permission",
    "pk": 79
},
{
    "fields": {
        "codename": "change_game",
        "name": "Can change game",
        "content_type": 27
    },
    "model": "auth.permission",
    "pk": 80
},
{
    "fields": {
        "codename": "delete_game",
        "name": "Can delete game",
        "content_type": 27
    },
    "model": "auth.permission",
    "pk": 81
},
{
    "fields": {
        "codename": "add_request",
        "name": "Can add request",
        "content_type": 28
    },
    "model": "auth.permission",
    "pk": 82
},
{
    "fields": {
        "codename": "change_request",
        "name": "Can change request",
        "content_type": 28
    },
    "model": "auth.permission",
    "pk": 83
},
{
    "fields": {
        "codename": "delete_request",
        "name": "Can delete request",
        "content_type": 28
    },
    "model": "auth.permission",
    "pk": 84
},
{
    "fields": {
        "codename": "add_response",
        "name": "Can add response",
        "content_type": 29
    },
    "model": "auth.permission",
    "pk": 85
},
{
    "fields": {
        "codename": "change_response",
        "name": "Can change response",
        "content_type": 29
    },
    "model": "auth.permission",
    "pk": 86
},
{
    "fields": {
        "codename": "delete_response",
        "name": "Can delete response",
        "content_type": 29
    },
    "model": "auth.permission",
    "pk": 87
},
{
    "fields": {
        "codename": "add_sqlquery",
        "name": "Can add sql query",
        "content_type": 30
    },
    "model": "auth.permission",
    "pk": 88
},
{
    "fields": {
        "codename": "change_sqlquery",
        "name": "Can change sql query",
        "content_type": 30
    },
    "model": "auth.permission",
    "pk": 89
},
{
    "fields": {
        "codename": "delete_sqlquery",
        "name": "Can delete sql query",
        "content_type": 30
    },
    "model": "auth.permission",
    "pk": 90
},
{
    "fields": {
        "codename": "add_profile",
        "name": "Can add profile",
        "content_type": 31
    },
    "model": "auth.permission",
    "pk": 91
},
{
    "fields": {
        "codename": "change_profile",
        "name": "Can change profile",
        "content_type": 31
    },
    "model": "auth.permission",
    "pk": 92
},
{
    "fields": {
        "codename": "delete_profile",
        "name": "Can delete profile",
        "content_type": 31
    },
    "model": "auth.permission",
    "pk": 93
},
{
    "fields": {
        "username": "admin",
        "first_name": "",
        "last_name": "",
        "is_active": true,
        "is_superuser": false,
        "is_staff": false,
        "last_login": "2016-04-06T21:59:42.857Z",
        "groups": [],
        "user_permissions": [],
        "password": "pbkdf2_sha256$15000$QRvb8soh5ajs$k+GxYWMvlPFVFJBr9mGiwBRcESOKKZdXGWu+C9bU2cA=",
        "email": "",
        "date_joined": "2016-04-06T21:59:40.914Z"
    },
    "model": "auth.user",
    "pk": 1
},
{
    "fields": {
        "username": "player_1",
        "first_name": "",
        "last_name": "",
        "is_active": true,
        "is_superuser": false,
        "is_staff": false,
        "last_login": "2016-04-06T22:02:05.737Z",
        "groups": [],
        "user_permissions": [],
        "password": "pbkdf2_sha256$15000$HGNwxMELB2BC$1yGgevpUCQrMivEGbacsRWJ+judQ8n1x8Tb7eNFFTMo=",
        "email": "",
        "date_joined": "2016-04-06T22:01:59.907Z"
    },
    "model": "auth.user",
    "pk": 2
},
{
    "fields": {
        "username": "player_2",
        "first_name": "",
        "last_name": "",
        "is_active": true,
        "is_superuser": false,
        "is_staff": false,
        "last_login": "2016-04-06T22:05:41.071Z",
        "groups": [],
        "user_permissions": [],
        "password": "pbkdf2_sha256$15000$ggaP9MTcliK7$GqqoiVfwhabQX3rRECXjmEiK0+ykFYgqaDZJIyW5L68=",
        "email": "",
        "date_joined": "2016-04-06T22:03:47.042Z"
    },
    "model": "auth.user",
    "pk": 3
},
{
    "fields": {
        "username": "player_3",
        "first_name": "",
        "last_name": "",
        "is_active": true,
        "is_superuser": false,
        "is_staff": false,
        "last_login": "2016-04-06T22:08:25.749Z",
        "groups": [],
        "user_permissions": [],
        "password": "pbkdf2_sha256$15000$Zrv0ulkPaU3r$OE67tt87Q0F/v4SzuU1jOJiAm6K2RVhKlHf0cZmHyKo=",
        "email": "",
        "date_joined": "2016-04-06T22:04:02.964Z"
    },
    "model": "auth.user",
    "pk": 4
},
{
    "fields": {
        "superuser": true,
        "game": "game",
        "user": 1,
        "player_model": null
    },
    "model": "graph.player",
    "pk": 1
},
{
    "fields": {
        "superuser": false,
        "game": "game_2",
        "user": 2,
        "player_model": "PM1"
    },
    "model": "graph.player",
    "pk": 2
},
{
    "fields": {
        "superuser": false,
        "game": "game_2",
        "user": 3,
        "player_model": "PM2"
    },
    "model": "graph.player",
    "pk": 3
},
{
    "fields": {
        "superuser": false,
        "game": "game_2",
        "user": 4,
        "player_model": null
    },
    "model": "graph.player",
    "pk": 4
}
]
