[{"fields": {"model": "permission", "name": "permission", "app_label": "auth"}, "model": "contenttypes.contenttype", "pk": 1}, {"fields": {"model": "group", "name": "group", "app_label": "auth"}, "model": "contenttypes.contenttype", "pk": 2}, {"fields": {"model": "user", "name": "user", "app_label": "auth"}, "model": "contenttypes.contenttype", "pk": 3}, {"fields": {"model": "contenttype", "name": "content type", "app_label": "contenttypes"}, "model": "contenttypes.contenttype", "pk": 4}, {"fields": {"model": "session", "name": "session", "app_label": "sessions"}, "model": "contenttypes.contenttype", "pk": 5}, {"fields": {"model": "taskmeta", "name": "task state", "app_label": "djcelery"}, "model": "contenttypes.contenttype", "pk": 6}, {"fields": {"model": "tasksetmeta", "name": "saved group result", "app_label": "djcelery"}, "model": "contenttypes.contenttype", "pk": 7}, {"fields": {"model": "intervalschedule", "name": "interval", "app_label": "djcelery"}, "model": "contenttypes.contenttype", "pk": 8}, {"fields": {"model": "crontabschedule", "name": "crontab", "app_label": "djcelery"}, "model": "contenttypes.contenttype", "pk": 9}, {"fields": {"model": "periodictasks", "name": "periodic tasks", "app_label": "djcelery"}, "model": "contenttypes.contenttype", "pk": 10}, {"fields": {"model": "periodictask", "name": "periodic task", "app_label": "djcelery"}, "model": "contenttypes.contenttype", "pk": 11}, {"fields": {"model": "workerstate", "name": "worker", "app_label": "djcelery"}, "model": "contenttypes.contenttype", "pk": 12}, {"fields": {"model": "taskstate", "name": "task", "app_label": "djcelery"}, "model": "contenttypes.contenttype", "pk": 13}, {"fields": {"model": "user", "name": "user", "app_label": "id_counter"}, "model": "contenttypes.contenttype", "pk": 14}, {"fields": {"model": "graph", "name": "graph", "app_label": "graph"}, "model": "contenttypes.contenttype", "pk": 15}, {"fields": {"model": "node", "name": "node", "app_label": "graph"}, "model": "contenttypes.contenttype", "pk": 16}, {"fields": {"model": "playermodel", "name": "player model", "app_label": "graph"}, "model": "contenttypes.contenttype", "pk": 17}, {"fields": {"model": "player", "name": "player", "app_label": "graph"}, "model": "contenttypes.contenttype", "pk": 18}, {"fields": {"model": "edge", "name": "edge", "app_label": "graph"}, "model": "contenttypes.contenttype", "pk": 19}, {"fields": {"model": "path", "name": "path", "app_label": "graph"}, "model": "contenttypes.contenttype", "pk": 20}, {"fields": {"model": "pathflowassignment", "name": "path flow assignment", "app_label": "graph"}, "model": "contenttypes.contenttype", "pk": 21}, {"fields": {"model": "pathtotalflowandcosts", "name": "path total flow and costs", "app_label": "graph"}, "model": "contenttypes.contenttype", "pk": 22}, {"fields": {"model": "gameturn", "name": "game turn", "app_label": "graph"}, "model": "contenttypes.contenttype", "pk": 23}, {"fields": {"model": "flowdistribution", "name": "flow distribution", "app_label": "graph"}, "model": "contenttypes.contenttype", "pk": 24}, {"fields": {"model": "learningrate", "name": "learning rate", "app_label": "graph"}, "model": "contenttypes.contenttype", "pk": 25}, {"fields": {"model": "edgecost", "name": "edge cost", "app_label": "graph"}, "model": "contenttypes.contenttype", "pk": 26}, {"fields": {"model": "graphcost", "name": "graph cost", "app_label": "graph"}, "model": "contenttypes.contenttype", "pk": 27}, {"fields": {"model": "game", "name": "game", "app_label": "graph"}, "model": "contenttypes.contenttype", "pk": 28}, {"fields": {"model": "request", "name": "request", "app_label": "silk"}, "model": "contenttypes.contenttype", "pk": 29}, {"fields": {"model": "response", "name": "response", "app_label": "silk"}, "model": "contenttypes.contenttype", "pk": 30}, {"fields": {"model": "sqlquery", "name": "sql query", "app_label": "silk"}, "model": "contenttypes.contenttype", "pk": 31}, {"fields": {"model": "profile", "name": "profile", "app_label": "silk"}, "model": "contenttypes.contenttype", "pk": 32}, {"fields": {"expire_date": "2016-07-15T20:57:46.327Z", "session_data": "ZjRlMWI5OTgxZDA3OTlmNzczNjgxOTg0YjMyMmFhM2NiNmJiNzE5MDp7fQ=="}, "model": "sessions.session", "pk": "0i6k88bhbxrz0482jyiwug2tqcuq55un"}, {"fields": {"expire_date": "2016-07-15T20:57:20.458Z", "session_data": "ZjRlMWI5OTgxZDA3OTlmNzczNjgxOTg0YjMyMmFhM2NiNmJiNzE5MDp7fQ=="}, "model": "sessions.session", "pk": "0nx304qoxohu9qfewytfzjhgv4a4kc6g"}, {"fields": {"expire_date": "2016-07-15T20:57:38.857Z", "session_data": "ZjRlMWI5OTgxZDA3OTlmNzczNjgxOTg0YjMyMmFhM2NiNmJiNzE5MDp7fQ=="}, "model": "sessions.session", "pk": "0o00cu5rtvzxcg1wnu1ld87iv6w8fcz7"}, {"fields": {"expire_date": "2016-07-15T20:57:26.872Z", "session_data": "ZjRlMWI5OTgxZDA3OTlmNzczNjgxOTg0YjMyMmFhM2NiNmJiNzE5MDp7fQ=="}, "model": "sessions.session", "pk": "0sfm6hik9hzr4wk072hwvfyj1ph31l0m"}, {"fields": {"expire_date": "2016-07-15T20:57:36.126Z", "session_data": "ZjRlMWI5OTgxZDA3OTlmNzczNjgxOTg0YjMyMmFhM2NiNmJiNzE5MDp7fQ=="}, "model": "sessions.session", "pk": "0vgbkxt5va2l6c2ffdowmvs7id61phl8"}, {"fields": {"expire_date": "2016-07-15T20:57:45.657Z", "session_data": "ZjRlMWI5OTgxZDA3OTlmNzczNjgxOTg0YjMyMmFhM2NiNmJiNzE5MDp7fQ=="}, "model": "sessions.session", "pk": "11hx1ayiio1i0wlkl0cild61b6s9k5dx"}, {"fields": {"expire_date": "2016-07-15T20:57:32.009Z", "session_data": "ZjRlMWI5OTgxZDA3OTlmNzczNjgxOTg0YjMyMmFhM2NiNmJiNzE5MDp7fQ=="}, "model": "sessions.session", "pk": "19y6pdl1izjs43v812yduxavs6741yut"}, {"fields": {"expire_date": "2016-07-15T20:57:36.036Z", "session_data": "ZjRlMWI5OTgxZDA3OTlmNzczNjgxOTg0YjMyMmFhM2NiNmJiNzE5MDp7fQ=="}, "model": "sessions.session", "pk": "1pnujopyaxyvxvsf7aqxj8ski02ra2k4"}, {"fields": {"expire_date": "2016-07-15T20:57:43.080Z", "session_data": "ZjRlMWI5OTgxZDA3OTlmNzczNjgxOTg0YjMyMmFhM2NiNmJiNzE5MDp7fQ=="}, "model": "sessions.session", "pk": "1ynzurbwfkqvux11v20ndat5aojzehjs"}, {"fields": {"expire_date": "2016-07-15T20:57:44.590Z", "session_data": "ZjRlMWI5OTgxZDA3OTlmNzczNjgxOTg0YjMyMmFhM2NiNmJiNzE5MDp7fQ=="}, "model": "sessions.session", "pk": "1z5ti8ggq6rnosz4oxy364mkj3ckjms6"}, {"fields": {"expire_date": "2016-07-15T20:57:32.027Z", "session_data": "ZjRlMWI5OTgxZDA3OTlmNzczNjgxOTg0YjMyMmFhM2NiNmJiNzE5MDp7fQ=="}, "model": "sessions.session", "pk": "21nizsaxcs921wx6q4iz4l33qsis6eno"}, {"fields": {"expire_date": "2016-07-15T20:57:33.623Z", "session_data": "ZjRlMWI5OTgxZDA3OTlmNzczNjgxOTg0YjMyMmFhM2NiNmJiNzE5MDp7fQ=="}, "model": "sessions.session", "pk": "263t7tzy9a64p4lljk0c3v97ktrjn7hq"}, {"fields": {"expire_date": "2016-07-15T20:57:33.530Z", "session_data": "ZjRlMWI5OTgxZDA3OTlmNzczNjgxOTg0YjMyMmFhM2NiNmJiNzE5MDp7fQ=="}, "model": "sessions.session", "pk": "288df8e007iog9a9qb00vc696buvqsal"}, {"fields": {"expire_date": "2016-07-15T20:57:48.758Z", "session_data": "ZjRlMWI5OTgxZDA3OTlmNzczNjgxOTg0YjMyMmFhM2NiNmJiNzE5MDp7fQ=="}, "model": "sessions.session", "pk": "2e7m1b0k8k8kn2xpu0jux4qh0a2om5hi"}, {"fields": {"expire_date": "2016-07-15T20:57:41.646Z", "session_data": "ZjRlMWI5OTgxZDA3OTlmNzczNjgxOTg0YjMyMmFhM2NiNmJiNzE5MDp7fQ=="}, "model": "sessions.session", "pk": "2n2umzfffiiyhtkgb04ztnbhqhqfce8a"}, {"fields": {"expire_date": "2016-07-15T20:57:21.404Z", "session_data": "ZjRlMWI5OTgxZDA3OTlmNzczNjgxOTg0YjMyMmFhM2NiNmJiNzE5MDp7fQ=="}, "model": "sessions.session", "pk": "2whagp9y2l2x3p9wwe56uqx574intk3c"}, {"fields": {"expire_date": "2016-07-15T20:57:33.556Z", "session_data": "ZjRlMWI5OTgxZDA3OTlmNzczNjgxOTg0YjMyMmFhM2NiNmJiNzE5MDp7fQ=="}, "model": "sessions.session", "pk": "31qnrwd4q53874050cy1wfujdaeo7gnp"}, {"fields": {"expire_date": "2016-07-15T20:57:43.710Z", "session_data": "ZjRlMWI5OTgxZDA3OTlmNzczNjgxOTg0YjMyMmFhM2NiNmJiNzE5MDp7fQ=="}, "model": "sessions.session", "pk": "34k9hdgjv0053rtwblg57sbkm07r6ko1"}, {"fields": {"expire_date": "2016-07-15T20:57:34.193Z", "session_data": "ZjRlMWI5OTgxZDA3OTlmNzczNjgxOTg0YjMyMmFhM2NiNmJiNzE5MDp7fQ=="}, "model": "sessions.session", "pk": "34vkiypdizdnqnad1y3uu65aydliszze"}, {"fields": {"expire_date": "2016-07-15T19:17:09.951Z", "session_data": "ZTU0OWJjYzdmZWQzZGY1NzA5YTg3ZTJiMWVjZTdlOTQyYzA1Yzc5Mjp7Il9hdXRoX3VzZXJfaGFzaCI6IjRjY2ZiZmQ4NzYyYzk3MWRkYjk4ZDdkYTQyZmZlZDAxZGMxOWRiMGIiLCJfYXV0aF91c2VyX2JhY2tlbmQiOiJkamFuZ28uY29udHJpYi5hdXRoLmJhY2tlbmRzLk1vZGVsQmFja2VuZCIsIl9hdXRoX3VzZXJfaWQiOjF9"}, "model": "sessions.session", "pk": "37rlq4qdgpt20zu7q48o9frfa88lqd0b"}, {"fields": {"expire_date": "2016-07-15T20:57:38.149Z", "session_data": "ZjRlMWI5OTgxZDA3OTlmNzczNjgxOTg0YjMyMmFhM2NiNmJiNzE5MDp7fQ=="}, "model": "sessions.session", "pk": "3ac4hez1fao6cmj2l4mym4aba60hiesj"}, {"fields": {"expire_date": "2016-07-15T20:57:39.919Z", "session_data": "ZjRlMWI5OTgxZDA3OTlmNzczNjgxOTg0YjMyMmFhM2NiNmJiNzE5MDp7fQ=="}, "model": "sessions.session", "pk": "3i87lkus2m9f4og9ulbz1lx0irb555rf"}, {"fields": {"expire_date": "2016-07-15T20:57:45.127Z", "session_data": "ZjRlMWI5OTgxZDA3OTlmNzczNjgxOTg0YjMyMmFhM2NiNmJiNzE5MDp7fQ=="}, "model": "sessions.session", "pk": "3kmvy9k2w58ddlj2r7ngwz2339y43y9z"}, {"fields": {"expire_date": "2016-07-15T20:57:37.592Z", "session_data": "ZjRlMWI5OTgxZDA3OTlmNzczNjgxOTg0YjMyMmFhM2NiNmJiNzE5MDp7fQ=="}, "model": "sessions.session", "pk": "3zlznb7ylwjwyj9hhrbiv2q6q71qtiya"}, {"fields": {"expire_date": "2016-07-15T20:57:27.506Z", "session_data": "ZjRlMWI5OTgxZDA3OTlmNzczNjgxOTg0YjMyMmFhM2NiNmJiNzE5MDp7fQ=="}, "model": "sessions.session", "pk": "425qj4sz9e3zv9mizu0saduqm8lkupxh"}, {"fields": {"expire_date": "2016-07-15T20:57:50.848Z", "session_data": "ZjRlMWI5OTgxZDA3OTlmNzczNjgxOTg0YjMyMmFhM2NiNmJiNzE5MDp7fQ=="}, "model": "sessions.session", "pk": "4eyb5txtveje24o5cvklzepgjjb91ei7"}, {"fields": {"expire_date": "2016-07-15T20:57:38.775Z", "session_data": "ZjRlMWI5OTgxZDA3OTlmNzczNjgxOTg0YjMyMmFhM2NiNmJiNzE5MDp7fQ=="}, "model": "sessions.session", "pk": "4o53bbd99e6g71zycmjc406gaaupwmrs"}, {"fields": {"expire_date": "2016-07-15T20:57:42.154Z", "session_data": "ZjRlMWI5OTgxZDA3OTlmNzczNjgxOTg0YjMyMmFhM2NiNmJiNzE5MDp7fQ=="}, "model": "sessions.session", "pk": "4rd4j1hlhcsk5hnlq75b1a4ylfhpiyj4"}, {"fields": {"expire_date": "2016-07-15T20:57:40.295Z", "session_data": "ZjRlMWI5OTgxZDA3OTlmNzczNjgxOTg0YjMyMmFhM2NiNmJiNzE5MDp7fQ=="}, "model": "sessions.session", "pk": "56xywkxa6ypjdfe3cfsacpo3kbzt4579"}, {"fields": {"expire_date": "2016-07-15T20:57:28.716Z", "session_data": "ZjRlMWI5OTgxZDA3OTlmNzczNjgxOTg0YjMyMmFhM2NiNmJiNzE5MDp7fQ=="}, "model": "sessions.session", "pk": "5d7vbjtvalrrziu43gq2cve2nny2qwsa"}, {"fields": {"expire_date": "2016-07-15T20:57:39.899Z", "session_data": "ZjRlMWI5OTgxZDA3OTlmNzczNjgxOTg0YjMyMmFhM2NiNmJiNzE5MDp7fQ=="}, "model": "sessions.session", "pk": "5drfe1pk0y34h67ov812fpfoa0veh22j"}, {"fields": {"expire_date": "2016-07-15T20:57:37.347Z", "session_data": "ZjRlMWI5OTgxZDA3OTlmNzczNjgxOTg0YjMyMmFhM2NiNmJiNzE5MDp7fQ=="}, "model": "sessions.session", "pk": "6sinmxbosqrkiftigix52clrxn4basg4"}, {"fields": {"expire_date": "2016-07-15T20:57:43.758Z", "session_data": "ZjRlMWI5OTgxZDA3OTlmNzczNjgxOTg0YjMyMmFhM2NiNmJiNzE5MDp7fQ=="}, "model": "sessions.session", "pk": "6vhjkjl1geh6bvxj5hb8gyf39xa4lxgi"}, {"fields": {"expire_date": "2016-07-15T20:57:31.717Z", "session_data": "ZjRlMWI5OTgxZDA3OTlmNzczNjgxOTg0YjMyMmFhM2NiNmJiNzE5MDp7fQ=="}, "model": "sessions.session", "pk": "78dc7mor1oddwn4npgy3enat62adp4b9"}, {"fields": {"expire_date": "2016-07-15T20:57:40.803Z", "session_data": "ZjRlMWI5OTgxZDA3OTlmNzczNjgxOTg0YjMyMmFhM2NiNmJiNzE5MDp7fQ=="}, "model": "sessions.session", "pk": "7a9jeybvwgnb5re62yi69ktadr6s37na"}, {"fields": {"expire_date": "2016-07-15T20:57:35.155Z", "session_data": "ZjRlMWI5OTgxZDA3OTlmNzczNjgxOTg0YjMyMmFhM2NiNmJiNzE5MDp7fQ=="}, "model": "sessions.session", "pk": "7fqpr698f9nvieynzk5ce6v0lsx8yoop"}, {"fields": {"expire_date": "2016-07-15T20:57:31.197Z", "session_data": "ZjRlMWI5OTgxZDA3OTlmNzczNjgxOTg0YjMyMmFhM2NiNmJiNzE5MDp7fQ=="}, "model": "sessions.session", "pk": "7h3ev1wqcygv6z9mr53s7517pxjlskkf"}, {"fields": {"expire_date": "2016-07-15T20:57:36.016Z", "session_data": "ZjRlMWI5OTgxZDA3OTlmNzczNjgxOTg0YjMyMmFhM2NiNmJiNzE5MDp7fQ=="}, "model": "sessions.session", "pk": "8e056d9boci7kfh93z0302vj2spwkexg"}, {"fields": {"expire_date": "2016-07-15T20:57:29.365Z", "session_data": "ZjRlMWI5OTgxZDA3OTlmNzczNjgxOTg0YjMyMmFhM2NiNmJiNzE5MDp7fQ=="}, "model": "sessions.session", "pk": "8hwtook924w1d1alfu4qdqakx0wmp1b3"}, {"fields": {"expire_date": "2016-07-15T20:57:39.271Z", "session_data": "ZjRlMWI5OTgxZDA3OTlmNzczNjgxOTg0YjMyMmFhM2NiNmJiNzE5MDp7fQ=="}, "model": "sessions.session", "pk": "8k89l2hbs7w3src3ieixi57hw1qxs8nm"}, {"fields": {"expire_date": "2016-07-15T20:57:29.861Z", "session_data": "ZjRlMWI5OTgxZDA3OTlmNzczNjgxOTg0YjMyMmFhM2NiNmJiNzE5MDp7fQ=="}, "model": "sessions.session", "pk": "8ppztcjgjr2spq0viav1fly6lopt8dzk"}, {"fields": {"expire_date": "2016-07-15T20:57:48.235Z", "session_data": "ZjRlMWI5OTgxZDA3OTlmNzczNjgxOTg0YjMyMmFhM2NiNmJiNzE5MDp7fQ=="}, "model": "sessions.session", "pk": "8rnico0u2zw7smvl96c68sgtk3u0gs2q"}, {"fields": {"expire_date": "2016-07-15T20:57:29.572Z", "session_data": "ZjRlMWI5OTgxZDA3OTlmNzczNjgxOTg0YjMyMmFhM2NiNmJiNzE5MDp7fQ=="}, "model": "sessions.session", "pk": "90dg1sxi802dmde10p69c7k7mujwfjc7"}, {"fields": {"expire_date": "2016-07-15T20:57:47.829Z", "session_data": "ZjRlMWI5OTgxZDA3OTlmNzczNjgxOTg0YjMyMmFhM2NiNmJiNzE5MDp7fQ=="}, "model": "sessions.session", "pk": "97lhi5y3wpgysgwjcpqb6wetdpaicwzr"}, {"fields": {"expire_date": "2016-07-15T20:57:47.427Z", "session_data": "ZjRlMWI5OTgxZDA3OTlmNzczNjgxOTg0YjMyMmFhM2NiNmJiNzE5MDp7fQ=="}, "model": "sessions.session", "pk": "98zt21nzqvgc5l3zx2tzpc5b4nzqp5t3"}, {"fields": {"expire_date": "2016-07-15T20:57:25.756Z", "session_data": "ZjRlMWI5OTgxZDA3OTlmNzczNjgxOTg0YjMyMmFhM2NiNmJiNzE5MDp7fQ=="}, "model": "sessions.session", "pk": "9c76urvvutufl042q4rvubcsgn4jpkls"}, {"fields": {"expire_date": "2016-07-15T20:57:27.524Z", "session_data": "ZjRlMWI5OTgxZDA3OTlmNzczNjgxOTg0YjMyMmFhM2NiNmJiNzE5MDp7fQ=="}, "model": "sessions.session", "pk": "9g7pw8c4c5i9q2luhruq6io7btzf3aqg"}, {"fields": {"expire_date": "2016-07-15T20:57:20.512Z", "session_data": "ZjRlMWI5OTgxZDA3OTlmNzczNjgxOTg0YjMyMmFhM2NiNmJiNzE5MDp7fQ=="}, "model": "sessions.session", "pk": "9pp2omqyqchta7ffarvgj5i0mqn5x4gr"}, {"fields": {"expire_date": "2016-07-15T20:57:49.431Z", "session_data": "ZjRlMWI5OTgxZDA3OTlmNzczNjgxOTg0YjMyMmFhM2NiNmJiNzE5MDp7fQ=="}, "model": "sessions.session", "pk": "9ua5ajvb6lvoqxnzvg3s43gglp24b0kp"}, {"fields": {"expire_date": "2016-07-15T20:57:29.989Z", "session_data": "ZjRlMWI5OTgxZDA3OTlmNzczNjgxOTg0YjMyMmFhM2NiNmJiNzE5MDp7fQ=="}, "model": "sessions.session", "pk": "a1aog4glbxqu0xrxr0t74fgi9taa7bzo"}, {"fields": {"expire_date": "2016-07-15T20:57:49.645Z", "session_data": "ZjRlMWI5OTgxZDA3OTlmNzczNjgxOTg0YjMyMmFhM2NiNmJiNzE5MDp7fQ=="}, "model": "sessions.session", "pk": "a41natva5fu3talhkx12ndwkyh4jikrx"}, {"fields": {"expire_date": "2016-07-15T20:57:43.392Z", "session_data": "ZjRlMWI5OTgxZDA3OTlmNzczNjgxOTg0YjMyMmFhM2NiNmJiNzE5MDp7fQ=="}, "model": "sessions.session", "pk": "af5h2mq2v2er8wjy52x8va6aroh5gakd"}, {"fields": {"expire_date": "2016-07-15T20:57:42.308Z", "session_data": "ZjRlMWI5OTgxZDA3OTlmNzczNjgxOTg0YjMyMmFhM2NiNmJiNzE5MDp7fQ=="}, "model": "sessions.session", "pk": "agklrjeaagiy4tvoneerl8e6r1yqvut2"}, {"fields": {"expire_date": "2016-07-15T20:57:20.281Z", "session_data": "ZjRlMWI5OTgxZDA3OTlmNzczNjgxOTg0YjMyMmFhM2NiNmJiNzE5MDp7fQ=="}, "model": "sessions.session", "pk": "ahxfv18p3ef2kgcuar8hx0cppgzshfme"}, {"fields": {"expire_date": "2016-07-15T20:57:32.033Z", "session_data": "ZjRlMWI5OTgxZDA3OTlmNzczNjgxOTg0YjMyMmFhM2NiNmJiNzE5MDp7fQ=="}, "model": "sessions.session", "pk": "augelixywouj6mrm9ayc3y2qafkytv3i"}, {"fields": {"expire_date": "2016-07-15T20:57:34.469Z", "session_data": "ZjRlMWI5OTgxZDA3OTlmNzczNjgxOTg0YjMyMmFhM2NiNmJiNzE5MDp7fQ=="}, "model": "sessions.session", "pk": "b92rs6053g2hkuqyoxvwgs79ztwhll11"}, {"fields": {"expire_date": "2016-07-15T20:57:31.185Z", "session_data": "ZjRlMWI5OTgxZDA3OTlmNzczNjgxOTg0YjMyMmFhM2NiNmJiNzE5MDp7fQ=="}, "model": "sessions.session", "pk": "ba72csvfrswdqcbz6oro6f9hsf2amef0"}, {"fields": {"expire_date": "2016-07-15T20:57:44.883Z", "session_data": "ZjRlMWI5OTgxZDA3OTlmNzczNjgxOTg0YjMyMmFhM2NiNmJiNzE5MDp7fQ=="}, "model": "sessions.session", "pk": "bjkmo0icipn0ic8cwreqs05otzdn2474"}, {"fields": {"expire_date": "2016-07-15T20:57:36.488Z", "session_data": "ZjRlMWI5OTgxZDA3OTlmNzczNjgxOTg0YjMyMmFhM2NiNmJiNzE5MDp7fQ=="}, "model": "sessions.session", "pk": "borpl113e7ajaps6pyihhkmhjvsnrt3z"}, {"fields": {"expire_date": "2016-07-15T20:57:40.259Z", "session_data": "ZjRlMWI5OTgxZDA3OTlmNzczNjgxOTg0YjMyMmFhM2NiNmJiNzE5MDp7fQ=="}, "model": "sessions.session", "pk": "bu7g6amxgu3baw8t2auxf6ofzwizq918"}, {"fields": {"expire_date": "2016-07-15T20:57:37.120Z", "session_data": "ZjRlMWI5OTgxZDA3OTlmNzczNjgxOTg0YjMyMmFhM2NiNmJiNzE5MDp7fQ=="}, "model": "sessions.session", "pk": "bv5yh4rg6ry6s02bbi6n0tbz7zb7gs66"}, {"fields": {"expire_date": "2016-07-15T20:57:26.630Z", "session_data": "ZjRlMWI5OTgxZDA3OTlmNzczNjgxOTg0YjMyMmFhM2NiNmJiNzE5MDp7fQ=="}, "model": "sessions.session", "pk": "c65hk2er8yfxsh4pfxw5zvd2rjc0rr3n"}, {"fields": {"expire_date": "2016-07-15T20:57:35.142Z", "session_data": "ZjRlMWI5OTgxZDA3OTlmNzczNjgxOTg0YjMyMmFhM2NiNmJiNzE5MDp7fQ=="}, "model": "sessions.session", "pk": "c8lirxvxzky5aclr452i4s3lw9kjyuuj"}, {"fields": {"expire_date": "2016-07-15T20:57:30.324Z", "session_data": "ZjRlMWI5OTgxZDA3OTlmNzczNjgxOTg0YjMyMmFhM2NiNmJiNzE5MDp7fQ=="}, "model": "sessions.session", "pk": "c8tah5daawbhtl0wegcdsa1pglbfhap9"}, {"fields": {"expire_date": "2016-07-15T20:57:48.707Z", "session_data": "ZjRlMWI5OTgxZDA3OTlmNzczNjgxOTg0YjMyMmFhM2NiNmJiNzE5MDp7fQ=="}, "model": "sessions.session", "pk": "c9gdw75gkfqpc9vpmu84q6szbjhv0bws"}, {"fields": {"expire_date": "2016-07-15T20:57:32.025Z", "session_data": "ZjRlMWI5OTgxZDA3OTlmNzczNjgxOTg0YjMyMmFhM2NiNmJiNzE5MDp7fQ=="}, "model": "sessions.session", "pk": "c9w89cq9g588yvpgbedg73ngggkfgf16"}, {"fields": {"expire_date": "2016-07-15T20:57:36.730Z", "session_data": "ZjRlMWI5OTgxZDA3OTlmNzczNjgxOTg0YjMyMmFhM2NiNmJiNzE5MDp7fQ=="}, "model": "sessions.session", "pk": "cil7rw8n2uabu6ioikw9ua4ewh0wc2xw"}, {"fields": {"expire_date": "2016-07-15T20:57:29.333Z", "session_data": "ZjRlMWI5OTgxZDA3OTlmNzczNjgxOTg0YjMyMmFhM2NiNmJiNzE5MDp7fQ=="}, "model": "sessions.session", "pk": "clungrjs4zbuf0hmlblwe43vla58vtde"}, {"fields": {"expire_date": "2016-07-15T20:57:43.811Z", "session_data": "ZjRlMWI5OTgxZDA3OTlmNzczNjgxOTg0YjMyMmFhM2NiNmJiNzE5MDp7fQ=="}, "model": "sessions.session", "pk": "cn6w3wsuhweay813i8b2dx1zdveok0oa"}, {"fields": {"expire_date": "2016-07-15T20:57:35.178Z", "session_data": "ZjRlMWI5OTgxZDA3OTlmNzczNjgxOTg0YjMyMmFhM2NiNmJiNzE5MDp7fQ=="}, "model": "sessions.session", "pk": "d06tsmpf8916zh23fok27g1w1y92pxek"}, {"fields": {"expire_date": "2016-07-15T20:57:20.552Z", "session_data": "ZjRlMWI5OTgxZDA3OTlmNzczNjgxOTg0YjMyMmFhM2NiNmJiNzE5MDp7fQ=="}, "model": "sessions.session", "pk": "d7d6tfnhzqp7jt9yoaxv8hztp66euzp5"}, {"fields": {"expire_date": "2016-07-15T20:57:46.802Z", "session_data": "ZjRlMWI5OTgxZDA3OTlmNzczNjgxOTg0YjMyMmFhM2NiNmJiNzE5MDp7fQ=="}, "model": "sessions.session", "pk": "dpqtqxqlua1fuvmr3r2zgtka4s8dy557"}, {"fields": {"expire_date": "2016-07-15T20:57:45.425Z", "session_data": "ZjRlMWI5OTgxZDA3OTlmNzczNjgxOTg0YjMyMmFhM2NiNmJiNzE5MDp7fQ=="}, "model": "sessions.session", "pk": "dzw5ue68q51pwptocbowwjg741ct56ts"}, {"fields": {"expire_date": "2016-07-15T20:57:47.828Z", "session_data": "ZjRlMWI5OTgxZDA3OTlmNzczNjgxOTg0YjMyMmFhM2NiNmJiNzE5MDp7fQ=="}, "model": "sessions.session", "pk": "e1fj5nsue4pwvujazkhrsa2cbcpui32w"}, {"fields": {"expire_date": "2016-07-15T20:57:50.841Z", "session_data": "ZjRlMWI5OTgxZDA3OTlmNzczNjgxOTg0YjMyMmFhM2NiNmJiNzE5MDp7fQ=="}, "model": "sessions.session", "pk": "e7xg8rhen9j2qrljkz6u6kdk4lohri6j"}, {"fields": {"expire_date": "2016-07-15T20:57:28.683Z", "session_data": "ZjRlMWI5OTgxZDA3OTlmNzczNjgxOTg0YjMyMmFhM2NiNmJiNzE5MDp7fQ=="}, "model": "sessions.session", "pk": "eir5h4gl1bpy4somrpk61yw038mvd8d1"}, {"fields": {"expire_date": "2016-07-15T20:57:38.162Z", "session_data": "ZjRlMWI5OTgxZDA3OTlmNzczNjgxOTg0YjMyMmFhM2NiNmJiNzE5MDp7fQ=="}, "model": "sessions.session", "pk": "eki7tynz59vw6w0xn9zoo5kev7sl1fdk"}, {"fields": {"expire_date": "2016-07-15T20:57:33.538Z", "session_data": "ZjRlMWI5OTgxZDA3OTlmNzczNjgxOTg0YjMyMmFhM2NiNmJiNzE5MDp7fQ=="}, "model": "sessions.session", "pk": "et8xd0nyf58pa3bgq0y422pyq9wgz3x3"}, {"fields": {"expire_date": "2016-07-15T20:57:45.583Z", "session_data": "ZjRlMWI5OTgxZDA3OTlmNzczNjgxOTg0YjMyMmFhM2NiNmJiNzE5MDp7fQ=="}, "model": "sessions.session", "pk": "f02ixml49uisbpuwks1pppi3wnr0efue"}, {"fields": {"expire_date": "2016-07-15T20:57:29.638Z", "session_data": "ZjRlMWI5OTgxZDA3OTlmNzczNjgxOTg0YjMyMmFhM2NiNmJiNzE5MDp7fQ=="}, "model": "sessions.session", "pk": "f1h9qmjazmvt4lxuqxt4ynpzwgp9v7e3"}, {"fields": {"expire_date": "2016-07-15T20:57:49.067Z", "session_data": "ZjRlMWI5OTgxZDA3OTlmNzczNjgxOTg0YjMyMmFhM2NiNmJiNzE5MDp7fQ=="}, "model": "sessions.session", "pk": "ft2mz7d6fb7w67u35mncwnkzm50maf2y"}, {"fields": {"expire_date": "2016-07-15T20:57:30.573Z", "session_data": "ZjRlMWI5OTgxZDA3OTlmNzczNjgxOTg0YjMyMmFhM2NiNmJiNzE5MDp7fQ=="}, "model": "sessions.session", "pk": "fupogfjjl3xbpumvi33m9yt74z745xvg"}, {"fields": {"expire_date": "2016-07-15T20:57:36.945Z", "session_data": "ZjRlMWI5OTgxZDA3OTlmNzczNjgxOTg0YjMyMmFhM2NiNmJiNzE5MDp7fQ=="}, "model": "sessions.session", "pk": "fy6e2kjomxs388i4egttj1j4k8uekci3"}, {"fields": {"expire_date": "2016-07-15T20:57:40.307Z", "session_data": "ZjRlMWI5OTgxZDA3OTlmNzczNjgxOTg0YjMyMmFhM2NiNmJiNzE5MDp7fQ=="}, "model": "sessions.session", "pk": "giacxffgjanfrx46cwu89yy453d3r89q"}, {"fields": {"expire_date": "2016-07-15T20:57:37.786Z", "session_data": "ZjRlMWI5OTgxZDA3OTlmNzczNjgxOTg0YjMyMmFhM2NiNmJiNzE5MDp7fQ=="}, "model": "sessions.session", "pk": "gstqyae6k52opl9ub435fznpi0v6gptb"}, {"fields": {"expire_date": "2016-07-15T20:57:34.417Z", "session_data": "ZjRlMWI5OTgxZDA3OTlmNzczNjgxOTg0YjMyMmFhM2NiNmJiNzE5MDp7fQ=="}, "model": "sessions.session", "pk": "h9z96rlaar7bq03ssumb6hyy9bpaobph"}, {"fields": {"expire_date": "2016-07-15T20:57:29.252Z", "session_data": "ZjRlMWI5OTgxZDA3OTlmNzczNjgxOTg0YjMyMmFhM2NiNmJiNzE5MDp7fQ=="}, "model": "sessions.session", "pk": "hkdwvakr2ysp0qsm5asyq2vfpaexfe78"}, {"fields": {"expire_date": "2016-07-15T20:57:42.062Z", "session_data": "ZjRlMWI5OTgxZDA3OTlmNzczNjgxOTg0YjMyMmFhM2NiNmJiNzE5MDp7fQ=="}, "model": "sessions.session", "pk": "i1xh7e5emjaoskpjt71hs7mfxmcjhedp"}, {"fields": {"expire_date": "2016-07-15T20:57:36.836Z", "session_data": "ZjRlMWI5OTgxZDA3OTlmNzczNjgxOTg0YjMyMmFhM2NiNmJiNzE5MDp7fQ=="}, "model": "sessions.session", "pk": "i1yy0xglgliojvrst8oou00mz90zz9mn"}, {"fields": {"expire_date": "2016-07-15T20:57:40.935Z", "session_data": "ZjRlMWI5OTgxZDA3OTlmNzczNjgxOTg0YjMyMmFhM2NiNmJiNzE5MDp7fQ=="}, "model": "sessions.session", "pk": "itu74cz79ayhmodwsog1gv0e6zx9lskk"}, {"fields": {"expire_date": "2016-07-15T20:57:35.157Z", "session_data": "ZjRlMWI5OTgxZDA3OTlmNzczNjgxOTg0YjMyMmFhM2NiNmJiNzE5MDp7fQ=="}, "model": "sessions.session", "pk": "izklrynzmzb4ckidy5a6iqce9zs2s8cq"}, {"fields": {"expire_date": "2016-07-15T20:57:34.437Z", "session_data": "ZjRlMWI5OTgxZDA3OTlmNzczNjgxOTg0YjMyMmFhM2NiNmJiNzE5MDp7fQ=="}, "model": "sessions.session", "pk": "j1tm9t79y7v1kfwphaqmtqfkvll1w4rm"}, {"fields": {"expire_date": "2016-07-15T20:57:46.586Z", "session_data": "ZjRlMWI5OTgxZDA3OTlmNzczNjgxOTg0YjMyMmFhM2NiNmJiNzE5MDp7fQ=="}, "model": "sessions.session", "pk": "jti8vjaxbzetbnsbtbipn26ogl9r7nak"}, {"fields": {"expire_date": "2016-07-15T20:57:44.625Z", "session_data": "ZjRlMWI5OTgxZDA3OTlmNzczNjgxOTg0YjMyMmFhM2NiNmJiNzE5MDp7fQ=="}, "model": "sessions.session", "pk": "k0gb0hcxulok82bvlho8qv37npqmhtkc"}, {"fields": {"expire_date": "2016-07-15T20:57:27.627Z", "session_data": "ZjRlMWI5OTgxZDA3OTlmNzczNjgxOTg0YjMyMmFhM2NiNmJiNzE5MDp7fQ=="}, "model": "sessions.session", "pk": "kif8ifrgqgbjblqall9400kpmz9wk72q"}, {"fields": {"expire_date": "2016-07-15T20:57:20.648Z", "session_data": "ZjRlMWI5OTgxZDA3OTlmNzczNjgxOTg0YjMyMmFhM2NiNmJiNzE5MDp7fQ=="}, "model": "sessions.session", "pk": "kt606bjxe3v2by1inzg7yla8dmuxh9d4"}, {"fields": {"expire_date": "2016-07-15T20:57:46.572Z", "session_data": "ZjRlMWI5OTgxZDA3OTlmNzczNjgxOTg0YjMyMmFhM2NiNmJiNzE5MDp7fQ=="}, "model": "sessions.session", "pk": "kug2ot9gdbvyapk79eiswb60n3m9vcg2"}, {"fields": {"expire_date": "2016-07-15T20:57:32.022Z", "session_data": "ZjRlMWI5OTgxZDA3OTlmNzczNjgxOTg0YjMyMmFhM2NiNmJiNzE5MDp7fQ=="}, "model": "sessions.session", "pk": "ky6ll45r0ntdm5261fsjrxtu4hreel6e"}, {"fields": {"expire_date": "2016-07-15T20:57:32.949Z", "session_data": "ZjRlMWI5OTgxZDA3OTlmNzczNjgxOTg0YjMyMmFhM2NiNmJiNzE5MDp7fQ=="}, "model": "sessions.session", "pk": "kz0n7h27i3n4aeas3mj4f7rlfjt7ehmd"}, {"fields": {"expire_date": "2016-07-15T20:57:35.145Z", "session_data": "ZjRlMWI5OTgxZDA3OTlmNzczNjgxOTg0YjMyMmFhM2NiNmJiNzE5MDp7fQ=="}, "model": "sessions.session", "pk": "l28ghhq5sdwwvjg4xi624k62gabwp9zf"}, {"fields": {"expire_date": "2016-07-15T20:57:26.040Z", "session_data": "ZjRlMWI5OTgxZDA3OTlmNzczNjgxOTg0YjMyMmFhM2NiNmJiNzE5MDp7fQ=="}, "model": "sessions.session", "pk": "lemwbiw8ihqh9p7xxozjlys3z5810bvn"}, {"fields": {"expire_date": "2016-07-15T20:57:48.203Z", "session_data": "ZjRlMWI5OTgxZDA3OTlmNzczNjgxOTg0YjMyMmFhM2NiNmJiNzE5MDp7fQ=="}, "model": "sessions.session", "pk": "lnoh9fbvacxo498unb0p61lcyhmyu7b8"}, {"fields": {"expire_date": "2016-07-15T20:57:25.156Z", "session_data": "ZjRlMWI5OTgxZDA3OTlmNzczNjgxOTg0YjMyMmFhM2NiNmJiNzE5MDp7fQ=="}, "model": "sessions.session", "pk": "lw3ew14o2zccjcor62tgwe6e7i26u6qr"}, {"fields": {"expire_date": "2016-07-15T20:57:38.616Z", "session_data": "ZjRlMWI5OTgxZDA3OTlmNzczNjgxOTg0YjMyMmFhM2NiNmJiNzE5MDp7fQ=="}, "model": "sessions.session", "pk": "m11h0sadmlfwk03t3rv10rzi2s41q2nd"}, {"fields": {"expire_date": "2016-07-15T20:57:30.331Z", "session_data": "ZjRlMWI5OTgxZDA3OTlmNzczNjgxOTg0YjMyMmFhM2NiNmJiNzE5MDp7fQ=="}, "model": "sessions.session", "pk": "ma7g5uipry2q2w2xiwo6i8kr5orsb749"}, {"fields": {"expire_date": "2016-07-15T20:57:32.854Z", "session_data": "ZjRlMWI5OTgxZDA3OTlmNzczNjgxOTg0YjMyMmFhM2NiNmJiNzE5MDp7fQ=="}, "model": "sessions.session", "pk": "matgc4fwub298xa2sx5tfyk0cbbbh0l9"}, {"fields": {"expire_date": "2016-07-15T20:57:48.653Z", "session_data": "ZjRlMWI5OTgxZDA3OTlmNzczNjgxOTg0YjMyMmFhM2NiNmJiNzE5MDp7fQ=="}, "model": "sessions.session", "pk": "mc3ywvomzqek78wixczktjlina38ydg4"}, {"fields": {"expire_date": "2016-07-15T20:57:42.861Z", "session_data": "ZjRlMWI5OTgxZDA3OTlmNzczNjgxOTg0YjMyMmFhM2NiNmJiNzE5MDp7fQ=="}, "model": "sessions.session", "pk": "n8pxroskkmbwwenizj8q85cfw1fnuc2q"}, {"fields": {"expire_date": "2016-07-15T20:57:44.700Z", "session_data": "ZjRlMWI5OTgxZDA3OTlmNzczNjgxOTg0YjMyMmFhM2NiNmJiNzE5MDp7fQ=="}, "model": "sessions.session", "pk": "nby3ei2u24t9us9w8kj4y9ag96zr7cax"}, {"fields": {"expire_date": "2016-07-15T20:57:20.516Z", "session_data": "ZjRlMWI5OTgxZDA3OTlmNzczNjgxOTg0YjMyMmFhM2NiNmJiNzE5MDp7fQ=="}, "model": "sessions.session", "pk": "ndwv52fgz2uvc97vglq4beg0ukq29os8"}, {"fields": {"expire_date": "2016-07-15T20:57:32.714Z", "session_data": "ZjRlMWI5OTgxZDA3OTlmNzczNjgxOTg0YjMyMmFhM2NiNmJiNzE5MDp7fQ=="}, "model": "sessions.session", "pk": "nmur03ovumjks3kmhklpy5wad1io6puo"}, {"fields": {"expire_date": "2016-07-15T20:57:42.043Z", "session_data": "ZjRlMWI5OTgxZDA3OTlmNzczNjgxOTg0YjMyMmFhM2NiNmJiNzE5MDp7fQ=="}, "model": "sessions.session", "pk": "no0v6l15llbd9j8esigybb521me5zpix"}, {"fields": {"expire_date": "2016-07-15T20:57:31.210Z", "session_data": "ZjRlMWI5OTgxZDA3OTlmNzczNjgxOTg0YjMyMmFhM2NiNmJiNzE5MDp7fQ=="}, "model": "sessions.session", "pk": "noo34ggy7k3osp79lzpzznl4grk2ft5j"}, {"fields": {"expire_date": "2016-07-15T20:57:48.722Z", "session_data": "ZjRlMWI5OTgxZDA3OTlmNzczNjgxOTg0YjMyMmFhM2NiNmJiNzE5MDp7fQ=="}, "model": "sessions.session", "pk": "ny4wiw2wxv88tl8rvz9ipicrjfcx8mzn"}, {"fields": {"expire_date": "2016-07-15T20:57:33.330Z", "session_data": "ZjRlMWI5OTgxZDA3OTlmNzczNjgxOTg0YjMyMmFhM2NiNmJiNzE5MDp7fQ=="}, "model": "sessions.session", "pk": "o37qb0ges0bnezbg5y180cv27ukubiej"}, {"fields": {"expire_date": "2016-07-15T20:57:50.682Z", "session_data": "ZjRlMWI5OTgxZDA3OTlmNzczNjgxOTg0YjMyMmFhM2NiNmJiNzE5MDp7fQ=="}, "model": "sessions.session", "pk": "oc1jihrjowhxzv9sh4bluf94644n1oeh"}, {"fields": {"expire_date": "2016-07-15T20:57:32.014Z", "session_data": "ZjRlMWI5OTgxZDA3OTlmNzczNjgxOTg0YjMyMmFhM2NiNmJiNzE5MDp7fQ=="}, "model": "sessions.session", "pk": "oflv4xe6y79135v4cy4g93jdjpcxlrdb"}, {"fields": {"expire_date": "2016-07-15T20:57:37.676Z", "session_data": "ZjRlMWI5OTgxZDA3OTlmNzczNjgxOTg0YjMyMmFhM2NiNmJiNzE5MDp7fQ=="}, "model": "sessions.session", "pk": "ouw2xtfki5i3nwasm137jrplm9hlpur4"}, {"fields": {"expire_date": "2016-07-15T20:57:43.949Z", "session_data": "ZjRlMWI5OTgxZDA3OTlmNzczNjgxOTg0YjMyMmFhM2NiNmJiNzE5MDp7fQ=="}, "model": "sessions.session", "pk": "oy64qejvg7qf6pqnol46nvtemytxk5rt"}, {"fields": {"expire_date": "2016-07-15T20:57:50.646Z", "session_data": "ZjRlMWI5OTgxZDA3OTlmNzczNjgxOTg0YjMyMmFhM2NiNmJiNzE5MDp7fQ=="}, "model": "sessions.session", "pk": "p1gc7d73gbuk88degp3tj0yx7feog2vf"}, {"fields": {"expire_date": "2016-07-15T20:57:34.410Z", "session_data": "ZjRlMWI5OTgxZDA3OTlmNzczNjgxOTg0YjMyMmFhM2NiNmJiNzE5MDp7fQ=="}, "model": "sessions.session", "pk": "p542a95ncm1bf0bzqcikfqqpub0v7pf8"}, {"fields": {"expire_date": "2016-07-15T20:57:49.893Z", "session_data": "ZjRlMWI5OTgxZDA3OTlmNzczNjgxOTg0YjMyMmFhM2NiNmJiNzE5MDp7fQ=="}, "model": "sessions.session", "pk": "p587l7z8lqidkxcr5b5fr6hcwek574ze"}, {"fields": {"expire_date": "2016-07-15T20:57:27.520Z", "session_data": "ZjRlMWI5OTgxZDA3OTlmNzczNjgxOTg0YjMyMmFhM2NiNmJiNzE5MDp7fQ=="}, "model": "sessions.session", "pk": "ptf65pkb49ppreerg5ktql29bwk6mutm"}, {"fields": {"expire_date": "2016-07-15T20:57:39.293Z", "session_data": "ZjRlMWI5OTgxZDA3OTlmNzczNjgxOTg0YjMyMmFhM2NiNmJiNzE5MDp7fQ=="}, "model": "sessions.session", "pk": "q166ho9u8opn0n49r223cl6ilxfiy6c0"}, {"fields": {"expire_date": "2016-07-15T20:57:37.777Z", "session_data": "ZjRlMWI5OTgxZDA3OTlmNzczNjgxOTg0YjMyMmFhM2NiNmJiNzE5MDp7fQ=="}, "model": "sessions.session", "pk": "q496oc4y606ds76sjtuien8nlp85v33y"}, {"fields": {"expire_date": "2016-07-15T20:57:27.503Z", "session_data": "ZjRlMWI5OTgxZDA3OTlmNzczNjgxOTg0YjMyMmFhM2NiNmJiNzE5MDp7fQ=="}, "model": "sessions.session", "pk": "q6mjirvii8kqzp01v2phm3npmziue27t"}, {"fields": {"expire_date": "2016-07-15T20:57:32.997Z", "session_data": "ZjRlMWI5OTgxZDA3OTlmNzczNjgxOTg0YjMyMmFhM2NiNmJiNzE5MDp7fQ=="}, "model": "sessions.session", "pk": "q9gfryzgcr056i2h4gtw3jljc63dlb5u"}, {"fields": {"expire_date": "2016-07-15T20:57:31.319Z", "session_data": "ZjRlMWI5OTgxZDA3OTlmNzczNjgxOTg0YjMyMmFhM2NiNmJiNzE5MDp7fQ=="}, "model": "sessions.session", "pk": "qbn54vzfro11bwn383umxxtcoyihhoow"}, {"fields": {"expire_date": "2016-07-15T20:57:49.824Z", "session_data": "ZjRlMWI5OTgxZDA3OTlmNzczNjgxOTg0YjMyMmFhM2NiNmJiNzE5MDp7fQ=="}, "model": "sessions.session", "pk": "qcxs9ti0rpxehzxkx3wvj15bmog1s33s"}, {"fields": {"expire_date": "2016-07-15T20:57:45.532Z", "session_data": "ZjRlMWI5OTgxZDA3OTlmNzczNjgxOTg0YjMyMmFhM2NiNmJiNzE5MDp7fQ=="}, "model": "sessions.session", "pk": "qdyksw9635w935f8f4zkf6snr1ynj67r"}, {"fields": {"expire_date": "2016-07-15T20:57:26.649Z", "session_data": "ZjRlMWI5OTgxZDA3OTlmNzczNjgxOTg0YjMyMmFhM2NiNmJiNzE5MDp7fQ=="}, "model": "sessions.session", "pk": "qjj04wunippt7jfk6tw5g090lm7xc8du"}, {"fields": {"expire_date": "2016-07-15T20:57:36.754Z", "session_data": "ZjRlMWI5OTgxZDA3OTlmNzczNjgxOTg0YjMyMmFhM2NiNmJiNzE5MDp7fQ=="}, "model": "sessions.session", "pk": "qnjtorew05ns6wlsyqox9ze1al7dhj1i"}, {"fields": {"expire_date": "2016-07-15T20:57:42.332Z", "session_data": "ZjRlMWI5OTgxZDA3OTlmNzczNjgxOTg0YjMyMmFhM2NiNmJiNzE5MDp7fQ=="}, "model": "sessions.session", "pk": "qpzz36vycpmj2utftscy7eo0ayyw4l3d"}, {"fields": {"expire_date": "2016-07-15T20:57:28.438Z", "session_data": "ZjRlMWI5OTgxZDA3OTlmNzczNjgxOTg0YjMyMmFhM2NiNmJiNzE5MDp7fQ=="}, "model": "sessions.session", "pk": "qwbymrk52e40gmhvigq6k7k7lnnfkhlr"}, {"fields": {"expire_date": "2016-07-15T20:57:28.730Z", "session_data": "ZjRlMWI5OTgxZDA3OTlmNzczNjgxOTg0YjMyMmFhM2NiNmJiNzE5MDp7fQ=="}, "model": "sessions.session", "pk": "r9lvvh2xlcqhgmsrvepjnuz1z8ytcwyi"}, {"fields": {"expire_date": "2016-07-15T20:57:39.867Z", "session_data": "ZjRlMWI5OTgxZDA3OTlmNzczNjgxOTg0YjMyMmFhM2NiNmJiNzE5MDp7fQ=="}, "model": "sessions.session", "pk": "rejnoycljf7b9gfujzezy031hcj7hnf4"}, {"fields": {"expire_date": "2016-07-15T20:57:39.888Z", "session_data": "ZjRlMWI5OTgxZDA3OTlmNzczNjgxOTg0YjMyMmFhM2NiNmJiNzE5MDp7fQ=="}, "model": "sessions.session", "pk": "rme41fg7qy6syf1lid8fl4qcfccaja74"}, {"fields": {"expire_date": "2016-07-15T20:57:26.332Z", "session_data": "ZjRlMWI5OTgxZDA3OTlmNzczNjgxOTg0YjMyMmFhM2NiNmJiNzE5MDp7fQ=="}, "model": "sessions.session", "pk": "rn7midsvbacgq2hg6p7ut28yvp4nn0qi"}, {"fields": {"expire_date": "2016-07-15T19:16:21.435Z", "session_data": "ZjRlMWI5OTgxZDA3OTlmNzczNjgxOTg0YjMyMmFhM2NiNmJiNzE5MDp7fQ=="}, "model": "sessions.session", "pk": "rvyix5n3iis23h2fqpm3pjzvin7q2lzy"}, {"fields": {"expire_date": "2016-07-15T20:57:47.350Z", "session_data": "ZjRlMWI5OTgxZDA3OTlmNzczNjgxOTg0YjMyMmFhM2NiNmJiNzE5MDp7fQ=="}, "model": "sessions.session", "pk": "s17xn5zpv5ocpzu7705ygdlpf4zvqjpu"}, {"fields": {"expire_date": "2016-07-15T20:57:26.600Z", "session_data": "ZjRlMWI5OTgxZDA3OTlmNzczNjgxOTg0YjMyMmFhM2NiNmJiNzE5MDp7fQ=="}, "model": "sessions.session", "pk": "s69demd29b16xhc2xm0yolyg1yqbcbgf"}, {"fields": {"expire_date": "2016-07-15T20:57:47.695Z", "session_data": "ZjRlMWI5OTgxZDA3OTlmNzczNjgxOTg0YjMyMmFhM2NiNmJiNzE5MDp7fQ=="}, "model": "sessions.session", "pk": "s82ubaxiyaqfjjjwxo7ju9r26tram2a7"}, {"fields": {"expire_date": "2016-07-15T20:57:42.120Z", "session_data": "ZjRlMWI5OTgxZDA3OTlmNzczNjgxOTg0YjMyMmFhM2NiNmJiNzE5MDp7fQ=="}, "model": "sessions.session", "pk": "soy69yqh3gxocogv0xf7t23uc28ckdd2"}, {"fields": {"expire_date": "2016-07-15T20:57:47.264Z", "session_data": "ZjRlMWI5OTgxZDA3OTlmNzczNjgxOTg0YjMyMmFhM2NiNmJiNzE5MDp7fQ=="}, "model": "sessions.session", "pk": "sq0c8ws1uok2hov0nvh6ggxskq2l69ce"}, {"fields": {"expire_date": "2016-07-15T20:57:43.049Z", "session_data": "ZjRlMWI5OTgxZDA3OTlmNzczNjgxOTg0YjMyMmFhM2NiNmJiNzE5MDp7fQ=="}, "model": "sessions.session", "pk": "srex60leyjarxgox2r815m80ua2kobqj"}, {"fields": {"expire_date": "2016-07-15T20:57:43.717Z", "session_data": "ZjRlMWI5OTgxZDA3OTlmNzczNjgxOTg0YjMyMmFhM2NiNmJiNzE5MDp7fQ=="}, "model": "sessions.session", "pk": "ssrpdty4r0pooup5ybsy1fdpi9usxmj6"}, {"fields": {"expire_date": "2016-07-15T20:57:21.735Z", "session_data": "ZjRlMWI5OTgxZDA3OTlmNzczNjgxOTg0YjMyMmFhM2NiNmJiNzE5MDp7fQ=="}, "model": "sessions.session", "pk": "su7ve6o0whm0cuzm4kyywbrllyn01zs9"}, {"fields": {"expire_date": "2016-07-15T20:57:41.240Z", "session_data": "ZjRlMWI5OTgxZDA3OTlmNzczNjgxOTg0YjMyMmFhM2NiNmJiNzE5MDp7fQ=="}, "model": "sessions.session", "pk": "swbokh73s3lnprx36roj3qyhglgosywd"}, {"fields": {"expire_date": "2016-07-15T20:57:49.885Z", "session_data": "ZjRlMWI5OTgxZDA3OTlmNzczNjgxOTg0YjMyMmFhM2NiNmJiNzE5MDp7fQ=="}, "model": "sessions.session", "pk": "t2fs5ejafihu8l643res90gf7muei2td"}, {"fields": {"expire_date": "2016-07-15T20:57:42.831Z", "session_data": "ZjRlMWI5OTgxZDA3OTlmNzczNjgxOTg0YjMyMmFhM2NiNmJiNzE5MDp7fQ=="}, "model": "sessions.session", "pk": "t3ov9iunuvgwury08e1h7kpddk12zrcb"}, {"fields": {"expire_date": "2016-07-15T20:57:32.844Z", "session_data": "ZjRlMWI5OTgxZDA3OTlmNzczNjgxOTg0YjMyMmFhM2NiNmJiNzE5MDp7fQ=="}, "model": "sessions.session", "pk": "t5hysdxeyqshtriw2j7l22cq1hw47nlm"}, {"fields": {"expire_date": "2016-07-15T20:57:41.031Z", "session_data": "ZjRlMWI5OTgxZDA3OTlmNzczNjgxOTg0YjMyMmFhM2NiNmJiNzE5MDp7fQ=="}, "model": "sessions.session", "pk": "t9x2f4o2seba1f6oc578v8pc9mpp6sjs"}, {"fields": {"expire_date": "2016-07-15T20:57:44.278Z", "session_data": "ZjRlMWI5OTgxZDA3OTlmNzczNjgxOTg0YjMyMmFhM2NiNmJiNzE5MDp7fQ=="}, "model": "sessions.session", "pk": "thh3fp40utig71mpoh1no5nhbcd57kl0"}, {"fields": {"expire_date": "2016-07-15T20:57:21.492Z", "session_data": "ZjRlMWI5OTgxZDA3OTlmNzczNjgxOTg0YjMyMmFhM2NiNmJiNzE5MDp7fQ=="}, "model": "sessions.session", "pk": "tl0q9fp0glgr6akp2dmrq4gzeojtum4u"}, {"fields": {"expire_date": "2016-07-15T20:57:35.159Z", "session_data": "ZjRlMWI5OTgxZDA3OTlmNzczNjgxOTg0YjMyMmFhM2NiNmJiNzE5MDp7fQ=="}, "model": "sessions.session", "pk": "tm1i42rzc3l8qc7guraihkzraeou42ix"}, {"fields": {"expire_date": "2016-07-15T20:57:28.867Z", "session_data": "ZjRlMWI5OTgxZDA3OTlmNzczNjgxOTg0YjMyMmFhM2NiNmJiNzE5MDp7fQ=="}, "model": "sessions.session", "pk": "tyq00a08n88u9ur9ebh2g3v2b1bxr1xa"}, {"fields": {"expire_date": "2016-07-15T20:57:37.164Z", "session_data": "ZjRlMWI5OTgxZDA3OTlmNzczNjgxOTg0YjMyMmFhM2NiNmJiNzE5MDp7fQ=="}, "model": "sessions.session", "pk": "tz3dmspdyqadlhbwr6jryl5wtgmhzntc"}, {"fields": {"expire_date": "2016-07-15T20:57:36.058Z", "session_data": "ZjRlMWI5OTgxZDA3OTlmNzczNjgxOTg0YjMyMmFhM2NiNmJiNzE5MDp7fQ=="}, "model": "sessions.session", "pk": "u2ya329jqgzea7sz9do8z04vnvzoutpr"}, {"fields": {"expire_date": "2016-07-15T20:57:32.974Z", "session_data": "ZjRlMWI5OTgxZDA3OTlmNzczNjgxOTg0YjMyMmFhM2NiNmJiNzE5MDp7fQ=="}, "model": "sessions.session", "pk": "u3wfgm7tkm4p7ys8r67u0r0jqgsa0hkm"}, {"fields": {"expire_date": "2016-07-15T20:57:49.805Z", "session_data": "ZjRlMWI5OTgxZDA3OTlmNzczNjgxOTg0YjMyMmFhM2NiNmJiNzE5MDp7fQ=="}, "model": "sessions.session", "pk": "ubs4v5fj64b8pbta9ozwtcrw83r8dgpb"}, {"fields": {"expire_date": "2016-07-15T20:57:25.771Z", "session_data": "ZjRlMWI5OTgxZDA3OTlmNzczNjgxOTg0YjMyMmFhM2NiNmJiNzE5MDp7fQ=="}, "model": "sessions.session", "pk": "ugk7ikfo87cuh83j5ik8in57pu1gdgwn"}, {"fields": {"expire_date": "2016-07-15T20:57:45.318Z", "session_data": "ZjRlMWI5OTgxZDA3OTlmNzczNjgxOTg0YjMyMmFhM2NiNmJiNzE5MDp7fQ=="}, "model": "sessions.session", "pk": "ujyb20sbz6ae8bvcouemfpceuk025458"}, {"fields": {"expire_date": "2016-07-15T20:57:41.128Z", "session_data": "ZjRlMWI5OTgxZDA3OTlmNzczNjgxOTg0YjMyMmFhM2NiNmJiNzE5MDp7fQ=="}, "model": "sessions.session", "pk": "un2y210i382u1ywvtjx8ijt295dqjn0g"}, {"fields": {"expire_date": "2016-07-15T20:57:43.028Z", "session_data": "ZjRlMWI5OTgxZDA3OTlmNzczNjgxOTg0YjMyMmFhM2NiNmJiNzE5MDp7fQ=="}, "model": "sessions.session", "pk": "unckql90vth3g826zqs3uc1zarnsbnij"}, {"fields": {"expire_date": "2016-07-15T20:57:26.855Z", "session_data": "ZjRlMWI5OTgxZDA3OTlmNzczNjgxOTg0YjMyMmFhM2NiNmJiNzE5MDp7fQ=="}, "model": "sessions.session", "pk": "uo80tgwi09hmnpjmaemz2wug7wbfms2r"}, {"fields": {"expire_date": "2016-07-15T20:57:27.629Z", "session_data": "ZjRlMWI5OTgxZDA3OTlmNzczNjgxOTg0YjMyMmFhM2NiNmJiNzE5MDp7fQ=="}, "model": "sessions.session", "pk": "upaayn7po5qo4pw50kfriv9haiofixtn"}, {"fields": {"expire_date": "2016-07-15T20:57:47.802Z", "session_data": "ZjRlMWI5OTgxZDA3OTlmNzczNjgxOTg0YjMyMmFhM2NiNmJiNzE5MDp7fQ=="}, "model": "sessions.session", "pk": "uqou9wr2mgrkvl5dr9p4jw2wpbnubqzv"}, {"fields": {"expire_date": "2016-07-15T20:57:30.820Z", "session_data": "ZjRlMWI5OTgxZDA3OTlmNzczNjgxOTg0YjMyMmFhM2NiNmJiNzE5MDp7fQ=="}, "model": "sessions.session", "pk": "uxr7gw2a6i4ykt7odk6wpnpwsqhdn88e"}, {"fields": {"expire_date": "2016-07-15T20:57:46.404Z", "session_data": "ZjRlMWI5OTgxZDA3OTlmNzczNjgxOTg0YjMyMmFhM2NiNmJiNzE5MDp7fQ=="}, "model": "sessions.session", "pk": "vhu6wdko6iy8mahxnrtmf8exmcsxhsik"}, {"fields": {"expire_date": "2016-07-15T20:57:50.705Z", "session_data": "ZjRlMWI5OTgxZDA3OTlmNzczNjgxOTg0YjMyMmFhM2NiNmJiNzE5MDp7fQ=="}, "model": "sessions.session", "pk": "vwctuda54ggmbmtv4hm21099hq19nceo"}, {"fields": {"expire_date": "2016-07-15T20:57:50.675Z", "session_data": "ZjRlMWI5OTgxZDA3OTlmNzczNjgxOTg0YjMyMmFhM2NiNmJiNzE5MDp7fQ=="}, "model": "sessions.session", "pk": "w92hc3txh70603dlbyry9c6t9ohj38vy"}, {"fields": {"expire_date": "2016-07-15T20:57:49.083Z", "session_data": "ZjRlMWI5OTgxZDA3OTlmNzczNjgxOTg0YjMyMmFhM2NiNmJiNzE5MDp7fQ=="}, "model": "sessions.session", "pk": "whn3xx2sen5gkqy0w9pwv5u4ypkcqiwd"}, {"fields": {"expire_date": "2016-07-15T20:57:31.230Z", "session_data": "ZjRlMWI5OTgxZDA3OTlmNzczNjgxOTg0YjMyMmFhM2NiNmJiNzE5MDp7fQ=="}, "model": "sessions.session", "pk": "wpy9zaznv6os0sg5ho92sjlkni2ev58r"}, {"fields": {"expire_date": "2016-07-15T20:57:26.847Z", "session_data": "ZjRlMWI5OTgxZDA3OTlmNzczNjgxOTg0YjMyMmFhM2NiNmJiNzE5MDp7fQ=="}, "model": "sessions.session", "pk": "wq8cpufdtb1f1v7yjte9whleun03zrrv"}, {"fields": {"expire_date": "2016-07-15T20:57:33.830Z", "session_data": "ZjRlMWI5OTgxZDA3OTlmNzczNjgxOTg0YjMyMmFhM2NiNmJiNzE5MDp7fQ=="}, "model": "sessions.session", "pk": "wuisc1czc6jxwqhp9uv4o1gp45j68oda"}, {"fields": {"expire_date": "2016-07-15T20:57:34.749Z", "session_data": "ZjRlMWI5OTgxZDA3OTlmNzczNjgxOTg0YjMyMmFhM2NiNmJiNzE5MDp7fQ=="}, "model": "sessions.session", "pk": "wzvqfpipdptlgab7hu73otwjkxcqjbu1"}, {"fields": {"expire_date": "2016-07-15T20:57:46.323Z", "session_data": "ZjRlMWI5OTgxZDA3OTlmNzczNjgxOTg0YjMyMmFhM2NiNmJiNzE5MDp7fQ=="}, "model": "sessions.session", "pk": "x22phseao3q17rrgmpy1ghrpve0jnis6"}, {"fields": {"expire_date": "2016-07-15T19:16:21.392Z", "session_data": "ZjRlMWI5OTgxZDA3OTlmNzczNjgxOTg0YjMyMmFhM2NiNmJiNzE5MDp7fQ=="}, "model": "sessions.session", "pk": "x8qtzjsyferl7c7xquoko1wwehn9j9s9"}, {"fields": {"expire_date": "2016-07-15T20:57:44.595Z", "session_data": "ZjRlMWI5OTgxZDA3OTlmNzczNjgxOTg0YjMyMmFhM2NiNmJiNzE5MDp7fQ=="}, "model": "sessions.session", "pk": "xwzxo0kob4o8nqxgj4wewrpwnh7wlyog"}, {"fields": {"expire_date": "2016-07-15T20:57:41.058Z", "session_data": "ZjRlMWI5OTgxZDA3OTlmNzczNjgxOTg0YjMyMmFhM2NiNmJiNzE5MDp7fQ=="}, "model": "sessions.session", "pk": "y8mjicromqmuiyvvpvjcs20twvfl8e9q"}, {"fields": {"expire_date": "2016-07-15T20:57:22.995Z", "session_data": "ZjRlMWI5OTgxZDA3OTlmNzczNjgxOTg0YjMyMmFhM2NiNmJiNzE5MDp7fQ=="}, "model": "sessions.session", "pk": "ydcjpopls61m3b8a7jupk2ex0zf2ivbe"}, {"fields": {"expire_date": "2016-07-15T20:57:30.295Z", "session_data": "ZjRlMWI5OTgxZDA3OTlmNzczNjgxOTg0YjMyMmFhM2NiNmJiNzE5MDp7fQ=="}, "model": "sessions.session", "pk": "yfi8o4gnmdzha3e4f5rucg6ntg81rsxf"}, {"fields": {"expire_date": "2016-07-15T20:57:30.278Z", "session_data": "ZjRlMWI5OTgxZDA3OTlmNzczNjgxOTg0YjMyMmFhM2NiNmJiNzE5MDp7fQ=="}, "model": "sessions.session", "pk": "ys29w0yi2t67s61a8rz3xhhdfae6ipiy"}, {"fields": {"expire_date": "2016-07-15T20:57:33.950Z", "session_data": "ZjRlMWI5OTgxZDA3OTlmNzczNjgxOTg0YjMyMmFhM2NiNmJiNzE5MDp7fQ=="}, "model": "sessions.session", "pk": "yt07cpo9n75iinaqo56fjgs2g2isjhln"}, {"fields": {"expire_date": "2016-07-15T20:57:36.090Z", "session_data": "ZjRlMWI5OTgxZDA3OTlmNzczNjgxOTg0YjMyMmFhM2NiNmJiNzE5MDp7fQ=="}, "model": "sessions.session", "pk": "ytzwr8qsjuza8xd57a635pzft1trzt76"}, {"fields": {"expire_date": "2016-07-15T20:57:45.926Z", "session_data": "ZjRlMWI5OTgxZDA3OTlmNzczNjgxOTg0YjMyMmFhM2NiNmJiNzE5MDp7fQ=="}, "model": "sessions.session", "pk": "yvlwo8sz5cx4wlut6opmnl9bqgl98tlv"}, {"fields": {"expire_date": "2016-07-15T20:57:25.742Z", "session_data": "ZjRlMWI5OTgxZDA3OTlmNzczNjgxOTg0YjMyMmFhM2NiNmJiNzE5MDp7fQ=="}, "model": "sessions.session", "pk": "yxoyfehv0nl3yyrlgde6bm4uoetn2s18"}, {"fields": {"expire_date": "2016-07-15T20:57:36.088Z", "session_data": "ZjRlMWI5OTgxZDA3OTlmNzczNjgxOTg0YjMyMmFhM2NiNmJiNzE5MDp7fQ=="}, "model": "sessions.session", "pk": "yy3d9asgnpye20vnm052ig0ntq4n4qsl"}, {"fields": {"expire_date": "2016-07-15T20:57:28.482Z", "session_data": "ZjRlMWI5OTgxZDA3OTlmNzczNjgxOTg0YjMyMmFhM2NiNmJiNzE5MDp7fQ=="}, "model": "sessions.session", "pk": "zeiblctbc6dw0ho2sbfyy7jcorj2r96i"}, {"fields": {"expire_date": "2016-07-15T20:57:39.290Z", "session_data": "ZjRlMWI5OTgxZDA3OTlmNzczNjgxOTg0YjMyMmFhM2NiNmJiNzE5MDp7fQ=="}, "model": "sessions.session", "pk": "zfw3erg5474favxixf5k7nra64greblk"}, {"fields": {"expire_date": "2016-07-15T20:57:38.648Z", "session_data": "ZjRlMWI5OTgxZDA3OTlmNzczNjgxOTg0YjMyMmFhM2NiNmJiNzE5MDp7fQ=="}, "model": "sessions.session", "pk": "zmpz0y1sv0rbdfckl81biypb1jihfh4c"}, {"fields": {"expire_date": "2016-07-15T20:57:43.030Z", "session_data": "ZjRlMWI5OTgxZDA3OTlmNzczNjgxOTg0YjMyMmFhM2NiNmJiNzE5MDp7fQ=="}, "model": "sessions.session", "pk": "zu0dfi88758e511eb8l6neoirs6wb0yq"}, {"fields": {"graph_ui": "{\"graph\": \"G1\", \"nodes\": [{\"index\": 0, \"reflexive\": false, \"weight\": 2, \"px\": 147, \"py\": 359, \"y\": 359, \"x\": 147, \"id\": 1}, {\"index\": 1, \"reflexive\": false, \"weight\": 4, \"px\": 236, \"py\": 360, \"y\": 360, \"x\": 236, \"id\": 2}, {\"index\": 2, \"reflexive\": false, \"weight\": 2, \"px\": 318, \"py\": 363, \"y\": 363, \"x\": 318, \"id\": 3}, {\"index\": 3, \"reflexive\": false, \"weight\": 3, \"px\": 139, \"py\": 286, \"y\": 286, \"x\": 139, \"id\": 4}, {\"index\": 4, \"reflexive\": false, \"weight\": 5, \"px\": 282, \"py\": 289, \"y\": 289, \"x\": 282, \"id\": 5}, {\"index\": 5, \"reflexive\": false, \"weight\": 2, \"px\": 400, \"py\": 293, \"y\": 293, \"x\": 400, \"id\": 6}, {\"index\": 6, \"reflexive\": false, \"weight\": 5, \"px\": 285, \"py\": 190, \"y\": 190, \"x\": 285, \"id\": 7}, {\"index\": 7, \"reflexive\": false, \"weight\": 3, \"px\": 420, \"py\": 138, \"y\": 138, \"x\": 420, \"id\": 8}, {\"index\": 8, \"reflexive\": false, \"weight\": 1, \"px\": 290, \"py\": 80, \"y\": 80, \"x\": 290, \"id\": 9}, {\"index\": 9, \"reflexive\": false, \"weight\": 1, \"px\": 162, \"py\": 124, \"y\": 124, \"x\": 162, \"id\": 10}], \"game\": \"game\", \"links\": [{\"id\": \"d73575012dfee9c6511ab1245ca5c87e\", \"source\": {\"index\": 0, \"reflexive\": false, \"weight\": 2, \"px\": 147, \"py\": 359, \"y\": 359, \"x\": 147, \"id\": 1}, \"right\": true, \"target\": {\"index\": 1, \"reflexive\": false, \"weight\": 4, \"px\": 236, \"py\": 360, \"y\": 360, \"x\": 236, \"id\": 2}, \"left\": false}, {\"id\": \"acf3417fce6ed30ef52ff54a1e3c0699\", \"source\": {\"index\": 1, \"reflexive\": false, \"weight\": 4, \"px\": 236, \"py\": 360, \"y\": 360, \"x\": 236, \"id\": 2}, \"right\": true, \"target\": {\"index\": 2, \"reflexive\": false, \"weight\": 2, \"px\": 318, \"py\": 363, \"y\": 363, \"x\": 318, \"id\": 3}, \"left\": false}, {\"id\": \"485d5bd92194c405713e800ee1e06cdb\", \"source\": {\"index\": 2, \"reflexive\": false, \"weight\": 2, \"px\": 318, \"py\": 363, \"y\": 363, \"x\": 318, \"id\": 3}, \"right\": true, \"target\": {\"index\": 4, \"reflexive\": false, \"weight\": 5, \"px\": 282, \"py\": 289, \"y\": 289, \"x\": 282, \"id\": 5}, \"left\": false}, {\"id\": \"f0383acf006ffe4884fff07958958e0c\", \"source\": {\"index\": 1, \"reflexive\": false, \"weight\": 4, \"px\": 236, \"py\": 360, \"y\": 360, \"x\": 236, \"id\": 2}, \"right\": true, \"target\": {\"index\": 4, \"reflexive\": false, \"weight\": 5, \"px\": 282, \"py\": 289, \"y\": 289, \"x\": 282, \"id\": 5}, \"left\": false}, {\"id\": \"a244057301f4baa854e16fa05a454451\", \"source\": {\"index\": 0, \"reflexive\": false, \"weight\": 2, \"px\": 147, \"py\": 359, \"y\": 359, \"x\": 147, \"id\": 1}, \"right\": true, \"target\": {\"index\": 3, \"reflexive\": false, \"weight\": 3, \"px\": 139, \"py\": 286, \"y\": 286, \"x\": 139, \"id\": 4}, \"left\": false}, {\"id\": \"fda368e1d48e6df5b7ab3fca60c39bd8\", \"source\": {\"index\": 1, \"reflexive\": false, \"weight\": 4, \"px\": 236, \"py\": 360, \"y\": 360, \"x\": 236, \"id\": 2}, \"right\": true, \"target\": {\"index\": 3, \"reflexive\": false, \"weight\": 3, \"px\": 139, \"py\": 286, \"y\": 286, \"x\": 139, \"id\": 4}, \"left\": false}, {\"id\": \"99320897886ae6a6018d4481643785c8\", \"source\": {\"index\": 3, \"reflexive\": false, \"weight\": 3, \"px\": 139, \"py\": 286, \"y\": 286, \"x\": 139, \"id\": 4}, \"right\": true, \"target\": {\"index\": 6, \"reflexive\": false, \"weight\": 5, \"px\": 285, \"py\": 190, \"y\": 190, \"x\": 285, \"id\": 7}, \"left\": false}, {\"id\": \"86cac80a0ad4519e87f29b291a235f24\", \"source\": {\"index\": 4, \"reflexive\": false, \"weight\": 5, \"px\": 282, \"py\": 289, \"y\": 289, \"x\": 282, \"id\": 5}, \"right\": true, \"target\": {\"index\": 6, \"reflexive\": false, \"weight\": 5, \"px\": 285, \"py\": 190, \"y\": 190, \"x\": 285, \"id\": 7}, \"left\": false}, {\"id\": \"7bd28cd234c5b6cf23cbeb8dc1afa74e\", \"source\": {\"index\": 6, \"reflexive\": false, \"weight\": 5, \"px\": 285, \"py\": 190, \"y\": 190, \"x\": 285, \"id\": 7}, \"right\": true, \"target\": {\"index\": 9, \"reflexive\": false, \"weight\": 1, \"px\": 162, \"py\": 124, \"y\": 124, \"x\": 162, \"id\": 10}, \"left\": false}, {\"id\": \"23042a35175b3e0a830ec50845b82c6b\", \"source\": {\"index\": 6, \"reflexive\": false, \"weight\": 5, \"px\": 285, \"py\": 190, \"y\": 190, \"x\": 285, \"id\": 7}, \"right\": true, \"target\": {\"index\": 8, \"reflexive\": false, \"weight\": 1, \"px\": 290, \"py\": 80, \"y\": 80, \"x\": 290, \"id\": 9}, \"left\": false}, {\"id\": \"769bf1b0c4457feb317870ea363de784\", \"source\": {\"index\": 6, \"reflexive\": false, \"weight\": 5, \"px\": 285, \"py\": 190, \"y\": 190, \"x\": 285, \"id\": 7}, \"right\": true, \"target\": {\"index\": 7, \"reflexive\": false, \"weight\": 3, \"px\": 420, \"py\": 138, \"y\": 138, \"x\": 420, \"id\": 8}, \"left\": false}, {\"id\": \"51d9c51aa211b71f85fc6556df512503\", \"source\": {\"index\": 4, \"reflexive\": false, \"weight\": 5, \"px\": 282, \"py\": 289, \"y\": 289, \"x\": 282, \"id\": 5}, \"right\": true, \"target\": {\"index\": 5, \"reflexive\": false, \"weight\": 2, \"px\": 400, \"py\": 293, \"y\": 293, \"x\": 400, \"id\": 6}, \"left\": false}, {\"id\": \"40991d08f56b089b974d321bd55daa26\", \"source\": {\"index\": 5, \"reflexive\": false, \"weight\": 2, \"px\": 400, \"py\": 293, \"y\": 293, \"x\": 400, \"id\": 6}, \"right\": true, \"target\": {\"index\": 7, \"reflexive\": false, \"weight\": 3, \"px\": 420, \"py\": 138, \"y\": 138, \"x\": 420, \"id\": 8}, \"left\": false}, {\"id\": \"cc85b786f82d94eecb08b04e9e95f8ca\", \"source\": {\"index\": 4, \"reflexive\": false, \"weight\": 5, \"px\": 282, \"py\": 289, \"y\": 289, \"x\": 282, \"id\": 5}, \"right\": true, \"target\": {\"index\": 7, \"reflexive\": false, \"weight\": 3, \"px\": 420, \"py\": 138, \"y\": 138, \"x\": 420, \"id\": 8}, \"left\": false}]}"}, "model": "graph.graph", "pk": "G1"}, {"fields": {"graph_ui": "{\"graph\": \"G2\", \"nodes\": [{\"index\": 0, \"reflexive\": false, \"weight\": 2, \"px\": 126, \"py\": 409, \"y\": 409, \"x\": 126, \"id\": 1}, {\"index\": 1, \"reflexive\": false, \"weight\": 2, \"px\": 254, \"py\": 411, \"y\": 411, \"x\": 254, \"id\": 2}, {\"index\": 2, \"reflexive\": false, \"weight\": 2, \"px\": 383, \"py\": 412, \"y\": 412, \"x\": 383, \"id\": 3}, {\"index\": 3, \"reflexive\": false, \"weight\": 6, \"px\": 196, \"py\": 347, \"y\": 347, \"x\": 196, \"id\": 4}, {\"index\": 4, \"reflexive\": false, \"weight\": 6, \"px\": 328, \"py\": 351, \"y\": 351, \"x\": 328, \"id\": 5}, {\"index\": 5, \"reflexive\": false, \"weight\": 3, \"px\": 279, \"py\": 289, \"y\": 289, \"x\": 279, \"id\": 6}, {\"index\": 6, \"reflexive\": false, \"weight\": 3, \"px\": 242, \"py\": 287, \"y\": 287, \"x\": 242, \"id\": 7}, {\"index\": 7, \"reflexive\": false, \"weight\": 3, \"px\": 385, \"py\": 286, \"y\": 286, \"x\": 385, \"id\": 8}, {\"index\": 8, \"reflexive\": false, \"weight\": 3, \"px\": 131, \"py\": 284, \"y\": 284, \"x\": 131, \"id\": 9}, {\"index\": 9, \"reflexive\": false, \"weight\": 5, \"px\": 189, \"py\": 224, \"y\": 224, \"x\": 189, \"id\": 10}, {\"index\": 10, \"reflexive\": false, \"weight\": 5, \"px\": 335, \"py\": 220, \"y\": 220, \"x\": 335, \"id\": 11}, {\"index\": 11, \"reflexive\": false, \"weight\": 2, \"px\": 116, \"py\": 164, \"y\": 164, \"x\": 116, \"id\": 12}, {\"index\": 12, \"reflexive\": false, \"weight\": 2, \"px\": 217, \"py\": 161, \"y\": 161, \"x\": 217, \"id\": 13}, {\"index\": 13, \"reflexive\": false, \"weight\": 2, \"px\": 290, \"py\": 158, \"y\": 158, \"x\": 290, \"id\": 14}, {\"index\": 14, \"reflexive\": false, \"weight\": 2, \"px\": 414, \"py\": 155, \"y\": 155, \"x\": 414, \"id\": 15}], \"game\": \"game\", \"links\": [{\"id\": \"72af3562012daa318150cda5d59d8cd6\", \"source\": {\"index\": 1, \"reflexive\": false, \"weight\": 2, \"px\": 254, \"py\": 411, \"y\": 411, \"x\": 254, \"id\": 2}, \"right\": true, \"target\": {\"index\": 3, \"reflexive\": false, \"weight\": 6, \"px\": 196, \"py\": 347, \"y\": 347, \"x\": 196, \"id\": 4}, \"left\": false}, {\"id\": \"0027e6d64e44e3cc53578c20ff15ae3e\", \"source\": {\"index\": 1, \"reflexive\": false, \"weight\": 2, \"px\": 254, \"py\": 411, \"y\": 411, \"x\": 254, \"id\": 2}, \"right\": true, \"target\": {\"index\": 4, \"reflexive\": false, \"weight\": 6, \"px\": 328, \"py\": 351, \"y\": 351, \"x\": 328, \"id\": 5}, \"left\": false}, {\"id\": \"b43598c4429e4aefcc19cb588b0af442\", \"source\": {\"index\": 2, \"reflexive\": false, \"weight\": 2, \"px\": 383, \"py\": 412, \"y\": 412, \"x\": 383, \"id\": 3}, \"right\": true, \"target\": {\"index\": 4, \"reflexive\": false, \"weight\": 6, \"px\": 328, \"py\": 351, \"y\": 351, \"x\": 328, \"id\": 5}, \"left\": false}, {\"id\": \"007a18860c6921cfc90f78d7b4060abc\", \"source\": {\"index\": 2, \"reflexive\": false, \"weight\": 2, \"px\": 383, \"py\": 412, \"y\": 412, \"x\": 383, \"id\": 3}, \"right\": true, \"target\": {\"index\": 3, \"reflexive\": false, \"weight\": 6, \"px\": 196, \"py\": 347, \"y\": 347, \"x\": 196, \"id\": 4}, \"left\": false}, {\"id\": \"35b0220c59b49e78f8b5ad3da8ab1d96\", \"source\": {\"index\": 0, \"reflexive\": false, \"weight\": 2, \"px\": 126, \"py\": 409, \"y\": 409, \"x\": 126, \"id\": 1}, \"right\": true, \"target\": {\"index\": 4, \"reflexive\": false, \"weight\": 6, \"px\": 328, \"py\": 351, \"y\": 351, \"x\": 328, \"id\": 5}, \"left\": false}, {\"id\": \"cec7db16546c6accddd5052113500981\", \"source\": {\"index\": 0, \"reflexive\": false, \"weight\": 2, \"px\": 126, \"py\": 409, \"y\": 409, \"x\": 126, \"id\": 1}, \"right\": true, \"target\": {\"index\": 3, \"reflexive\": false, \"weight\": 6, \"px\": 196, \"py\": 347, \"y\": 347, \"x\": 196, \"id\": 4}, \"left\": false}, {\"id\": \"fa7cc64b86d7a7eb02de2e32c790ae2b\", \"source\": {\"index\": 4, \"reflexive\": false, \"weight\": 6, \"px\": 328, \"py\": 351, \"y\": 351, \"x\": 328, \"id\": 5}, \"right\": true, \"target\": {\"index\": 10, \"reflexive\": false, \"weight\": 5, \"px\": 335, \"py\": 220, \"y\": 220, \"x\": 335, \"id\": 11}, \"left\": false}, {\"id\": \"66d01f4a8bcad8657269a02312351c41\", \"source\": {\"index\": 4, \"reflexive\": false, \"weight\": 6, \"px\": 328, \"py\": 351, \"y\": 351, \"x\": 328, \"id\": 5}, \"right\": true, \"target\": {\"index\": 5, \"reflexive\": false, \"weight\": 3, \"px\": 279, \"py\": 289, \"y\": 289, \"x\": 279, \"id\": 6}, \"left\": false}, {\"id\": \"27f1acc923b409c7bdbb310cc9290b86\", \"source\": {\"index\": 4, \"reflexive\": false, \"weight\": 6, \"px\": 328, \"py\": 351, \"y\": 351, \"x\": 328, \"id\": 5}, \"right\": true, \"target\": {\"index\": 7, \"reflexive\": false, \"weight\": 3, \"px\": 385, \"py\": 286, \"y\": 286, \"x\": 385, \"id\": 8}, \"left\": false}, {\"id\": \"94344926aa62f973e58b16a23186f6c0\", \"source\": {\"index\": 3, \"reflexive\": false, \"weight\": 6, \"px\": 196, \"py\": 347, \"y\": 347, \"x\": 196, \"id\": 4}, \"right\": true, \"target\": {\"index\": 6, \"reflexive\": false, \"weight\": 3, \"px\": 242, \"py\": 287, \"y\": 287, \"x\": 242, \"id\": 7}, \"left\": false}, {\"id\": \"ee931f76c15f60cdb0fc1c598e9adc1f\", \"source\": {\"index\": 3, \"reflexive\": false, \"weight\": 6, \"px\": 196, \"py\": 347, \"y\": 347, \"x\": 196, \"id\": 4}, \"right\": true, \"target\": {\"index\": 9, \"reflexive\": false, \"weight\": 5, \"px\": 189, \"py\": 224, \"y\": 224, \"x\": 189, \"id\": 10}, \"left\": false}, {\"id\": \"a957fda1a85a6cf62b5a9746e3f86848\", \"source\": {\"index\": 3, \"reflexive\": false, \"weight\": 6, \"px\": 196, \"py\": 347, \"y\": 347, \"x\": 196, \"id\": 4}, \"right\": true, \"target\": {\"index\": 8, \"reflexive\": false, \"weight\": 3, \"px\": 131, \"py\": 284, \"y\": 284, \"x\": 131, \"id\": 9}, \"left\": false}, {\"id\": \"25feef5660d32fa1a5fdcbb746d16f36\", \"source\": {\"index\": 8, \"reflexive\": false, \"weight\": 3, \"px\": 131, \"py\": 284, \"y\": 284, \"x\": 131, \"id\": 9}, \"right\": true, \"target\": {\"index\": 9, \"reflexive\": false, \"weight\": 5, \"px\": 189, \"py\": 224, \"y\": 224, \"x\": 189, \"id\": 10}, \"left\": false}, {\"id\": \"12bd53f4beb83b740fe580f67fcc7df0\", \"source\": {\"index\": 6, \"reflexive\": false, \"weight\": 3, \"px\": 242, \"py\": 287, \"y\": 287, \"x\": 242, \"id\": 7}, \"right\": true, \"target\": {\"index\": 9, \"reflexive\": false, \"weight\": 5, \"px\": 189, \"py\": 224, \"y\": 224, \"x\": 189, \"id\": 10}, \"left\": false}, {\"id\": \"f11ef86881705b86e22d862e5fa42eea\", \"source\": {\"index\": 6, \"reflexive\": false, \"weight\": 3, \"px\": 242, \"py\": 287, \"y\": 287, \"x\": 242, \"id\": 7}, \"right\": true, \"target\": {\"index\": 12, \"reflexive\": false, \"weight\": 2, \"px\": 217, \"py\": 161, \"y\": 161, \"x\": 217, \"id\": 13}, \"left\": false}, {\"id\": \"295c1def66b30e0351ca8410381582e2\", \"source\": {\"index\": 8, \"reflexive\": false, \"weight\": 3, \"px\": 131, \"py\": 284, \"y\": 284, \"x\": 131, \"id\": 9}, \"right\": true, \"target\": {\"index\": 11, \"reflexive\": false, \"weight\": 2, \"px\": 116, \"py\": 164, \"y\": 164, \"x\": 116, \"id\": 12}, \"left\": false}, {\"id\": \"4d4d3a987026139b17970879be24e669\", \"source\": {\"index\": 5, \"reflexive\": false, \"weight\": 3, \"px\": 279, \"py\": 289, \"y\": 289, \"x\": 279, \"id\": 6}, \"right\": true, \"target\": {\"index\": 10, \"reflexive\": false, \"weight\": 5, \"px\": 335, \"py\": 220, \"y\": 220, \"x\": 335, \"id\": 11}, \"left\": false}, {\"id\": \"52ebf7f8d02f0d3d449eb689b695b780\", \"source\": {\"index\": 5, \"reflexive\": false, \"weight\": 3, \"px\": 279, \"py\": 289, \"y\": 289, \"x\": 279, \"id\": 6}, \"right\": true, \"target\": {\"index\": 13, \"reflexive\": false, \"weight\": 2, \"px\": 290, \"py\": 158, \"y\": 158, \"x\": 290, \"id\": 14}, \"left\": false}, {\"id\": \"a96571546af88b4062dbfaae79c03b87\", \"source\": {\"index\": 7, \"reflexive\": false, \"weight\": 3, \"px\": 385, \"py\": 286, \"y\": 286, \"x\": 385, \"id\": 8}, \"right\": true, \"target\": {\"index\": 10, \"reflexive\": false, \"weight\": 5, \"px\": 335, \"py\": 220, \"y\": 220, \"x\": 335, \"id\": 11}, \"left\": false}, {\"id\": \"522c8a0af9795c5c725b4cdbae5de664\", \"source\": {\"index\": 7, \"reflexive\": false, \"weight\": 3, \"px\": 385, \"py\": 286, \"y\": 286, \"x\": 385, \"id\": 8}, \"right\": true, \"target\": {\"index\": 14, \"reflexive\": false, \"weight\": 2, \"px\": 414, \"py\": 155, \"y\": 155, \"x\": 414, \"id\": 15}, \"left\": false}, {\"id\": \"1d885ee037773d85f2d4315a8bdffc88\", \"source\": {\"index\": 9, \"reflexive\": false, \"weight\": 5, \"px\": 189, \"py\": 224, \"y\": 224, \"x\": 189, \"id\": 10}, \"right\": true, \"target\": {\"index\": 11, \"reflexive\": false, \"weight\": 2, \"px\": 116, \"py\": 164, \"y\": 164, \"x\": 116, \"id\": 12}, \"left\": false}, {\"id\": \"4f0e1820bfac23882f8a6b2eed3d64d2\", \"source\": {\"index\": 9, \"reflexive\": false, \"weight\": 5, \"px\": 189, \"py\": 224, \"y\": 224, \"x\": 189, \"id\": 10}, \"right\": true, \"target\": {\"index\": 12, \"reflexive\": false, \"weight\": 2, \"px\": 217, \"py\": 161, \"y\": 161, \"x\": 217, \"id\": 13}, \"left\": false}, {\"id\": \"c51a4da2c9c32e602bc6adda3b478f0d\", \"source\": {\"index\": 10, \"reflexive\": false, \"weight\": 5, \"px\": 335, \"py\": 220, \"y\": 220, \"x\": 335, \"id\": 11}, \"right\": true, \"target\": {\"index\": 13, \"reflexive\": false, \"weight\": 2, \"px\": 290, \"py\": 158, \"y\": 158, \"x\": 290, \"id\": 14}, \"left\": false}, {\"id\": \"66c48ff5cc6f204e9c4393d8775a27ed\", \"source\": {\"index\": 10, \"reflexive\": false, \"weight\": 5, \"px\": 335, \"py\": 220, \"y\": 220, \"x\": 335, \"id\": 11}, \"right\": true, \"target\": {\"index\": 14, \"reflexive\": false, \"weight\": 2, \"px\": 414, \"py\": 155, \"y\": 155, \"x\": 414, \"id\": 15}, \"left\": false}]}"}, "model": "graph.graph", "pk": "G2"}, {"fields": {"graph_ui": "{\"graph\": \"G3\", \"nodes\": [{\"index\": 0, \"reflexive\": false, \"weight\": 3, \"px\": 290, \"py\": 389, \"y\": 389, \"x\": 290, \"id\": 1}, {\"index\": 1, \"reflexive\": false, \"weight\": 3, \"px\": 191, \"py\": 324, \"y\": 324, \"x\": 191, \"id\": 2}, {\"index\": 2, \"reflexive\": false, \"weight\": 3, \"px\": 289, \"py\": 323, \"y\": 323, \"x\": 289, \"id\": 3}, {\"index\": 3, \"reflexive\": false, \"weight\": 2, \"px\": 381, \"py\": 322, \"y\": 322, \"x\": 381, \"id\": 4}, {\"index\": 4, \"reflexive\": false, \"weight\": 3, \"px\": 125, \"py\": 258, \"y\": 258, \"x\": 125, \"id\": 5}, {\"index\": 5, \"reflexive\": false, \"weight\": 6, \"px\": 231, \"py\": 258, \"y\": 258, \"x\": 231, \"id\": 6}, {\"index\": 6, \"reflexive\": false, \"weight\": 3, \"px\": 339, \"py\": 256, \"y\": 256, \"x\": 339, \"id\": 7}, {\"index\": 7, \"reflexive\": false, \"weight\": 3, \"px\": 480, \"py\": 258, \"y\": 258, \"x\": 480, \"id\": 8}, {\"index\": 8, \"reflexive\": false, \"weight\": 4, \"px\": 290, \"py\": 192, \"y\": 192, \"x\": 290, \"id\": 9}, {\"index\": 9, \"reflexive\": false, \"weight\": 3, \"px\": 169, \"py\": 195, \"y\": 195, \"x\": 169, \"id\": 10}, {\"index\": 10, \"reflexive\": false, \"weight\": 2, \"px\": 228, \"py\": 124, \"y\": 124, \"x\": 228, \"id\": 11}, {\"index\": 11, \"reflexive\": false, \"weight\": 3, \"px\": 109, \"py\": 122, \"y\": 122, \"x\": 109, \"id\": 12}, {\"index\": 12, \"reflexive\": false, \"weight\": 2, \"px\": 189, \"py\": 157, \"y\": 157, \"x\": 189, \"id\": 13}], \"game\": \"game\", \"links\": [{\"id\": \"5f3e3e28943a8f208a50008aef30d39c\", \"source\": {\"index\": 0, \"reflexive\": false, \"weight\": 3, \"px\": 290, \"py\": 389, \"y\": 389, \"x\": 290, \"id\": 1}, \"right\": true, \"target\": {\"index\": 3, \"reflexive\": false, \"weight\": 2, \"px\": 381, \"py\": 322, \"y\": 322, \"x\": 381, \"id\": 4}, \"left\": false}, {\"id\": \"82fdfe67a8794621e3a010021773fde9\", \"source\": {\"index\": 0, \"reflexive\": false, \"weight\": 3, \"px\": 290, \"py\": 389, \"y\": 389, \"x\": 290, \"id\": 1}, \"right\": true, \"target\": {\"index\": 2, \"reflexive\": false, \"weight\": 3, \"px\": 289, \"py\": 323, \"y\": 323, \"x\": 289, \"id\": 3}, \"left\": false}, {\"id\": \"e9ef210b48764369350697d85dc86a6e\", \"source\": {\"index\": 0, \"reflexive\": false, \"weight\": 3, \"px\": 290, \"py\": 389, \"y\": 389, \"x\": 290, \"id\": 1}, \"right\": true, \"target\": {\"index\": 1, \"reflexive\": false, \"weight\": 3, \"px\": 191, \"py\": 324, \"y\": 324, \"x\": 191, \"id\": 2}, \"left\": false}, {\"id\": \"1c3b4483f60f722277ac27732101ae1f\", \"source\": {\"index\": 2, \"reflexive\": false, \"weight\": 3, \"px\": 289, \"py\": 323, \"y\": 323, \"x\": 289, \"id\": 3}, \"right\": true, \"target\": {\"index\": 5, \"reflexive\": false, \"weight\": 6, \"px\": 231, \"py\": 258, \"y\": 258, \"x\": 231, \"id\": 6}, \"left\": false}, {\"id\": \"132e2fcebe9271cd46850de55b90fde0\", \"source\": {\"index\": 2, \"reflexive\": false, \"weight\": 3, \"px\": 289, \"py\": 323, \"y\": 323, \"x\": 289, \"id\": 3}, \"right\": true, \"target\": {\"index\": 6, \"reflexive\": false, \"weight\": 3, \"px\": 339, \"py\": 256, \"y\": 256, \"x\": 339, \"id\": 7}, \"left\": false}, {\"id\": \"742aa0e55a4b5a95569796eec4c59179\", \"source\": {\"index\": 1, \"reflexive\": false, \"weight\": 3, \"px\": 191, \"py\": 324, \"y\": 324, \"x\": 191, \"id\": 2}, \"right\": true, \"target\": {\"index\": 5, \"reflexive\": false, \"weight\": 6, \"px\": 231, \"py\": 258, \"y\": 258, \"x\": 231, \"id\": 6}, \"left\": false}, {\"id\": \"b5dbefdec3e2d18a3e82f44ded5aaa83\", \"source\": {\"index\": 1, \"reflexive\": false, \"weight\": 3, \"px\": 191, \"py\": 324, \"y\": 324, \"x\": 191, \"id\": 2}, \"right\": true, \"target\": {\"index\": 4, \"reflexive\": false, \"weight\": 3, \"px\": 125, \"py\": 258, \"y\": 258, \"x\": 125, \"id\": 5}, \"left\": false}, {\"id\": \"b24eeeba02b097ad35da14f23a45f12e\", \"source\": {\"index\": 3, \"reflexive\": false, \"weight\": 2, \"px\": 381, \"py\": 322, \"y\": 322, \"x\": 381, \"id\": 4}, \"right\": true, \"target\": {\"index\": 7, \"reflexive\": false, \"weight\": 3, \"px\": 480, \"py\": 258, \"y\": 258, \"x\": 480, \"id\": 8}, \"left\": false}, {\"id\": \"e541d162e1069fc825ec34ed6e70efa9\", \"source\": {\"index\": 6, \"reflexive\": false, \"weight\": 3, \"px\": 339, \"py\": 256, \"y\": 256, \"x\": 339, \"id\": 7}, \"right\": true, \"target\": {\"index\": 7, \"reflexive\": false, \"weight\": 3, \"px\": 480, \"py\": 258, \"y\": 258, \"x\": 480, \"id\": 8}, \"left\": false}, {\"id\": \"55d6c5f03ff836ab65ae7cae011e382a\", \"source\": {\"index\": 7, \"reflexive\": false, \"weight\": 3, \"px\": 480, \"py\": 258, \"y\": 258, \"x\": 480, \"id\": 8}, \"right\": false, \"target\": {\"index\": 8, \"reflexive\": false, \"weight\": 4, \"px\": 290, \"py\": 192, \"y\": 192, \"x\": 290, \"id\": 9}, \"left\": true}, {\"id\": \"199f63ec0db65cf17ce05e5be9caac6c\", \"source\": {\"index\": 5, \"reflexive\": false, \"weight\": 6, \"px\": 231, \"py\": 258, \"y\": 258, \"x\": 231, \"id\": 6}, \"right\": true, \"target\": {\"index\": 8, \"reflexive\": false, \"weight\": 4, \"px\": 290, \"py\": 192, \"y\": 192, \"x\": 290, \"id\": 9}, \"left\": false}, {\"id\": \"c0e2457916dc01ad92dd589f9692eb3d\", \"source\": {\"index\": 5, \"reflexive\": false, \"weight\": 6, \"px\": 231, \"py\": 258, \"y\": 258, \"x\": 231, \"id\": 6}, \"right\": true, \"target\": {\"index\": 9, \"reflexive\": false, \"weight\": 3, \"px\": 169, \"py\": 195, \"y\": 195, \"x\": 169, \"id\": 10}, \"left\": false}, {\"id\": \"5d40a062527c9d87be95624a2bab0d13\", \"source\": {\"index\": 4, \"reflexive\": false, \"weight\": 3, \"px\": 125, \"py\": 258, \"y\": 258, \"x\": 125, \"id\": 5}, \"right\": true, \"target\": {\"index\": 9, \"reflexive\": false, \"weight\": 3, \"px\": 169, \"py\": 195, \"y\": 195, \"x\": 169, \"id\": 10}, \"left\": false}, {\"id\": \"5d874e676c7c32ec72c0013c83806378\", \"source\": {\"index\": 5, \"reflexive\": false, \"weight\": 6, \"px\": 231, \"py\": 258, \"y\": 258, \"x\": 231, \"id\": 6}, \"right\": true, \"target\": {\"index\": 10, \"reflexive\": false, \"weight\": 2, \"px\": 228, \"py\": 124, \"y\": 124, \"x\": 228, \"id\": 11}, \"left\": false}, {\"id\": \"c164f3fd499b4af5a5337da80f2743fb\", \"source\": {\"index\": 8, \"reflexive\": false, \"weight\": 4, \"px\": 290, \"py\": 192, \"y\": 192, \"x\": 290, \"id\": 9}, \"right\": true, \"target\": {\"index\": 10, \"reflexive\": false, \"weight\": 2, \"px\": 228, \"py\": 124, \"y\": 124, \"x\": 228, \"id\": 11}, \"left\": false}, {\"id\": \"cd6d3191395ba59eb9b70fbf18e388af\", \"source\": {\"index\": 4, \"reflexive\": false, \"weight\": 3, \"px\": 125, \"py\": 258, \"y\": 258, \"x\": 125, \"id\": 5}, \"right\": true, \"target\": {\"index\": 11, \"reflexive\": false, \"weight\": 3, \"px\": 109, \"py\": 122, \"y\": 122, \"x\": 109, \"id\": 12}, \"left\": false}, {\"id\": \"2888229464505ed6800a4957e70745b1\", \"source\": {\"index\": 9, \"reflexive\": false, \"weight\": 3, \"px\": 169, \"py\": 195, \"y\": 195, \"x\": 169, \"id\": 10}, \"right\": true, \"target\": {\"index\": 11, \"reflexive\": false, \"weight\": 3, \"px\": 109, \"py\": 122, \"y\": 122, \"x\": 109, \"id\": 12}, \"left\": false}, {\"id\": \"c8c4cf64b876a76570c3411d6990ab48\", \"source\": {\"index\": 5, \"reflexive\": false, \"weight\": 6, \"px\": 231, \"py\": 258, \"y\": 258, \"x\": 231, \"id\": 6}, \"right\": true, \"target\": {\"index\": 12, \"reflexive\": false, \"weight\": 2, \"px\": 189, \"py\": 157, \"y\": 157, \"x\": 189, \"id\": 13}, \"left\": false}, {\"id\": \"7a2acf00a2783ee74a9bd19e6049f694\", \"source\": {\"index\": 11, \"reflexive\": false, \"weight\": 3, \"px\": 109, \"py\": 122, \"y\": 122, \"x\": 109, \"id\": 12}, \"right\": false, \"target\": {\"index\": 12, \"reflexive\": false, \"weight\": 2, \"px\": 189, \"py\": 157, \"y\": 157, \"x\": 189, \"id\": 13}, \"left\": true}, {\"id\": \"53087bf8be2366d476ba192eff6218b8\", \"source\": {\"index\": 6, \"reflexive\": false, \"weight\": 3, \"px\": 339, \"py\": 256, \"y\": 256, \"x\": 339, \"id\": 7}, \"right\": true, \"target\": {\"index\": 8, \"reflexive\": false, \"weight\": 4, \"px\": 290, \"py\": 192, \"y\": 192, \"x\": 290, \"id\": 9}, \"left\": false}]}"}, "model": "graph.graph", "pk": "G3"}, {"fields": {"graph_ui": "{\"graph\": \"G4\", \"nodes\": [{\"index\": 0, \"reflexive\": false, \"weight\": 2, \"px\": 129, \"py\": 368, \"y\": 368, \"x\": 129, \"id\": 1}, {\"index\": 1, \"reflexive\": false, \"weight\": 2, \"px\": 294, \"py\": 370, \"y\": 370, \"x\": 294, \"id\": 2}, {\"index\": 2, \"reflexive\": false, \"weight\": 2, \"px\": 466, \"py\": 376, \"y\": 376, \"x\": 466, \"id\": 3}, {\"index\": 3, \"reflexive\": false, \"weight\": 3, \"px\": 44, \"py\": 307, \"y\": 307, \"x\": 44, \"id\": 4}, {\"index\": 4, \"reflexive\": false, \"weight\": 4, \"px\": 205, \"py\": 307, \"y\": 307, \"x\": 205, \"id\": 5}, {\"index\": 5, \"reflexive\": false, \"weight\": 5, \"px\": 385, \"py\": 317, \"y\": 317, \"x\": 385, \"id\": 6}, {\"index\": 6, \"reflexive\": false, \"weight\": 3, \"px\": 567, \"py\": 319, \"y\": 319, \"x\": 567, \"id\": 7}, {\"index\": 7, \"reflexive\": false, \"weight\": 5, \"px\": 207, \"py\": 204, \"y\": 204, \"x\": 207, \"id\": 8}, {\"index\": 8, \"reflexive\": false, \"weight\": 3, \"px\": 384, \"py\": 208, \"y\": 208, \"x\": 384, \"id\": 9}, {\"index\": 9, \"reflexive\": false, \"weight\": 3, \"px\": 498, \"py\": 118, \"y\": 118, \"x\": 498, \"id\": 10}, {\"index\": 10, \"reflexive\": false, \"weight\": 2, \"px\": 298, \"py\": 106, \"y\": 106, \"x\": 298, \"id\": 11}, {\"index\": 11, \"reflexive\": false, \"weight\": 2, \"px\": 105, \"py\": 101, \"y\": 101, \"x\": 105, \"id\": 12}], \"game\": \"game\", \"links\": [{\"id\": \"b7a91d907370899e5a78ee7ee3c03a61\", \"source\": {\"index\": 0, \"reflexive\": false, \"weight\": 2, \"px\": 129, \"py\": 368, \"y\": 368, \"x\": 129, \"id\": 1}, \"right\": true, \"target\": {\"index\": 4, \"reflexive\": false, \"weight\": 4, \"px\": 205, \"py\": 307, \"y\": 307, \"x\": 205, \"id\": 5}, \"left\": false}, {\"id\": \"75e96ac3a30009708bdfa6e7deafa4a1\", \"source\": {\"index\": 0, \"reflexive\": false, \"weight\": 2, \"px\": 129, \"py\": 368, \"y\": 368, \"x\": 129, \"id\": 1}, \"right\": true, \"target\": {\"index\": 3, \"reflexive\": false, \"weight\": 3, \"px\": 44, \"py\": 307, \"y\": 307, \"x\": 44, \"id\": 4}, \"left\": false}, {\"id\": \"b6a1729bb3a0842223297679dcece9ed\", \"source\": {\"index\": 1, \"reflexive\": false, \"weight\": 2, \"px\": 294, \"py\": 370, \"y\": 370, \"x\": 294, \"id\": 2}, \"right\": true, \"target\": {\"index\": 4, \"reflexive\": false, \"weight\": 4, \"px\": 205, \"py\": 307, \"y\": 307, \"x\": 205, \"id\": 5}, \"left\": false}, {\"id\": \"24444778c16e15cd4ce9a3bfb8473e6e\", \"source\": {\"index\": 1, \"reflexive\": false, \"weight\": 2, \"px\": 294, \"py\": 370, \"y\": 370, \"x\": 294, \"id\": 2}, \"right\": true, \"target\": {\"index\": 5, \"reflexive\": false, \"weight\": 5, \"px\": 385, \"py\": 317, \"y\": 317, \"x\": 385, \"id\": 6}, \"left\": false}, {\"id\": \"84c2ca4eceb59aaab32968e8f49224e4\", \"source\": {\"index\": 2, \"reflexive\": false, \"weight\": 2, \"px\": 466, \"py\": 376, \"y\": 376, \"x\": 466, \"id\": 3}, \"right\": true, \"target\": {\"index\": 5, \"reflexive\": false, \"weight\": 5, \"px\": 385, \"py\": 317, \"y\": 317, \"x\": 385, \"id\": 6}, \"left\": false}, {\"id\": \"0e889c44c6b06a6064ee742b5ed307de\", \"source\": {\"index\": 2, \"reflexive\": false, \"weight\": 2, \"px\": 466, \"py\": 376, \"y\": 376, \"x\": 466, \"id\": 3}, \"right\": true, \"target\": {\"index\": 6, \"reflexive\": false, \"weight\": 3, \"px\": 567, \"py\": 319, \"y\": 319, \"x\": 567, \"id\": 7}, \"left\": false}, {\"id\": \"beac03ea68acaac1de78cb07bffcb51d\", \"source\": {\"index\": 5, \"reflexive\": false, \"weight\": 5, \"px\": 385, \"py\": 317, \"y\": 317, \"x\": 385, \"id\": 6}, \"right\": true, \"target\": {\"index\": 6, \"reflexive\": false, \"weight\": 3, \"px\": 567, \"py\": 319, \"y\": 319, \"x\": 567, \"id\": 7}, \"left\": false}, {\"id\": \"e762526f8b29824d8775410086844f7a\", \"source\": {\"index\": 3, \"reflexive\": false, \"weight\": 3, \"px\": 44, \"py\": 307, \"y\": 307, \"x\": 44, \"id\": 4}, \"right\": true, \"target\": {\"index\": 4, \"reflexive\": false, \"weight\": 4, \"px\": 205, \"py\": 307, \"y\": 307, \"x\": 205, \"id\": 5}, \"left\": false}, {\"id\": \"02a388fb2fb0d129af85a0834f2e3fde\", \"source\": {\"index\": 5, \"reflexive\": false, \"weight\": 5, \"px\": 385, \"py\": 317, \"y\": 317, \"x\": 385, \"id\": 6}, \"right\": true, \"target\": {\"index\": 7, \"reflexive\": false, \"weight\": 5, \"px\": 207, \"py\": 204, \"y\": 204, \"x\": 207, \"id\": 8}, \"left\": false}, {\"id\": \"25fb34017c22c85ac84b112bf5fd89e6\", \"source\": {\"index\": 5, \"reflexive\": false, \"weight\": 5, \"px\": 385, \"py\": 317, \"y\": 317, \"x\": 385, \"id\": 6}, \"right\": true, \"target\": {\"index\": 8, \"reflexive\": false, \"weight\": 3, \"px\": 384, \"py\": 208, \"y\": 208, \"x\": 384, \"id\": 9}, \"left\": false}, {\"id\": \"ec96c978c16569f75ad3e934bc564c23\", \"source\": {\"index\": 7, \"reflexive\": false, \"weight\": 5, \"px\": 207, \"py\": 204, \"y\": 204, \"x\": 207, \"id\": 8}, \"right\": true, \"target\": {\"index\": 8, \"reflexive\": false, \"weight\": 3, \"px\": 384, \"py\": 208, \"y\": 208, \"x\": 384, \"id\": 9}, \"left\": false}, {\"id\": \"a759408bc5ea1a4ab7646d2d8e1b83fb\", \"source\": {\"index\": 4, \"reflexive\": false, \"weight\": 4, \"px\": 205, \"py\": 307, \"y\": 307, \"x\": 205, \"id\": 5}, \"right\": true, \"target\": {\"index\": 7, \"reflexive\": false, \"weight\": 5, \"px\": 207, \"py\": 204, \"y\": 204, \"x\": 207, \"id\": 8}, \"left\": false}, {\"id\": \"6d8777c9becf1dde3725e98b553a25bb\", \"source\": {\"index\": 6, \"reflexive\": false, \"weight\": 3, \"px\": 567, \"py\": 319, \"y\": 319, \"x\": 567, \"id\": 7}, \"right\": true, \"target\": {\"index\": 9, \"reflexive\": false, \"weight\": 3, \"px\": 498, \"py\": 118, \"y\": 118, \"x\": 498, \"id\": 10}, \"left\": false}, {\"id\": \"b415a0e506ff86ad2604b6c2898e38cb\", \"source\": {\"index\": 8, \"reflexive\": false, \"weight\": 3, \"px\": 384, \"py\": 208, \"y\": 208, \"x\": 384, \"id\": 9}, \"right\": true, \"target\": {\"index\": 9, \"reflexive\": false, \"weight\": 3, \"px\": 498, \"py\": 118, \"y\": 118, \"x\": 498, \"id\": 10}, \"left\": false}, {\"id\": \"43a10f1debe83388bf6e1d6a00f73575\", \"source\": {\"index\": 9, \"reflexive\": false, \"weight\": 3, \"px\": 498, \"py\": 118, \"y\": 118, \"x\": 498, \"id\": 10}, \"right\": true, \"target\": {\"index\": 10, \"reflexive\": false, \"weight\": 2, \"px\": 298, \"py\": 106, \"y\": 106, \"x\": 298, \"id\": 11}, \"left\": false}, {\"id\": \"2109a2753973936db44848572f0c370b\", \"source\": {\"index\": 7, \"reflexive\": false, \"weight\": 5, \"px\": 207, \"py\": 204, \"y\": 204, \"x\": 207, \"id\": 8}, \"right\": true, \"target\": {\"index\": 10, \"reflexive\": false, \"weight\": 2, \"px\": 298, \"py\": 106, \"y\": 106, \"x\": 298, \"id\": 11}, \"left\": false}, {\"id\": \"e4a0ea295700d21b248344c3edad5cf0\", \"source\": {\"index\": 7, \"reflexive\": false, \"weight\": 5, \"px\": 207, \"py\": 204, \"y\": 204, \"x\": 207, \"id\": 8}, \"right\": true, \"target\": {\"index\": 11, \"reflexive\": false, \"weight\": 2, \"px\": 105, \"py\": 101, \"y\": 101, \"x\": 105, \"id\": 12}, \"left\": false}, {\"id\": \"a230d3b8408ba781a14063d47bec3e0f\", \"source\": {\"index\": 3, \"reflexive\": false, \"weight\": 3, \"px\": 44, \"py\": 307, \"y\": 307, \"x\": 44, \"id\": 4}, \"right\": true, \"target\": {\"index\": 11, \"reflexive\": false, \"weight\": 2, \"px\": 105, \"py\": 101, \"y\": 101, \"x\": 105, \"id\": 12}, \"left\": false}]}"}, "model": "graph.graph", "pk": "G4"}, {"fields": {"graph": "G2", "ui_id": 7}, "model": "graph.node", "pk": "07acc817-9ba8-4301-bd40-15b954e7b4e7"}, {"fields": {"graph": "G3", "ui_id": 8}, "model": "graph.node", "pk": "0a6f0c6f-abcd-4633-8c92-698074ee54a5"}, {"fields": {"graph": "G3", "ui_id": 1}, "model": "graph.node", "pk": "0c193fac-efa5-48b0-bf6c-72e8ff16e050"}, {"fields": {"graph": "G2", "ui_id": 15}, "model": "graph.node", "pk": "0db01c14-1d99-42c3-9459-d097b3a1e87f"}, {"fields": {"graph": "G4", "ui_id": 11}, "model": "graph.node", "pk": "10a22fed-fa12-42aa-8df9-ddea600170b5"}, {"fields": {"graph": "G2", "ui_id": 2}, "model": "graph.node", "pk": "121d801d-da08-4a51-b4ad-e13fa395d2aa"}, {"fields": {"graph": "G1", "ui_id": 1}, "model": "graph.node", "pk": "1561d5ce-0460-4f7e-b1de-ca56a005c8d1"}, {"fields": {"graph": "G2", "ui_id": 4}, "model": "graph.node", "pk": "19c73c57-6449-4691-be7f-2bd6defb17a1"}, {"fields": {"graph": "G3", "ui_id": 12}, "model": "graph.node", "pk": "19cb724d-62be-4557-927b-aac33a21663a"}, {"fields": {"graph": "G2", "ui_id": 10}, "model": "graph.node", "pk": "2a550531-bf8f-43ad-9c6c-cc9f395b5dc3"}, {"fields": {"graph": "G1", "ui_id": 3}, "model": "graph.node", "pk": "30839032-a0d9-46e9-97e3-fc8c5801778b"}, {"fields": {"graph": "G2", "ui_id": 8}, "model": "graph.node", "pk": "3182ac7a-6cec-419d-bba6-e982708d3d87"}, {"fields": {"graph": "G3", "ui_id": 2}, "model": "graph.node", "pk": "33254be7-4c9a-4cc1-a983-133768b20e27"}, {"fields": {"graph": "G3", "ui_id": 4}, "model": "graph.node", "pk": "336de73d-6e03-4491-9241-484ef65b4545"}, {"fields": {"graph": "G3", "ui_id": 6}, "model": "graph.node", "pk": "34324aa5-ec54-4387-bace-3a924b18b045"}, {"fields": {"graph": "G3", "ui_id": 7}, "model": "graph.node", "pk": "34bb2acb-a9b7-4739-9561-69a48a679c1e"}, {"fields": {"graph": "G3", "ui_id": 5}, "model": "graph.node", "pk": "434c27db-c95e-43a7-b23c-0d58eb746767"}, {"fields": {"graph": "G3", "ui_id": 13}, "model": "graph.node", "pk": "5065571c-cb8f-4de7-836a-7d274da50a19"}, {"fields": {"graph": "G1", "ui_id": 8}, "model": "graph.node", "pk": "516b47ef-cf73-41e7-b0e8-162adb06f357"}, {"fields": {"graph": "G1", "ui_id": 10}, "model": "graph.node", "pk": "54732bd1-8387-4735-b0eb-930ba27ed0db"}, {"fields": {"graph": "G4", "ui_id": 7}, "model": "graph.node", "pk": "67c8ac38-9440-4449-be4d-5a678914d1eb"}, {"fields": {"graph": "G2", "ui_id": 3}, "model": "graph.node", "pk": "73725f36-f57e-4e72-8ff2-71be1829d93d"}, {"fields": {"graph": "G2", "ui_id": 6}, "model": "graph.node", "pk": "87f603ec-43cd-49cf-b4fe-8405fb390579"}, {"fields": {"graph": "G1", "ui_id": 9}, "model": "graph.node", "pk": "8d9a3891-ea1b-4972-b447-03d2f6100f2d"}, {"fields": {"graph": "G2", "ui_id": 14}, "model": "graph.node", "pk": "93399c86-b814-4e7d-b92b-6e594634f3f3"}, {"fields": {"graph": "G2", "ui_id": 13}, "model": "graph.node", "pk": "937396b8-87f3-4056-8e76-3f69a062cd61"}, {"fields": {"graph": "G4", "ui_id": 4}, "model": "graph.node", "pk": "94e1e397-a828-42a1-a102-4dd35cf73e23"}, {"fields": {"graph": "G1", "ui_id": 2}, "model": "graph.node", "pk": "9906abb9-750b-4953-b61f-e0ccf827adf7"}, {"fields": {"graph": "G2", "ui_id": 11}, "model": "graph.node", "pk": "9bcfd20d-9f9b-4f63-8621-a020b5cef331"}, {"fields": {"graph": "G4", "ui_id": 2}, "model": "graph.node", "pk": "a2e4c4b4-dad1-442b-a2ee-f2896abc683c"}, {"fields": {"graph": "G3", "ui_id": 11}, "model": "graph.node", "pk": "a4840ac1-4408-40ef-acdf-90fc1d625976"}, {"fields": {"graph": "G4", "ui_id": 5}, "model": "graph.node", "pk": "a7f4aa1e-a4ad-4731-bca3-ff178d4ee3c7"}, {"fields": {"graph": "G3", "ui_id": 3}, "model": "graph.node", "pk": "ac1dea33-62a5-42b6-bf52-bdb28f86e0c9"}, {"fields": {"graph": "G3", "ui_id": 10}, "model": "graph.node", "pk": "ade86da2-a1eb-4df5-90bd-f989402f26b1"}, {"fields": {"graph": "G1", "ui_id": 7}, "model": "graph.node", "pk": "b0e73f31-b4e6-408f-8b38-b875a96cd471"}, {"fields": {"graph": "G2", "ui_id": 5}, "model": "graph.node", "pk": "b575e18a-aab6-484b-8872-a505a3a74af3"}, {"fields": {"graph": "G4", "ui_id": 6}, "model": "graph.node", "pk": "b5e40851-9012-4e46-8d58-443c33eb5af5"}, {"fields": {"graph": "G4", "ui_id": 8}, "model": "graph.node", "pk": "bb85ae92-1397-45c3-a957-165182d68598"}, {"fields": {"graph": "G4", "ui_id": 3}, "model": "graph.node", "pk": "c20ea061-21d1-4d57-8c3e-0dc95519d9a0"}, {"fields": {"graph": "G2", "ui_id": 1}, "model": "graph.node", "pk": "c4ee2cf0-bd1e-4c92-88a7-23b410a15149"}, {"fields": {"graph": "G4", "ui_id": 10}, "model": "graph.node", "pk": "d50d5881-1673-4e28-a793-320b21102a23"}, {"fields": {"graph": "G2", "ui_id": 9}, "model": "graph.node", "pk": "d93c4c9c-9b4f-4301-b33a-8e0fd76f9daa"}, {"fields": {"graph": "G1", "ui_id": 6}, "model": "graph.node", "pk": "ebede033-c4c7-49bc-aaa1-9f7504e846aa"}, {"fields": {"graph": "G3", "ui_id": 9}, "model": "graph.node", "pk": "ee9b3b09-a355-4303-a977-d2d28b252b9e"}, {"fields": {"graph": "G1", "ui_id": 4}, "model": "graph.node", "pk": "f2e50758-ceca-405e-b88a-9c303beb0c6d"}, {"fields": {"graph": "G4", "ui_id": 9}, "model": "graph.node", "pk": "f5224fa2-7472-4ca4-927b-d417c44b6569"}, {"fields": {"graph": "G1", "ui_id": 5}, "model": "graph.node", "pk": "f77db363-71ae-4fb3-9225-beb542f25b78"}, {"fields": {"graph": "G2", "ui_id": 12}, "model": "graph.node", "pk": "f8ab5698-6056-4b33-8b1a-895d0a25049f"}, {"fields": {"graph": "G4", "ui_id": 1}, "model": "graph.node", "pk": "f8e9e1ce-55d4-4691-b1e6-2ecf5cd6427b"}, {"fields": {"graph": "G4", "ui_id": 12}, "model": "graph.node", "pk": "fba4d8c2-794e-4242-9993-6c9946522f32"}, {"fields": {"shared_players": 0, "destination_node": "54732bd1-8387-4735-b0eb-930ba27ed0db", "graph": "G1", "in_use": false, "flow": 1.0, "normalization_const": null, "start_node": "1561d5ce-0460-4f7e-b1de-ca56a005c8d1", "historic_player": ""}, "model": "graph.playermodel", "pk": "G1_PM1"}, {"fields": {"shared_players": 0, "destination_node": "8d9a3891-ea1b-4972-b447-03d2f6100f2d", "graph": "G1", "in_use": false, "flow": 1.0, "normalization_const": null, "start_node": "9906abb9-750b-4953-b61f-e0ccf827adf7", "historic_player": ""}, "model": "graph.playermodel", "pk": "G1_PM2"}, {"fields": {"shared_players": 0, "destination_node": "516b47ef-cf73-41e7-b0e8-162adb06f357", "graph": "G1", "in_use": false, "flow": 1.0, "normalization_const": null, "start_node": "30839032-a0d9-46e9-97e3-fc8c5801778b", "historic_player": ""}, "model": "graph.playermodel", "pk": "G1_PM3"}, {"fields": {"shared_players": 0, "destination_node": "f8ab5698-6056-4b33-8b1a-895d0a25049f", "graph": "G2", "in_use": false, "flow": 1.0, "normalization_const": null, "start_node": "c4ee2cf0-bd1e-4c92-88a7-23b410a15149", "historic_player": ""}, "model": "graph.playermodel", "pk": "G2_PM1"}, {"fields": {"shared_players": 0, "destination_node": "937396b8-87f3-4056-8e76-3f69a062cd61", "graph": "G2", "in_use": false, "flow": 1.0, "normalization_const": null, "start_node": "121d801d-da08-4a51-b4ad-e13fa395d2aa", "historic_player": ""}, "model": "graph.playermodel", "pk": "G2_PM2"}, {"fields": {"shared_players": 0, "destination_node": "93399c86-b814-4e7d-b92b-6e594634f3f3", "graph": "G2", "in_use": false, "flow": 1.0, "normalization_const": null, "start_node": "121d801d-da08-4a51-b4ad-e13fa395d2aa", "historic_player": ""}, "model": "graph.playermodel", "pk": "G2_PM3"}, {"fields": {"shared_players": 0, "destination_node": "0db01c14-1d99-42c3-9459-d097b3a1e87f", "graph": "G2", "in_use": false, "flow": 1.0, "normalization_const": null, "start_node": "73725f36-f57e-4e72-8ff2-71be1829d93d", "historic_player": ""}, "model": "graph.playermodel", "pk": "G2_PM4"}, {"fields": {"shared_players": 0, "destination_node": "19cb724d-62be-4557-927b-aac33a21663a", "graph": "G3", "in_use": false, "flow": 1.0, "normalization_const": null, "start_node": "0c193fac-efa5-48b0-bf6c-72e8ff16e050", "historic_player": ""}, "model": "graph.playermodel", "pk": "G3_PM1"}, {"fields": {"shared_players": 0, "destination_node": "a4840ac1-4408-40ef-acdf-90fc1d625976", "graph": "G3", "in_use": false, "flow": 1.0, "normalization_const": null, "start_node": "0c193fac-efa5-48b0-bf6c-72e8ff16e050", "historic_player": ""}, "model": "graph.playermodel", "pk": "G3_PM2"}, {"fields": {"shared_players": 0, "destination_node": "0a6f0c6f-abcd-4633-8c92-698074ee54a5", "graph": "G3", "in_use": false, "flow": 1.0, "normalization_const": null, "start_node": "0c193fac-efa5-48b0-bf6c-72e8ff16e050", "historic_player": ""}, "model": "graph.playermodel", "pk": "G3_PM3"}, {"fields": {"shared_players": 0, "destination_node": "fba4d8c2-794e-4242-9993-6c9946522f32", "graph": "G4", "in_use": false, "flow": 1.0, "normalization_const": null, "start_node": "f8e9e1ce-55d4-4691-b1e6-2ecf5cd6427b", "historic_player": ""}, "model": "graph.playermodel", "pk": "G4_PM1"}, {"fields": {"shared_players": 0, "destination_node": "10a22fed-fa12-42aa-8df9-ddea600170b5", "graph": "G4", "in_use": false, "flow": 1.0, "normalization_const": null, "start_node": "a2e4c4b4-dad1-442b-a2ee-f2896abc683c", "historic_player": ""}, "model": "graph.playermodel", "pk": "G4_PM2"}, {"fields": {"shared_players": 0, "destination_node": "d50d5881-1673-4e28-a793-320b21102a23", "graph": "G4", "in_use": false, "flow": 1.0, "normalization_const": null, "start_node": "c20ea061-21d1-4d57-8c3e-0dc95519d9a0", "historic_player": ""}, "model": "graph.playermodel", "pk": "G4_PM3"}, {"fields": {"graph": "G2", "cost_function": "x", "to_node": "b575e18a-aab6-484b-8872-a505a3a74af3", "from_node": "121d801d-da08-4a51-b4ad-e13fa395d2aa"}, "model": "graph.edge", "pk": "0027e6d64e44e3cc53578c20ff15ae3e"}, {"fields": {"graph": "G2", "cost_function": "x", "to_node": "19c73c57-6449-4691-be7f-2bd6defb17a1", "from_node": "73725f36-f57e-4e72-8ff2-71be1829d93d"}, "model": "graph.edge", "pk": "007a18860c6921cfc90f78d7b4060abc"}, {"fields": {"graph": "G4", "cost_function": "x", "to_node": "bb85ae92-1397-45c3-a957-165182d68598", "from_node": "b5e40851-9012-4e46-8d58-443c33eb5af5"}, "model": "graph.edge", "pk": "02a388fb2fb0d129af85a0834f2e3fde"}, {"fields": {"graph": "G4", "cost_function": "x", "to_node": "67c8ac38-9440-4449-be4d-5a678914d1eb", "from_node": "c20ea061-21d1-4d57-8c3e-0dc95519d9a0"}, "model": "graph.edge", "pk": "0e889c44c6b06a6064ee742b5ed307de"}, {"fields": {"graph": "G2", "cost_function": "x", "to_node": "2a550531-bf8f-43ad-9c6c-cc9f395b5dc3", "from_node": "07acc817-9ba8-4301-bd40-15b954e7b4e7"}, "model": "graph.edge", "pk": "12bd53f4beb83b740fe580f67fcc7df0"}, {"fields": {"graph": "G3", "cost_function": "x", "to_node": "34bb2acb-a9b7-4739-9561-69a48a679c1e", "from_node": "ac1dea33-62a5-42b6-bf52-bdb28f86e0c9"}, "model": "graph.edge", "pk": "132e2fcebe9271cd46850de55b90fde0"}, {"fields": {"graph": "G3", "cost_function": "x", "to_node": "ee9b3b09-a355-4303-a977-d2d28b252b9e", "from_node": "34324aa5-ec54-4387-bace-3a924b18b045"}, "model": "graph.edge", "pk": "199f63ec0db65cf17ce05e5be9caac6c"}, {"fields": {"graph": "G3", "cost_function": "x", "to_node": "34324aa5-ec54-4387-bace-3a924b18b045", "from_node": "ac1dea33-62a5-42b6-bf52-bdb28f86e0c9"}, "model": "graph.edge", "pk": "1c3b4483f60f722277ac27732101ae1f"}, {"fields": {"graph": "G2", "cost_function": "x", "to_node": "f8ab5698-6056-4b33-8b1a-895d0a25049f", "from_node": "2a550531-bf8f-43ad-9c6c-cc9f395b5dc3"}, "model": "graph.edge", "pk": "1d885ee037773d85f2d4315a8bdffc88"}, {"fields": {"graph": "G4", "cost_function": "x", "to_node": "10a22fed-fa12-42aa-8df9-ddea600170b5", "from_node": "bb85ae92-1397-45c3-a957-165182d68598"}, "model": "graph.edge", "pk": "2109a2753973936db44848572f0c370b"}, {"fields": {"graph": "G1", "cost_function": "x", "to_node": "8d9a3891-ea1b-4972-b447-03d2f6100f2d", "from_node": "b0e73f31-b4e6-408f-8b38-b875a96cd471"}, "model": "graph.edge", "pk": "23042a35175b3e0a830ec50845b82c6b"}, {"fields": {"graph": "G4", "cost_function": "x", "to_node": "b5e40851-9012-4e46-8d58-443c33eb5af5", "from_node": "a2e4c4b4-dad1-442b-a2ee-f2896abc683c"}, "model": "graph.edge", "pk": "24444778c16e15cd4ce9a3bfb8473e6e"}, {"fields": {"graph": "G4", "cost_function": "x", "to_node": "f5224fa2-7472-4ca4-927b-d417c44b6569", "from_node": "b5e40851-9012-4e46-8d58-443c33eb5af5"}, "model": "graph.edge", "pk": "25fb34017c22c85ac84b112bf5fd89e6"}, {"fields": {"graph": "G2", "cost_function": "x", "to_node": "2a550531-bf8f-43ad-9c6c-cc9f395b5dc3", "from_node": "d93c4c9c-9b4f-4301-b33a-8e0fd76f9daa"}, "model": "graph.edge", "pk": "25feef5660d32fa1a5fdcbb746d16f36"}, {"fields": {"graph": "G2", "cost_function": "x", "to_node": "3182ac7a-6cec-419d-bba6-e982708d3d87", "from_node": "b575e18a-aab6-484b-8872-a505a3a74af3"}, "model": "graph.edge", "pk": "27f1acc923b409c7bdbb310cc9290b86"}, {"fields": {"graph": "G3", "cost_function": "x", "to_node": "19cb724d-62be-4557-927b-aac33a21663a", "from_node": "ade86da2-a1eb-4df5-90bd-f989402f26b1"}, "model": "graph.edge", "pk": "2888229464505ed6800a4957e70745b1"}, {"fields": {"graph": "G2", "cost_function": "x", "to_node": "f8ab5698-6056-4b33-8b1a-895d0a25049f", "from_node": "d93c4c9c-9b4f-4301-b33a-8e0fd76f9daa"}, "model": "graph.edge", "pk": "295c1def66b30e0351ca8410381582e2"}, {"fields": {"graph": "G2", "cost_function": "x", "to_node": "b575e18a-aab6-484b-8872-a505a3a74af3", "from_node": "c4ee2cf0-bd1e-4c92-88a7-23b410a15149"}, "model": "graph.edge", "pk": "35b0220c59b49e78f8b5ad3da8ab1d96"}, {"fields": {"graph": "G1", "cost_function": "x", "to_node": "516b47ef-cf73-41e7-b0e8-162adb06f357", "from_node": "ebede033-c4c7-49bc-aaa1-9f7504e846aa"}, "model": "graph.edge", "pk": "40991d08f56b089b974d321bd55daa26"}, {"fields": {"graph": "G4", "cost_function": "x", "to_node": "10a22fed-fa12-42aa-8df9-ddea600170b5", "from_node": "d50d5881-1673-4e28-a793-320b21102a23"}, "model": "graph.edge", "pk": "43a10f1debe83388bf6e1d6a00f73575"}, {"fields": {"graph": "G1", "cost_function": "x", "to_node": "f77db363-71ae-4fb3-9225-beb542f25b78", "from_node": "30839032-a0d9-46e9-97e3-fc8c5801778b"}, "model": "graph.edge", "pk": "485d5bd92194c405713e800ee1e06cdb"}, {"fields": {"graph": "G2", "cost_function": "x", "to_node": "9bcfd20d-9f9b-4f63-8621-a020b5cef331", "from_node": "87f603ec-43cd-49cf-b4fe-8405fb390579"}, "model": "graph.edge", "pk": "4d4d3a987026139b17970879be24e669"}, {"fields": {"graph": "G2", "cost_function": "x", "to_node": "937396b8-87f3-4056-8e76-3f69a062cd61", "from_node": "2a550531-bf8f-43ad-9c6c-cc9f395b5dc3"}, "model": "graph.edge", "pk": "4f0e1820bfac23882f8a6b2eed3d64d2"}, {"fields": {"graph": "G1", "cost_function": "x", "to_node": "ebede033-c4c7-49bc-aaa1-9f7504e846aa", "from_node": "f77db363-71ae-4fb3-9225-beb542f25b78"}, "model": "graph.edge", "pk": "51d9c51aa211b71f85fc6556df512503"}, {"fields": {"graph": "G2", "cost_function": "x", "to_node": "0db01c14-1d99-42c3-9459-d097b3a1e87f", "from_node": "3182ac7a-6cec-419d-bba6-e982708d3d87"}, "model": "graph.edge", "pk": "522c8a0af9795c5c725b4cdbae5de664"}, {"fields": {"graph": "G2", "cost_function": "x", "to_node": "93399c86-b814-4e7d-b92b-6e594634f3f3", "from_node": "87f603ec-43cd-49cf-b4fe-8405fb390579"}, "model": "graph.edge", "pk": "52ebf7f8d02f0d3d449eb689b695b780"}, {"fields": {"graph": "G3", "cost_function": "x", "to_node": "ee9b3b09-a355-4303-a977-d2d28b252b9e", "from_node": "34bb2acb-a9b7-4739-9561-69a48a679c1e"}, "model": "graph.edge", "pk": "53087bf8be2366d476ba192eff6218b8"}, {"fields": {"graph": "G3", "cost_function": "x", "to_node": "0a6f0c6f-abcd-4633-8c92-698074ee54a5", "from_node": "ee9b3b09-a355-4303-a977-d2d28b252b9e"}, "model": "graph.edge", "pk": "55d6c5f03ff836ab65ae7cae011e382a"}, {"fields": {"graph": "G3", "cost_function": "x", "to_node": "ade86da2-a1eb-4df5-90bd-f989402f26b1", "from_node": "434c27db-c95e-43a7-b23c-0d58eb746767"}, "model": "graph.edge", "pk": "5d40a062527c9d87be95624a2bab0d13"}, {"fields": {"graph": "G3", "cost_function": "x", "to_node": "a4840ac1-4408-40ef-acdf-90fc1d625976", "from_node": "34324aa5-ec54-4387-bace-3a924b18b045"}, "model": "graph.edge", "pk": "5d874e676c7c32ec72c0013c83806378"}, {"fields": {"graph": "G3", "cost_function": "x", "to_node": "336de73d-6e03-4491-9241-484ef65b4545", "from_node": "0c193fac-efa5-48b0-bf6c-72e8ff16e050"}, "model": "graph.edge", "pk": "5f3e3e28943a8f208a50008aef30d39c"}, {"fields": {"graph": "G2", "cost_function": "x", "to_node": "0db01c14-1d99-42c3-9459-d097b3a1e87f", "from_node": "9bcfd20d-9f9b-4f63-8621-a020b5cef331"}, "model": "graph.edge", "pk": "66c48ff5cc6f204e9c4393d8775a27ed"}, {"fields": {"graph": "G2", "cost_function": "x", "to_node": "87f603ec-43cd-49cf-b4fe-8405fb390579", "from_node": "b575e18a-aab6-484b-8872-a505a3a74af3"}, "model": "graph.edge", "pk": "66d01f4a8bcad8657269a02312351c41"}, {"fields": {"graph": "G4", "cost_function": "x", "to_node": "d50d5881-1673-4e28-a793-320b21102a23", "from_node": "67c8ac38-9440-4449-be4d-5a678914d1eb"}, "model": "graph.edge", "pk": "6d8777c9becf1dde3725e98b553a25bb"}, {"fields": {"graph": "G2", "cost_function": "x", "to_node": "19c73c57-6449-4691-be7f-2bd6defb17a1", "from_node": "121d801d-da08-4a51-b4ad-e13fa395d2aa"}, "model": "graph.edge", "pk": "72af3562012daa318150cda5d59d8cd6"}, {"fields": {"graph": "G3", "cost_function": "x", "to_node": "34324aa5-ec54-4387-bace-3a924b18b045", "from_node": "33254be7-4c9a-4cc1-a983-133768b20e27"}, "model": "graph.edge", "pk": "742aa0e55a4b5a95569796eec4c59179"}, {"fields": {"graph": "G4", "cost_function": "x", "to_node": "94e1e397-a828-42a1-a102-4dd35cf73e23", "from_node": "f8e9e1ce-55d4-4691-b1e6-2ecf5cd6427b"}, "model": "graph.edge", "pk": "75e96ac3a30009708bdfa6e7deafa4a1"}, {"fields": {"graph": "G1", "cost_function": "x", "to_node": "516b47ef-cf73-41e7-b0e8-162adb06f357", "from_node": "b0e73f31-b4e6-408f-8b38-b875a96cd471"}, "model": "graph.edge", "pk": "769bf1b0c4457feb317870ea363de784"}, {"fields": {"graph": "G3", "cost_function": "x", "to_node": "19cb724d-62be-4557-927b-aac33a21663a", "from_node": "5065571c-cb8f-4de7-836a-7d274da50a19"}, "model": "graph.edge", "pk": "7a2acf00a2783ee74a9bd19e6049f694"}, {"fields": {"graph": "G1", "cost_function": "x", "to_node": "54732bd1-8387-4735-b0eb-930ba27ed0db", "from_node": "b0e73f31-b4e6-408f-8b38-b875a96cd471"}, "model": "graph.edge", "pk": "7bd28cd234c5b6cf23cbeb8dc1afa74e"}, {"fields": {"graph": "G3", "cost_function": "x", "to_node": "ac1dea33-62a5-42b6-bf52-bdb28f86e0c9", "from_node": "0c193fac-efa5-48b0-bf6c-72e8ff16e050"}, "model": "graph.edge", "pk": "82fdfe67a8794621e3a010021773fde9"}, {"fields": {"graph": "G4", "cost_function": "x", "to_node": "b5e40851-9012-4e46-8d58-443c33eb5af5", "from_node": "c20ea061-21d1-4d57-8c3e-0dc95519d9a0"}, "model": "graph.edge", "pk": "84c2ca4eceb59aaab32968e8f49224e4"}, {"fields": {"graph": "G1", "cost_function": "x", "to_node": "b0e73f31-b4e6-408f-8b38-b875a96cd471", "from_node": "f77db363-71ae-4fb3-9225-beb542f25b78"}, "model": "graph.edge", "pk": "86cac80a0ad4519e87f29b291a235f24"}, {"fields": {"graph": "G2", "cost_function": "x", "to_node": "07acc817-9ba8-4301-bd40-15b954e7b4e7", "from_node": "19c73c57-6449-4691-be7f-2bd6defb17a1"}, "model": "graph.edge", "pk": "94344926aa62f973e58b16a23186f6c0"}, {"fields": {"graph": "G1", "cost_function": "x", "to_node": "b0e73f31-b4e6-408f-8b38-b875a96cd471", "from_node": "f2e50758-ceca-405e-b88a-9c303beb0c6d"}, "model": "graph.edge", "pk": "99320897886ae6a6018d4481643785c8"}, {"fields": {"graph": "G4", "cost_function": "x", "to_node": "fba4d8c2-794e-4242-9993-6c9946522f32", "from_node": "94e1e397-a828-42a1-a102-4dd35cf73e23"}, "model": "graph.edge", "pk": "a230d3b8408ba781a14063d47bec3e0f"}, {"fields": {"graph": "G1", "cost_function": "x", "to_node": "f2e50758-ceca-405e-b88a-9c303beb0c6d", "from_node": "1561d5ce-0460-4f7e-b1de-ca56a005c8d1"}, "model": "graph.edge", "pk": "a244057301f4baa854e16fa05a454451"}, {"fields": {"graph": "G4", "cost_function": "x", "to_node": "bb85ae92-1397-45c3-a957-165182d68598", "from_node": "a7f4aa1e-a4ad-4731-bca3-ff178d4ee3c7"}, "model": "graph.edge", "pk": "a759408bc5ea1a4ab7646d2d8e1b83fb"}, {"fields": {"graph": "G2", "cost_function": "x", "to_node": "d93c4c9c-9b4f-4301-b33a-8e0fd76f9daa", "from_node": "19c73c57-6449-4691-be7f-2bd6defb17a1"}, "model": "graph.edge", "pk": "a957fda1a85a6cf62b5a9746e3f86848"}, {"fields": {"graph": "G2", "cost_function": "x", "to_node": "9bcfd20d-9f9b-4f63-8621-a020b5cef331", "from_node": "3182ac7a-6cec-419d-bba6-e982708d3d87"}, "model": "graph.edge", "pk": "a96571546af88b4062dbfaae79c03b87"}, {"fields": {"graph": "G1", "cost_function": "x", "to_node": "30839032-a0d9-46e9-97e3-fc8c5801778b", "from_node": "9906abb9-750b-4953-b61f-e0ccf827adf7"}, "model": "graph.edge", "pk": "acf3417fce6ed30ef52ff54a1e3c0699"}, {"fields": {"graph": "G3", "cost_function": "x", "to_node": "0a6f0c6f-abcd-4633-8c92-698074ee54a5", "from_node": "336de73d-6e03-4491-9241-484ef65b4545"}, "model": "graph.edge", "pk": "b24eeeba02b097ad35da14f23a45f12e"}, {"fields": {"graph": "G4", "cost_function": "x", "to_node": "d50d5881-1673-4e28-a793-320b21102a23", "from_node": "f5224fa2-7472-4ca4-927b-d417c44b6569"}, "model": "graph.edge", "pk": "b415a0e506ff86ad2604b6c2898e38cb"}, {"fields": {"graph": "G2", "cost_function": "x", "to_node": "b575e18a-aab6-484b-8872-a505a3a74af3", "from_node": "73725f36-f57e-4e72-8ff2-71be1829d93d"}, "model": "graph.edge", "pk": "b43598c4429e4aefcc19cb588b0af442"}, {"fields": {"graph": "G3", "cost_function": "x", "to_node": "434c27db-c95e-43a7-b23c-0d58eb746767", "from_node": "33254be7-4c9a-4cc1-a983-133768b20e27"}, "model": "graph.edge", "pk": "b5dbefdec3e2d18a3e82f44ded5aaa83"}, {"fields": {"graph": "G4", "cost_function": "x", "to_node": "a7f4aa1e-a4ad-4731-bca3-ff178d4ee3c7", "from_node": "a2e4c4b4-dad1-442b-a2ee-f2896abc683c"}, "model": "graph.edge", "pk": "b6a1729bb3a0842223297679dcece9ed"}, {"fields": {"graph": "G4", "cost_function": "x", "to_node": "a7f4aa1e-a4ad-4731-bca3-ff178d4ee3c7", "from_node": "f8e9e1ce-55d4-4691-b1e6-2ecf5cd6427b"}, "model": "graph.edge", "pk": "b7a91d907370899e5a78ee7ee3c03a61"}, {"fields": {"graph": "G4", "cost_function": "x", "to_node": "67c8ac38-9440-4449-be4d-5a678914d1eb", "from_node": "b5e40851-9012-4e46-8d58-443c33eb5af5"}, "model": "graph.edge", "pk": "beac03ea68acaac1de78cb07bffcb51d"}, {"fields": {"graph": "G3", "cost_function": "x", "to_node": "ade86da2-a1eb-4df5-90bd-f989402f26b1", "from_node": "34324aa5-ec54-4387-bace-3a924b18b045"}, "model": "graph.edge", "pk": "c0e2457916dc01ad92dd589f9692eb3d"}, {"fields": {"graph": "G3", "cost_function": "x", "to_node": "a4840ac1-4408-40ef-acdf-90fc1d625976", "from_node": "ee9b3b09-a355-4303-a977-d2d28b252b9e"}, "model": "graph.edge", "pk": "c164f3fd499b4af5a5337da80f2743fb"}, {"fields": {"graph": "G2", "cost_function": "x", "to_node": "93399c86-b814-4e7d-b92b-6e594634f3f3", "from_node": "9bcfd20d-9f9b-4f63-8621-a020b5cef331"}, "model": "graph.edge", "pk": "c51a4da2c9c32e602bc6adda3b478f0d"}, {"fields": {"graph": "G3", "cost_function": "x", "to_node": "5065571c-cb8f-4de7-836a-7d274da50a19", "from_node": "34324aa5-ec54-4387-bace-3a924b18b045"}, "model": "graph.edge", "pk": "c8c4cf64b876a76570c3411d6990ab48"}, {"fields": {"graph": "G1", "cost_function": "x", "to_node": "516b47ef-cf73-41e7-b0e8-162adb06f357", "from_node": "f77db363-71ae-4fb3-9225-beb542f25b78"}, "model": "graph.edge", "pk": "cc85b786f82d94eecb08b04e9e95f8ca"}, {"fields": {"graph": "G3", "cost_function": "x", "to_node": "19cb724d-62be-4557-927b-aac33a21663a", "from_node": "434c27db-c95e-43a7-b23c-0d58eb746767"}, "model": "graph.edge", "pk": "cd6d3191395ba59eb9b70fbf18e388af"}, {"fields": {"graph": "G2", "cost_function": "x", "to_node": "19c73c57-6449-4691-be7f-2bd6defb17a1", "from_node": "c4ee2cf0-bd1e-4c92-88a7-23b410a15149"}, "model": "graph.edge", "pk": "cec7db16546c6accddd5052113500981"}, {"fields": {"graph": "G1", "cost_function": "x", "to_node": "9906abb9-750b-4953-b61f-e0ccf827adf7", "from_node": "1561d5ce-0460-4f7e-b1de-ca56a005c8d1"}, "model": "graph.edge", "pk": "d73575012dfee9c6511ab1245ca5c87e"}, {"fields": {"graph": "G4", "cost_function": "x", "to_node": "fba4d8c2-794e-4242-9993-6c9946522f32", "from_node": "bb85ae92-1397-45c3-a957-165182d68598"}, "model": "graph.edge", "pk": "e4a0ea295700d21b248344c3edad5cf0"}, {"fields": {"graph": "G3", "cost_function": "x", "to_node": "0a6f0c6f-abcd-4633-8c92-698074ee54a5", "from_node": "34bb2acb-a9b7-4739-9561-69a48a679c1e"}, "model": "graph.edge", "pk": "e541d162e1069fc825ec34ed6e70efa9"}, {"fields": {"graph": "G4", "cost_function": "x", "to_node": "a7f4aa1e-a4ad-4731-bca3-ff178d4ee3c7", "from_node": "94e1e397-a828-42a1-a102-4dd35cf73e23"}, "model": "graph.edge", "pk": "e762526f8b29824d8775410086844f7a"}, {"fields": {"graph": "G3", "cost_function": "x", "to_node": "33254be7-4c9a-4cc1-a983-133768b20e27", "from_node": "0c193fac-efa5-48b0-bf6c-72e8ff16e050"}, "model": "graph.edge", "pk": "e9ef210b48764369350697d85dc86a6e"}, {"fields": {"graph": "G4", "cost_function": "x", "to_node": "f5224fa2-7472-4ca4-927b-d417c44b6569", "from_node": "bb85ae92-1397-45c3-a957-165182d68598"}, "model": "graph.edge", "pk": "ec96c978c16569f75ad3e934bc564c23"}, {"fields": {"graph": "G2", "cost_function": "x", "to_node": "2a550531-bf8f-43ad-9c6c-cc9f395b5dc3", "from_node": "19c73c57-6449-4691-be7f-2bd6defb17a1"}, "model": "graph.edge", "pk": "ee931f76c15f60cdb0fc1c598e9adc1f"}, {"fields": {"graph": "G1", "cost_function": "x", "to_node": "f77db363-71ae-4fb3-9225-beb542f25b78", "from_node": "9906abb9-750b-4953-b61f-e0ccf827adf7"}, "model": "graph.edge", "pk": "f0383acf006ffe4884fff07958958e0c"}, {"fields": {"graph": "G2", "cost_function": "x", "to_node": "937396b8-87f3-4056-8e76-3f69a062cd61", "from_node": "07acc817-9ba8-4301-bd40-15b954e7b4e7"}, "model": "graph.edge", "pk": "f11ef86881705b86e22d862e5fa42eea"}, {"fields": {"graph": "G2", "cost_function": "x", "to_node": "9bcfd20d-9f9b-4f63-8621-a020b5cef331", "from_node": "b575e18a-aab6-484b-8872-a505a3a74af3"}, "model": "graph.edge", "pk": "fa7cc64b86d7a7eb02de2e32c790ae2b"}, {"fields": {"graph": "G1", "cost_function": "x", "to_node": "f2e50758-ceca-405e-b88a-9c303beb0c6d", "from_node": "9906abb9-750b-4953-b61f-e0ccf827adf7"}, "model": "graph.edge", "pk": "fda368e1d48e6df5b7ab3fca60c39bd8"}, {"fields": {"graph": "G1", "edges": ["d73575012dfee9c6511ab1245ca5c87e", "acf3417fce6ed30ef52ff54a1e3c0699", "485d5bd92194c405713e800ee1e06cdb", "86cac80a0ad4519e87f29b291a235f24", "7bd28cd234c5b6cf23cbeb8dc1afa74e"], "player_model": "G1_PM1"}, "model": "graph.path", "pk": 1}, {"fields": {"graph": "G1", "edges": ["d73575012dfee9c6511ab1245ca5c87e", "fda368e1d48e6df5b7ab3fca60c39bd8", "99320897886ae6a6018d4481643785c8", "7bd28cd234c5b6cf23cbeb8dc1afa74e"], "player_model": "G1_PM1"}, "model": "graph.path", "pk": 2}, {"fields": {"graph": "G1", "edges": ["d73575012dfee9c6511ab1245ca5c87e", "f0383acf006ffe4884fff07958958e0c", "86cac80a0ad4519e87f29b291a235f24", "7bd28cd234c5b6cf23cbeb8dc1afa74e"], "player_model": "G1_PM1"}, "model": "graph.path", "pk": 3}, {"fields": {"graph": "G1", "edges": ["a244057301f4baa854e16fa05a454451", "99320897886ae6a6018d4481643785c8", "7bd28cd234c5b6cf23cbeb8dc1afa74e"], "player_model": "G1_PM1"}, "model": "graph.path", "pk": 4}, {"fields": {"graph": "G1", "edges": ["acf3417fce6ed30ef52ff54a1e3c0699", "485d5bd92194c405713e800ee1e06cdb", "86cac80a0ad4519e87f29b291a235f24", "23042a35175b3e0a830ec50845b82c6b"], "player_model": "G1_PM2"}, "model": "graph.path", "pk": 5}, {"fields": {"graph": "G1", "edges": ["fda368e1d48e6df5b7ab3fca60c39bd8", "99320897886ae6a6018d4481643785c8", "23042a35175b3e0a830ec50845b82c6b"], "player_model": "G1_PM2"}, "model": "graph.path", "pk": 6}, {"fields": {"graph": "G1", "edges": ["f0383acf006ffe4884fff07958958e0c", "86cac80a0ad4519e87f29b291a235f24", "23042a35175b3e0a830ec50845b82c6b"], "player_model": "G1_PM2"}, "model": "graph.path", "pk": 7}, {"fields": {"graph": "G1", "edges": ["485d5bd92194c405713e800ee1e06cdb", "cc85b786f82d94eecb08b04e9e95f8ca"], "player_model": "G1_PM3"}, "model": "graph.path", "pk": 8}, {"fields": {"graph": "G1", "edges": ["485d5bd92194c405713e800ee1e06cdb", "51d9c51aa211b71f85fc6556df512503", "40991d08f56b089b974d321bd55daa26"], "player_model": "G1_PM3"}, "model": "graph.path", "pk": 9}, {"fields": {"graph": "G1", "edges": ["485d5bd92194c405713e800ee1e06cdb", "86cac80a0ad4519e87f29b291a235f24", "769bf1b0c4457feb317870ea363de784"], "player_model": "G1_PM3"}, "model": "graph.path", "pk": 10}, {"fields": {"graph": "G2", "edges": ["cec7db16546c6accddd5052113500981", "a957fda1a85a6cf62b5a9746e3f86848", "25feef5660d32fa1a5fdcbb746d16f36", "1d885ee037773d85f2d4315a8bdffc88"], "player_model": "G2_PM1"}, "model": "graph.path", "pk": 11}, {"fields": {"graph": "G2", "edges": ["cec7db16546c6accddd5052113500981", "a957fda1a85a6cf62b5a9746e3f86848", "295c1def66b30e0351ca8410381582e2"], "player_model": "G2_PM1"}, "model": "graph.path", "pk": 12}, {"fields": {"graph": "G2", "edges": ["cec7db16546c6accddd5052113500981", "ee931f76c15f60cdb0fc1c598e9adc1f", "1d885ee037773d85f2d4315a8bdffc88"], "player_model": "G2_PM1"}, "model": "graph.path", "pk": 13}, {"fields": {"graph": "G2", "edges": ["cec7db16546c6accddd5052113500981", "94344926aa62f973e58b16a23186f6c0", "12bd53f4beb83b740fe580f67fcc7df0", "1d885ee037773d85f2d4315a8bdffc88"], "player_model": "G2_PM1"}, "model": "graph.path", "pk": 14}, {"fields": {"graph": "G2", "edges": ["72af3562012daa318150cda5d59d8cd6", "a957fda1a85a6cf62b5a9746e3f86848", "25feef5660d32fa1a5fdcbb746d16f36", "4f0e1820bfac23882f8a6b2eed3d64d2"], "player_model": "G2_PM2"}, "model": "graph.path", "pk": 15}, {"fields": {"graph": "G2", "edges": ["72af3562012daa318150cda5d59d8cd6", "ee931f76c15f60cdb0fc1c598e9adc1f", "4f0e1820bfac23882f8a6b2eed3d64d2"], "player_model": "G2_PM2"}, "model": "graph.path", "pk": 16}, {"fields": {"graph": "G2", "edges": ["72af3562012daa318150cda5d59d8cd6", "94344926aa62f973e58b16a23186f6c0", "12bd53f4beb83b740fe580f67fcc7df0", "4f0e1820bfac23882f8a6b2eed3d64d2"], "player_model": "G2_PM2"}, "model": "graph.path", "pk": 17}, {"fields": {"graph": "G2", "edges": ["72af3562012daa318150cda5d59d8cd6", "94344926aa62f973e58b16a23186f6c0", "f11ef86881705b86e22d862e5fa42eea"], "player_model": "G2_PM2"}, "model": "graph.path", "pk": 18}, {"fields": {"graph": "G2", "edges": ["0027e6d64e44e3cc53578c20ff15ae3e", "27f1acc923b409c7bdbb310cc9290b86", "a96571546af88b4062dbfaae79c03b87", "c51a4da2c9c32e602bc6adda3b478f0d"], "player_model": "G2_PM3"}, "model": "graph.path", "pk": 19}, {"fields": {"graph": "G2", "edges": ["0027e6d64e44e3cc53578c20ff15ae3e", "fa7cc64b86d7a7eb02de2e32c790ae2b", "c51a4da2c9c32e602bc6adda3b478f0d"], "player_model": "G2_PM3"}, "model": "graph.path", "pk": 20}, {"fields": {"graph": "G2", "edges": ["0027e6d64e44e3cc53578c20ff15ae3e", "66d01f4a8bcad8657269a02312351c41", "4d4d3a987026139b17970879be24e669", "c51a4da2c9c32e602bc6adda3b478f0d"], "player_model": "G2_PM3"}, "model": "graph.path", "pk": 21}, {"fields": {"graph": "G2", "edges": ["0027e6d64e44e3cc53578c20ff15ae3e", "66d01f4a8bcad8657269a02312351c41", "52ebf7f8d02f0d3d449eb689b695b780"], "player_model": "G2_PM3"}, "model": "graph.path", "pk": 22}, {"fields": {"graph": "G2", "edges": ["b43598c4429e4aefcc19cb588b0af442", "27f1acc923b409c7bdbb310cc9290b86", "a96571546af88b4062dbfaae79c03b87", "66c48ff5cc6f204e9c4393d8775a27ed"], "player_model": "G2_PM4"}, "model": "graph.path", "pk": 23}, {"fields": {"graph": "G2", "edges": ["b43598c4429e4aefcc19cb588b0af442", "27f1acc923b409c7bdbb310cc9290b86", "522c8a0af9795c5c725b4cdbae5de664"], "player_model": "G2_PM4"}, "model": "graph.path", "pk": 24}, {"fields": {"graph": "G2", "edges": ["b43598c4429e4aefcc19cb588b0af442", "fa7cc64b86d7a7eb02de2e32c790ae2b", "66c48ff5cc6f204e9c4393d8775a27ed"], "player_model": "G2_PM4"}, "model": "graph.path", "pk": 25}, {"fields": {"graph": "G2", "edges": ["b43598c4429e4aefcc19cb588b0af442", "66d01f4a8bcad8657269a02312351c41", "4d4d3a987026139b17970879be24e669", "66c48ff5cc6f204e9c4393d8775a27ed"], "player_model": "G2_PM4"}, "model": "graph.path", "pk": 26}, {"fields": {"graph": "G3", "edges": ["e9ef210b48764369350697d85dc86a6e", "742aa0e55a4b5a95569796eec4c59179", "199f63ec0db65cf17ce05e5be9caac6c", "c164f3fd499b4af5a5337da80f2743fb"], "player_model": "G3_PM2"}, "model": "graph.path", "pk": 44}, {"fields": {"graph": "G3", "edges": ["e9ef210b48764369350697d85dc86a6e", "742aa0e55a4b5a95569796eec4c59179", "5d874e676c7c32ec72c0013c83806378"], "player_model": "G3_PM2"}, "model": "graph.path", "pk": 45}, {"fields": {"graph": "G3", "edges": ["82fdfe67a8794621e3a010021773fde9", "1c3b4483f60f722277ac27732101ae1f", "199f63ec0db65cf17ce05e5be9caac6c", "c164f3fd499b4af5a5337da80f2743fb"], "player_model": "G3_PM2"}, "model": "graph.path", "pk": 46}, {"fields": {"graph": "G3", "edges": ["82fdfe67a8794621e3a010021773fde9", "1c3b4483f60f722277ac27732101ae1f", "5d874e676c7c32ec72c0013c83806378"], "player_model": "G3_PM2"}, "model": "graph.path", "pk": 47}, {"fields": {"graph": "G3", "edges": ["82fdfe67a8794621e3a010021773fde9", "132e2fcebe9271cd46850de55b90fde0", "c164f3fd499b4af5a5337da80f2743fb", "53087bf8be2366d476ba192eff6218b8"], "player_model": "G3_PM2"}, "model": "graph.path", "pk": 48}, {"fields": {"graph": "G3", "edges": ["e9ef210b48764369350697d85dc86a6e", "b5dbefdec3e2d18a3e82f44ded5aaa83", "5d40a062527c9d87be95624a2bab0d13", "2888229464505ed6800a4957e70745b1"], "player_model": "G3_PM1"}, "model": "graph.path", "pk": 49}, {"fields": {"graph": "G3", "edges": ["e9ef210b48764369350697d85dc86a6e", "b5dbefdec3e2d18a3e82f44ded5aaa83", "cd6d3191395ba59eb9b70fbf18e388af"], "player_model": "G3_PM1"}, "model": "graph.path", "pk": 50}, {"fields": {"graph": "G3", "edges": ["e9ef210b48764369350697d85dc86a6e", "742aa0e55a4b5a95569796eec4c59179", "c0e2457916dc01ad92dd589f9692eb3d", "2888229464505ed6800a4957e70745b1"], "player_model": "G3_PM1"}, "model": "graph.path", "pk": 51}, {"fields": {"graph": "G3", "edges": ["e9ef210b48764369350697d85dc86a6e", "742aa0e55a4b5a95569796eec4c59179", "c8c4cf64b876a76570c3411d6990ab48", "7a2acf00a2783ee74a9bd19e6049f694"], "player_model": "G3_PM1"}, "model": "graph.path", "pk": 52}, {"fields": {"graph": "G3", "edges": ["82fdfe67a8794621e3a010021773fde9", "1c3b4483f60f722277ac27732101ae1f", "c0e2457916dc01ad92dd589f9692eb3d", "2888229464505ed6800a4957e70745b1"], "player_model": "G3_PM1"}, "model": "graph.path", "pk": 53}, {"fields": {"graph": "G3", "edges": ["82fdfe67a8794621e3a010021773fde9", "1c3b4483f60f722277ac27732101ae1f", "c8c4cf64b876a76570c3411d6990ab48", "7a2acf00a2783ee74a9bd19e6049f694"], "player_model": "G3_PM1"}, "model": "graph.path", "pk": 54}, {"fields": {"graph": "G3", "edges": ["e9ef210b48764369350697d85dc86a6e", "742aa0e55a4b5a95569796eec4c59179", "55d6c5f03ff836ab65ae7cae011e382a", "199f63ec0db65cf17ce05e5be9caac6c"], "player_model": "G3_PM3"}, "model": "graph.path", "pk": 55}, {"fields": {"graph": "G3", "edges": ["82fdfe67a8794621e3a010021773fde9", "1c3b4483f60f722277ac27732101ae1f", "55d6c5f03ff836ab65ae7cae011e382a", "199f63ec0db65cf17ce05e5be9caac6c"], "player_model": "G3_PM3"}, "model": "graph.path", "pk": 56}, {"fields": {"graph": "G3", "edges": ["82fdfe67a8794621e3a010021773fde9", "132e2fcebe9271cd46850de55b90fde0", "e541d162e1069fc825ec34ed6e70efa9"], "player_model": "G3_PM3"}, "model": "graph.path", "pk": 57}, {"fields": {"graph": "G3", "edges": ["82fdfe67a8794621e3a010021773fde9", "132e2fcebe9271cd46850de55b90fde0", "55d6c5f03ff836ab65ae7cae011e382a", "53087bf8be2366d476ba192eff6218b8"], "player_model": "G3_PM3"}, "model": "graph.path", "pk": 58}, {"fields": {"graph": "G3", "edges": ["5f3e3e28943a8f208a50008aef30d39c", "b24eeeba02b097ad35da14f23a45f12e"], "player_model": "G3_PM3"}, "model": "graph.path", "pk": 59}, {"fields": {"graph": "G4", "edges": ["75e96ac3a30009708bdfa6e7deafa4a1", "a230d3b8408ba781a14063d47bec3e0f"], "player_model": "G4_PM1"}, "model": "graph.path", "pk": 60}, {"fields": {"graph": "G4", "edges": ["75e96ac3a30009708bdfa6e7deafa4a1", "e762526f8b29824d8775410086844f7a", "a759408bc5ea1a4ab7646d2d8e1b83fb", "e4a0ea295700d21b248344c3edad5cf0"], "player_model": "G4_PM1"}, "model": "graph.path", "pk": 61}, {"fields": {"graph": "G4", "edges": ["b7a91d907370899e5a78ee7ee3c03a61", "a759408bc5ea1a4ab7646d2d8e1b83fb", "e4a0ea295700d21b248344c3edad5cf0"], "player_model": "G4_PM1"}, "model": "graph.path", "pk": 62}, {"fields": {"graph": "G4", "edges": ["b6a1729bb3a0842223297679dcece9ed", "ec96c978c16569f75ad3e934bc564c23", "a759408bc5ea1a4ab7646d2d8e1b83fb", "b415a0e506ff86ad2604b6c2898e38cb", "43a10f1debe83388bf6e1d6a00f73575"], "player_model": "G4_PM2"}, "model": "graph.path", "pk": 63}, {"fields": {"graph": "G4", "edges": ["b6a1729bb3a0842223297679dcece9ed", "a759408bc5ea1a4ab7646d2d8e1b83fb", "2109a2753973936db44848572f0c370b"], "player_model": "G4_PM2"}, "model": "graph.path", "pk": 64}, {"fields": {"graph": "G4", "edges": ["24444778c16e15cd4ce9a3bfb8473e6e", "02a388fb2fb0d129af85a0834f2e3fde", "ec96c978c16569f75ad3e934bc564c23", "b415a0e506ff86ad2604b6c2898e38cb", "43a10f1debe83388bf6e1d6a00f73575"], "player_model": "G4_PM2"}, "model": "graph.path", "pk": 65}, {"fields": {"graph": "G4", "edges": ["24444778c16e15cd4ce9a3bfb8473e6e", "02a388fb2fb0d129af85a0834f2e3fde", "2109a2753973936db44848572f0c370b"], "player_model": "G4_PM2"}, "model": "graph.path", "pk": 66}, {"fields": {"graph": "G4", "edges": ["24444778c16e15cd4ce9a3bfb8473e6e", "25fb34017c22c85ac84b112bf5fd89e6", "b415a0e506ff86ad2604b6c2898e38cb", "43a10f1debe83388bf6e1d6a00f73575"], "player_model": "G4_PM2"}, "model": "graph.path", "pk": 67}, {"fields": {"graph": "G4", "edges": ["24444778c16e15cd4ce9a3bfb8473e6e", "beac03ea68acaac1de78cb07bffcb51d", "6d8777c9becf1dde3725e98b553a25bb", "43a10f1debe83388bf6e1d6a00f73575"], "player_model": "G4_PM2"}, "model": "graph.path", "pk": 68}, {"fields": {"graph": "G4", "edges": ["84c2ca4eceb59aaab32968e8f49224e4", "02a388fb2fb0d129af85a0834f2e3fde", "ec96c978c16569f75ad3e934bc564c23", "b415a0e506ff86ad2604b6c2898e38cb"], "player_model": "G4_PM3"}, "model": "graph.path", "pk": 69}, {"fields": {"graph": "G4", "edges": ["84c2ca4eceb59aaab32968e8f49224e4", "25fb34017c22c85ac84b112bf5fd89e6", "b415a0e506ff86ad2604b6c2898e38cb"], "player_model": "G4_PM3"}, "model": "graph.path", "pk": 70}, {"fields": {"graph": "G4", "edges": ["84c2ca4eceb59aaab32968e8f49224e4", "beac03ea68acaac1de78cb07bffcb51d", "6d8777c9becf1dde3725e98b553a25bb"], "player_model": "G4_PM3"}, "model": "graph.path", "pk": 71}, {"fields": {"graph": "G4", "edges": ["0e889c44c6b06a6064ee742b5ed307de", "6d8777c9becf1dde3725e98b553a25bb"], "player_model": "G4_PM3"}, "model": "graph.path", "pk": 72}, {"fields": {"iteration": 0, "graph_cost": null, "game_object": null}, "model": "graph.gameturn", "pk": 1}, {"fields": {"iteration": 0, "graph_cost": null, "game_object": null}, "model": "graph.gameturn", "pk": 2}, {"fields": {"iteration": 0, "graph_cost": null, "game_object": null}, "model": "graph.gameturn", "pk": 3}, {"fields": {"iteration": 0, "graph_cost": null, "game_object": null}, "model": "graph.gameturn", "pk": 4}, {"fields": {"iteration": 0, "graph_cost": null, "game_object": null}, "model": "graph.gameturn", "pk": 5}, {"fields": {"iteration": 0, "graph_cost": null, "game_object": null}, "model": "graph.gameturn", "pk": 6}, {"fields": {"iteration": 0, "graph_cost": null, "game_object": null}, "model": "graph.gameturn", "pk": 7}, {"fields": {"iteration": 0, "graph_cost": null, "game_object": null}, "model": "graph.gameturn", "pk": 8}, {"fields": {"current_turn": 5, "single_slider_mode": false, "started": false, "graph": "G1", "game_loop_time": null, "currently_in_use": true, "edge_highlight": true, "stopped": false, "turns": [], "duration": 30}, "model": "graph.game", "pk": "game"}, {"fields": {"current_turn": 6, "single_slider_mode": false, "started": false, "graph": "G2", "game_loop_time": null, "currently_in_use": false, "edge_highlight": true, "stopped": false, "turns": [], "duration": 30}, "model": "graph.game", "pk": "game_1"}, {"fields": {"current_turn": 7, "single_slider_mode": false, "started": false, "graph": "G3", "game_loop_time": null, "currently_in_use": false, "edge_highlight": true, "stopped": false, "turns": [], "duration": 30}, "model": "graph.game", "pk": "game_2"}, {"fields": {"current_turn": 8, "single_slider_mode": false, "started": false, "graph": "G4", "game_loop_time": null, "currently_in_use": false, "edge_highlight": true, "stopped": false, "turns": [], "duration": 30}, "model": "graph.game", "pk": "game_3"}, {"fields": {"codename": "add_permission", "name": "Can add permission", "content_type": 1}, "model": "auth.permission", "pk": 1}, {"fields": {"codename": "change_permission", "name": "Can change permission", "content_type": 1}, "model": "auth.permission", "pk": 2}, {"fields": {"codename": "delete_permission", "name": "Can delete permission", "content_type": 1}, "model": "auth.permission", "pk": 3}, {"fields": {"codename": "add_group", "name": "Can add group", "content_type": 2}, "model": "auth.permission", "pk": 4}, {"fields": {"codename": "change_group", "name": "Can change group", "content_type": 2}, "model": "auth.permission", "pk": 5}, {"fields": {"codename": "delete_group", "name": "Can delete group", "content_type": 2}, "model": "auth.permission", "pk": 6}, {"fields": {"codename": "add_user", "name": "Can add user", "content_type": 3}, "model": "auth.permission", "pk": 7}, {"fields": {"codename": "change_user", "name": "Can change user", "content_type": 3}, "model": "auth.permission", "pk": 8}, {"fields": {"codename": "delete_user", "name": "Can delete user", "content_type": 3}, "model": "auth.permission", "pk": 9}, {"fields": {"codename": "add_contenttype", "name": "Can add content type", "content_type": 4}, "model": "auth.permission", "pk": 10}, {"fields": {"codename": "change_contenttype", "name": "Can change content type", "content_type": 4}, "model": "auth.permission", "pk": 11}, {"fields": {"codename": "delete_contenttype", "name": "Can delete content type", "content_type": 4}, "model": "auth.permission", "pk": 12}, {"fields": {"codename": "add_session", "name": "Can add session", "content_type": 5}, "model": "auth.permission", "pk": 13}, {"fields": {"codename": "change_session", "name": "Can change session", "content_type": 5}, "model": "auth.permission", "pk": 14}, {"fields": {"codename": "delete_session", "name": "Can delete session", "content_type": 5}, "model": "auth.permission", "pk": 15}, {"fields": {"codename": "add_taskmeta", "name": "Can add task state", "content_type": 6}, "model": "auth.permission", "pk": 16}, {"fields": {"codename": "change_taskmeta", "name": "Can change task state", "content_type": 6}, "model": "auth.permission", "pk": 17}, {"fields": {"codename": "delete_taskmeta", "name": "Can delete task state", "content_type": 6}, "model": "auth.permission", "pk": 18}, {"fields": {"codename": "add_tasksetmeta", "name": "Can add saved group result", "content_type": 7}, "model": "auth.permission", "pk": 19}, {"fields": {"codename": "change_tasksetmeta", "name": "Can change saved group result", "content_type": 7}, "model": "auth.permission", "pk": 20}, {"fields": {"codename": "delete_tasksetmeta", "name": "Can delete saved group result", "content_type": 7}, "model": "auth.permission", "pk": 21}, {"fields": {"codename": "add_intervalschedule", "name": "Can add interval", "content_type": 8}, "model": "auth.permission", "pk": 22}, {"fields": {"codename": "change_intervalschedule", "name": "Can change interval", "content_type": 8}, "model": "auth.permission", "pk": 23}, {"fields": {"codename": "delete_intervalschedule", "name": "Can delete interval", "content_type": 8}, "model": "auth.permission", "pk": 24}, {"fields": {"codename": "add_crontabschedule", "name": "Can add crontab", "content_type": 9}, "model": "auth.permission", "pk": 25}, {"fields": {"codename": "change_crontabschedule", "name": "Can change crontab", "content_type": 9}, "model": "auth.permission", "pk": 26}, {"fields": {"codename": "delete_crontabschedule", "name": "Can delete crontab", "content_type": 9}, "model": "auth.permission", "pk": 27}, {"fields": {"codename": "add_periodictasks", "name": "Can add periodic tasks", "content_type": 10}, "model": "auth.permission", "pk": 28}, {"fields": {"codename": "change_periodictasks", "name": "Can change periodic tasks", "content_type": 10}, "model": "auth.permission", "pk": 29}, {"fields": {"codename": "delete_periodictasks", "name": "Can delete periodic tasks", "content_type": 10}, "model": "auth.permission", "pk": 30}, {"fields": {"codename": "add_periodictask", "name": "Can add periodic task", "content_type": 11}, "model": "auth.permission", "pk": 31}, {"fields": {"codename": "change_periodictask", "name": "Can change periodic task", "content_type": 11}, "model": "auth.permission", "pk": 32}, {"fields": {"codename": "delete_periodictask", "name": "Can delete periodic task", "content_type": 11}, "model": "auth.permission", "pk": 33}, {"fields": {"codename": "add_workerstate", "name": "Can add worker", "content_type": 12}, "model": "auth.permission", "pk": 34}, {"fields": {"codename": "change_workerstate", "name": "Can change worker", "content_type": 12}, "model": "auth.permission", "pk": 35}, {"fields": {"codename": "delete_workerstate", "name": "Can delete worker", "content_type": 12}, "model": "auth.permission", "pk": 36}, {"fields": {"codename": "add_taskstate", "name": "Can add task", "content_type": 13}, "model": "auth.permission", "pk": 37}, {"fields": {"codename": "change_taskstate", "name": "Can change task", "content_type": 13}, "model": "auth.permission", "pk": 38}, {"fields": {"codename": "delete_taskstate", "name": "Can delete task", "content_type": 13}, "model": "auth.permission", "pk": 39}, {"fields": {"codename": "add_user", "name": "Can add user", "content_type": 14}, "model": "auth.permission", "pk": 40}, {"fields": {"codename": "change_user", "name": "Can change user", "content_type": 14}, "model": "auth.permission", "pk": 41}, {"fields": {"codename": "delete_user", "name": "Can delete user", "content_type": 14}, "model": "auth.permission", "pk": 42}, {"fields": {"codename": "add_graph", "name": "Can add graph", "content_type": 15}, "model": "auth.permission", "pk": 43}, {"fields": {"codename": "change_graph", "name": "Can change graph", "content_type": 15}, "model": "auth.permission", "pk": 44}, {"fields": {"codename": "delete_graph", "name": "Can delete graph", "content_type": 15}, "model": "auth.permission", "pk": 45}, {"fields": {"codename": "add_node", "name": "Can add node", "content_type": 16}, "model": "auth.permission", "pk": 46}, {"fields": {"codename": "change_node", "name": "Can change node", "content_type": 16}, "model": "auth.permission", "pk": 47}, {"fields": {"codename": "delete_node", "name": "Can delete node", "content_type": 16}, "model": "auth.permission", "pk": 48}, {"fields": {"codename": "add_playermodel", "name": "Can add player model", "content_type": 17}, "model": "auth.permission", "pk": 49}, {"fields": {"codename": "change_playermodel", "name": "Can change player model", "content_type": 17}, "model": "auth.permission", "pk": 50}, {"fields": {"codename": "delete_playermodel", "name": "Can delete player model", "content_type": 17}, "model": "auth.permission", "pk": 51}, {"fields": {"codename": "add_player", "name": "Can add player", "content_type": 18}, "model": "auth.permission", "pk": 52}, {"fields": {"codename": "change_player", "name": "Can change player", "content_type": 18}, "model": "auth.permission", "pk": 53}, {"fields": {"codename": "delete_player", "name": "Can delete player", "content_type": 18}, "model": "auth.permission", "pk": 54}, {"fields": {"codename": "add_edge", "name": "Can add edge", "content_type": 19}, "model": "auth.permission", "pk": 55}, {"fields": {"codename": "change_edge", "name": "Can change edge", "content_type": 19}, "model": "auth.permission", "pk": 56}, {"fields": {"codename": "delete_edge", "name": "Can delete edge", "content_type": 19}, "model": "auth.permission", "pk": 57}, {"fields": {"codename": "add_path", "name": "Can add path", "content_type": 20}, "model": "auth.permission", "pk": 58}, {"fields": {"codename": "change_path", "name": "Can change path", "content_type": 20}, "model": "auth.permission", "pk": 59}, {"fields": {"codename": "delete_path", "name": "Can delete path", "content_type": 20}, "model": "auth.permission", "pk": 60}, {"fields": {"codename": "add_pathflowassignment", "name": "Can add path flow assignment", "content_type": 21}, "model": "auth.permission", "pk": 61}, {"fields": {"codename": "change_pathflowassignment", "name": "Can change path flow assignment", "content_type": 21}, "model": "auth.permission", "pk": 62}, {"fields": {"codename": "delete_pathflowassignment", "name": "Can delete path flow assignment", "content_type": 21}, "model": "auth.permission", "pk": 63}, {"fields": {"codename": "add_pathtotalflowandcosts", "name": "Can add path total flow and costs", "content_type": 22}, "model": "auth.permission", "pk": 64}, {"fields": {"codename": "change_pathtotalflowandcosts", "name": "Can change path total flow and costs", "content_type": 22}, "model": "auth.permission", "pk": 65}, {"fields": {"codename": "delete_pathtotalflowandcosts", "name": "Can delete path total flow and costs", "content_type": 22}, "model": "auth.permission", "pk": 66}, {"fields": {"codename": "add_gameturn", "name": "Can add game turn", "content_type": 23}, "model": "auth.permission", "pk": 67}, {"fields": {"codename": "change_gameturn", "name": "Can change game turn", "content_type": 23}, "model": "auth.permission", "pk": 68}, {"fields": {"codename": "delete_gameturn", "name": "Can delete game turn", "content_type": 23}, "model": "auth.permission", "pk": 69}, {"fields": {"codename": "add_flowdistribution", "name": "Can add flow distribution", "content_type": 24}, "model": "auth.permission", "pk": 70}, {"fields": {"codename": "change_flowdistribution", "name": "Can change flow distribution", "content_type": 24}, "model": "auth.permission", "pk": 71}, {"fields": {"codename": "delete_flowdistribution", "name": "Can delete flow distribution", "content_type": 24}, "model": "auth.permission", "pk": 72}, {"fields": {"codename": "add_learningrate", "name": "Can add learning rate", "content_type": 25}, "model": "auth.permission", "pk": 73}, {"fields": {"codename": "change_learningrate", "name": "Can change learning rate", "content_type": 25}, "model": "auth.permission", "pk": 74}, {"fields": {"codename": "delete_learningrate", "name": "Can delete learning rate", "content_type": 25}, "model": "auth.permission", "pk": 75}, {"fields": {"codename": "add_edgecost", "name": "Can add edge cost", "content_type": 26}, "model": "auth.permission", "pk": 76}, {"fields": {"codename": "change_edgecost", "name": "Can change edge cost", "content_type": 26}, "model": "auth.permission", "pk": 77}, {"fields": {"codename": "delete_edgecost", "name": "Can delete edge cost", "content_type": 26}, "model": "auth.permission", "pk": 78}, {"fields": {"codename": "add_graphcost", "name": "Can add graph cost", "content_type": 27}, "model": "auth.permission", "pk": 79}, {"fields": {"codename": "change_graphcost", "name": "Can change graph cost", "content_type": 27}, "model": "auth.permission", "pk": 80}, {"fields": {"codename": "delete_graphcost", "name": "Can delete graph cost", "content_type": 27}, "model": "auth.permission", "pk": 81}, {"fields": {"codename": "add_game", "name": "Can add game", "content_type": 28}, "model": "auth.permission", "pk": 82}, {"fields": {"codename": "change_game", "name": "Can change game", "content_type": 28}, "model": "auth.permission", "pk": 83}, {"fields": {"codename": "delete_game", "name": "Can delete game", "content_type": 28}, "model": "auth.permission", "pk": 84}, {"fields": {"codename": "add_request", "name": "Can add request", "content_type": 29}, "model": "auth.permission", "pk": 85}, {"fields": {"codename": "change_request", "name": "Can change request", "content_type": 29}, "model": "auth.permission", "pk": 86}, {"fields": {"codename": "delete_request", "name": "Can delete request", "content_type": 29}, "model": "auth.permission", "pk": 87}, {"fields": {"codename": "add_response", "name": "Can add response", "content_type": 30}, "model": "auth.permission", "pk": 88}, {"fields": {"codename": "change_response", "name": "Can change response", "content_type": 30}, "model": "auth.permission", "pk": 89}, {"fields": {"codename": "delete_response", "name": "Can delete response", "content_type": 30}, "model": "auth.permission", "pk": 90}, {"fields": {"codename": "add_sqlquery", "name": "Can add sql query", "content_type": 31}, "model": "auth.permission", "pk": 91}, {"fields": {"codename": "change_sqlquery", "name": "Can change sql query", "content_type": 31}, "model": "auth.permission", "pk": 92}, {"fields": {"codename": "delete_sqlquery", "name": "Can delete sql query", "content_type": 31}, "model": "auth.permission", "pk": 93}, {"fields": {"codename": "add_profile", "name": "Can add profile", "content_type": 32}, "model": "auth.permission", "pk": 94}, {"fields": {"codename": "change_profile", "name": "Can change profile", "content_type": 32}, "model": "auth.permission", "pk": 95}, {"fields": {"codename": "delete_profile", "name": "Can delete profile", "content_type": 32}, "model": "auth.permission", "pk": 96}, {"fields": {"username": "admin", "first_name": "", "last_name": "", "is_active": true, "is_superuser": false, "is_staff": false, "last_login": "2016-07-01T19:17:09.887Z", "groups": [], "user_permissions": [], "password": "pbkdf2_sha256$15000$l5SMCOIRDZlb$RPf195CnJ/lKhwhxaGa5H6yIrA6qq9DHme6tjqgT+zE=", "email": "", "date_joined": "2016-07-01T19:16:39.771Z"}, "model": "auth.user", "pk": 1}, {"fields": {"superuser": true, "assignmentId": "", "workerId": "", "hitId": "", "game": "game", "user": 1, "is_a_bot": true, "player_model": null}, "model": "graph.player", "pk": 1}]