[{"fields": {"model": "permission", "name": "permission", "app_label": "auth"}, "model": "contenttypes.contenttype", "pk": 1}, {"fields": {"model": "group", "name": "group", "app_label": "auth"}, "model": "contenttypes.contenttype", "pk": 2}, {"fields": {"model": "user", "name": "user", "app_label": "auth"}, "model": "contenttypes.contenttype", "pk": 3}, {"fields": {"model": "contenttype", "name": "content type", "app_label": "contenttypes"}, "model": "contenttypes.contenttype", "pk": 4}, {"fields": {"model": "session", "name": "session", "app_label": "sessions"}, "model": "contenttypes.contenttype", "pk": 5}, {"fields": {"model": "taskmeta", "name": "task state", "app_label": "djcelery"}, "model": "contenttypes.contenttype", "pk": 6}, {"fields": {"model": "tasksetmeta", "name": "saved group result", "app_label": "djcelery"}, "model": "contenttypes.contenttype", "pk": 7}, {"fields": {"model": "intervalschedule", "name": "interval", "app_label": "djcelery"}, "model": "contenttypes.contenttype", "pk": 8}, {"fields": {"model": "crontabschedule", "name": "crontab", "app_label": "djcelery"}, "model": "contenttypes.contenttype", "pk": 9}, {"fields": {"model": "periodictasks", "name": "periodic tasks", "app_label": "djcelery"}, "model": "contenttypes.contenttype", "pk": 10}, {"fields": {"model": "periodictask", "name": "periodic task", "app_label": "djcelery"}, "model": "contenttypes.contenttype", "pk": 11}, {"fields": {"model": "workerstate", "name": "worker", "app_label": "djcelery"}, "model": "contenttypes.contenttype", "pk": 12}, {"fields": {"model": "taskstate", "name": "task", "app_label": "djcelery"}, "model": "contenttypes.contenttype", "pk": 13}, {"fields": {"model": "user", "name": "user", "app_label": "id_counter"}, "model": "contenttypes.contenttype", "pk": 14}, {"fields": {"model": "graph", "name": "graph", "app_label": "graph"}, "model": "contenttypes.contenttype", "pk": 15}, {"fields": {"model": "node", "name": "node", "app_label": "graph"}, "model": "contenttypes.contenttype", "pk": 16}, {"fields": {"model": "playermodel", "name": "player model", "app_label": "graph"}, "model": "contenttypes.contenttype", "pk": 17}, {"fields": {"model": "player", "name": "player", "app_label": "graph"}, "model": "contenttypes.contenttype", "pk": 18}, {"fields": {"model": "edge", "name": "edge", "app_label": "graph"}, "model": "contenttypes.contenttype", "pk": 19}, {"fields": {"model": "path", "name": "path", "app_label": "graph"}, "model": "contenttypes.contenttype", "pk": 20}, {"fields": {"model": "pathflowassignment", "name": "path flow assignment", "app_label": "graph"}, "model": "contenttypes.contenttype", "pk": 21}, {"fields": {"model": "gameturn", "name": "game turn", "app_label": "graph"}, "model": "contenttypes.contenttype", "pk": 22}, {"fields": {"model": "flowdistribution", "name": "flow distribution", "app_label": "graph"}, "model": "contenttypes.contenttype", "pk": 23}, {"fields": {"model": "learningrate", "name": "learning rate", "app_label": "graph"}, "model": "contenttypes.contenttype", "pk": 24}, {"fields": {"model": "edgecost", "name": "edge cost", "app_label": "graph"}, "model": "contenttypes.contenttype", "pk": 25}, {"fields": {"model": "graphcost", "name": "graph cost", "app_label": "graph"}, "model": "contenttypes.contenttype", "pk": 26}, {"fields": {"model": "game", "name": "game", "app_label": "graph"}, "model": "contenttypes.contenttype", "pk": 27}, {"fields": {"model": "request", "name": "request", "app_label": "silk"}, "model": "contenttypes.contenttype", "pk": 28}, {"fields": {"model": "response", "name": "response", "app_label": "silk"}, "model": "contenttypes.contenttype", "pk": 29}, {"fields": {"model": "sqlquery", "name": "sql query", "app_label": "silk"}, "model": "contenttypes.contenttype", "pk": 30}, {"fields": {"model": "profile", "name": "profile", "app_label": "silk"}, "model": "contenttypes.contenttype", "pk": 31}, {"fields": {"expire_date": "2016-07-11T23:08:07.189Z", "session_data": "ZjRlMWI5OTgxZDA3OTlmNzczNjgxOTg0YjMyMmFhM2NiNmJiNzE5MDp7fQ=="}, "model": "sessions.session", "pk": "0d7xlb2869hwua7v1p0ulgkr326gd231"}, {"fields": {"expire_date": "2016-07-11T23:07:58.148Z", "session_data": "ZjRlMWI5OTgxZDA3OTlmNzczNjgxOTg0YjMyMmFhM2NiNmJiNzE5MDp7fQ=="}, "model": "sessions.session", "pk": "0gbq131n6jlz3ffvaak46x4qzmchga2e"}, {"fields": {"expire_date": "2016-07-08T18:23:07.317Z", "session_data": "ZjRlMWI5OTgxZDA3OTlmNzczNjgxOTg0YjMyMmFhM2NiNmJiNzE5MDp7fQ=="}, "model": "sessions.session", "pk": "1ieod8wd34bsre4zr2b9svadv8mn6g88"}, {"fields": {"expire_date": "2016-07-11T23:08:03.778Z", "session_data": "ZjRlMWI5OTgxZDA3OTlmNzczNjgxOTg0YjMyMmFhM2NiNmJiNzE5MDp7fQ=="}, "model": "sessions.session", "pk": "3l6xuerxc6gogy0m4rn48kalmxkvrebo"}, {"fields": {"expire_date": "2016-07-11T23:08:05.641Z", "session_data": "ZjRlMWI5OTgxZDA3OTlmNzczNjgxOTg0YjMyMmFhM2NiNmJiNzE5MDp7fQ=="}, "model": "sessions.session", "pk": "4zunq4n6tfrx0bo2fg1qvx1d592qxmmv"}, {"fields": {"expire_date": "2016-07-11T23:08:04.360Z", "session_data": "ZjRlMWI5OTgxZDA3OTlmNzczNjgxOTg0YjMyMmFhM2NiNmJiNzE5MDp7fQ=="}, "model": "sessions.session", "pk": "542je4ftmvt509yxjdkp5p0a4ev0tfk6"}, {"fields": {"expire_date": "2016-07-11T23:07:58.029Z", "session_data": "ZjRlMWI5OTgxZDA3OTlmNzczNjgxOTg0YjMyMmFhM2NiNmJiNzE5MDp7fQ=="}, "model": "sessions.session", "pk": "5qgcpkts2end6rm5eke95bhvblgnfxr8"}, {"fields": {"expire_date": "2016-07-11T23:08:09.381Z", "session_data": "ZjRlMWI5OTgxZDA3OTlmNzczNjgxOTg0YjMyMmFhM2NiNmJiNzE5MDp7fQ=="}, "model": "sessions.session", "pk": "61eolti8ducmn93ka1qkswp359zs929u"}, {"fields": {"expire_date": "2016-07-11T23:08:05.675Z", "session_data": "ZjRlMWI5OTgxZDA3OTlmNzczNjgxOTg0YjMyMmFhM2NiNmJiNzE5MDp7fQ=="}, "model": "sessions.session", "pk": "6c0m33awrko34ibgmtruzl8v8s8gywfm"}, {"fields": {"expire_date": "2016-07-11T23:08:06.308Z", "session_data": "ZjRlMWI5OTgxZDA3OTlmNzczNjgxOTg0YjMyMmFhM2NiNmJiNzE5MDp7fQ=="}, "model": "sessions.session", "pk": "6wd7ol3pk7j9jjtspt20iks5hr9hop7e"}, {"fields": {"expire_date": "2016-07-11T23:08:03.758Z", "session_data": "ZjRlMWI5OTgxZDA3OTlmNzczNjgxOTg0YjMyMmFhM2NiNmJiNzE5MDp7fQ=="}, "model": "sessions.session", "pk": "7vhzysrrzgyen9ofopr4n3o3sotp6hob"}, {"fields": {"expire_date": "2016-07-11T23:08:05.067Z", "session_data": "ZjRlMWI5OTgxZDA3OTlmNzczNjgxOTg0YjMyMmFhM2NiNmJiNzE5MDp7fQ=="}, "model": "sessions.session", "pk": "7xx4ndu9gxlsmlfx8oyl2c25vv26jdrw"}, {"fields": {"expire_date": "2016-07-11T23:08:03.397Z", "session_data": "ZjRlMWI5OTgxZDA3OTlmNzczNjgxOTg0YjMyMmFhM2NiNmJiNzE5MDp7fQ=="}, "model": "sessions.session", "pk": "83ld96wistyy8ezfoboo8fk317qqglps"}, {"fields": {"expire_date": "2016-07-11T23:08:05.714Z", "session_data": "ZjRlMWI5OTgxZDA3OTlmNzczNjgxOTg0YjMyMmFhM2NiNmJiNzE5MDp7fQ=="}, "model": "sessions.session", "pk": "8jas09thshxalragrssx4uv19rgo16uf"}, {"fields": {"expire_date": "2016-07-11T23:08:08.220Z", "session_data": "ZjRlMWI5OTgxZDA3OTlmNzczNjgxOTg0YjMyMmFhM2NiNmJiNzE5MDp7fQ=="}, "model": "sessions.session", "pk": "8oh53e3xvp558vp8l87r7qm8ins2auek"}, {"fields": {"expire_date": "2016-07-11T23:08:04.951Z", "session_data": "ZjRlMWI5OTgxZDA3OTlmNzczNjgxOTg0YjMyMmFhM2NiNmJiNzE5MDp7fQ=="}, "model": "sessions.session", "pk": "9iboa7sd4xq29lyd1xyxyaizhbxhcro5"}, {"fields": {"expire_date": "2016-07-11T23:08:07.180Z", "session_data": "ZjRlMWI5OTgxZDA3OTlmNzczNjgxOTg0YjMyMmFhM2NiNmJiNzE5MDp7fQ=="}, "model": "sessions.session", "pk": "9m6gd9mihae27tvbbn90d3lcjck9r2ac"}, {"fields": {"expire_date": "2016-07-11T23:08:08.423Z", "session_data": "ZjRlMWI5OTgxZDA3OTlmNzczNjgxOTg0YjMyMmFhM2NiNmJiNzE5MDp7fQ=="}, "model": "sessions.session", "pk": "9sw95k7qhg7glr5t08tm1r97e595tqw4"}, {"fields": {"expire_date": "2016-07-08T18:23:07.537Z", "session_data": "ZjRlMWI5OTgxZDA3OTlmNzczNjgxOTg0YjMyMmFhM2NiNmJiNzE5MDp7fQ=="}, "model": "sessions.session", "pk": "afogb9z82hmcix7a1hqjfmbh2mqs4x0g"}, {"fields": {"expire_date": "2016-07-11T23:08:08.788Z", "session_data": "ZjRlMWI5OTgxZDA3OTlmNzczNjgxOTg0YjMyMmFhM2NiNmJiNzE5MDp7fQ=="}, "model": "sessions.session", "pk": "ag03294b6r5lrvhmyixtv2u2pxc4bpjp"}, {"fields": {"expire_date": "2016-07-11T23:08:05.046Z", "session_data": "ZjRlMWI5OTgxZDA3OTlmNzczNjgxOTg0YjMyMmFhM2NiNmJiNzE5MDp7fQ=="}, "model": "sessions.session", "pk": "dl794bvunxbzk84rm1ebl6figw0clqge"}, {"fields": {"expire_date": "2016-07-11T23:08:03.744Z", "session_data": "ZjRlMWI5OTgxZDA3OTlmNzczNjgxOTg0YjMyMmFhM2NiNmJiNzE5MDp7fQ=="}, "model": "sessions.session", "pk": "e8msog7uwe3rton2dbuht85zfan9b16h"}, {"fields": {"expire_date": "2016-07-11T23:08:06.873Z", "session_data": "ZjRlMWI5OTgxZDA3OTlmNzczNjgxOTg0YjMyMmFhM2NiNmJiNzE5MDp7fQ=="}, "model": "sessions.session", "pk": "f4t71v8273f65kfoegnb638zv5w768dr"}, {"fields": {"expire_date": "2016-07-11T23:08:06.347Z", "session_data": "ZjRlMWI5OTgxZDA3OTlmNzczNjgxOTg0YjMyMmFhM2NiNmJiNzE5MDp7fQ=="}, "model": "sessions.session", "pk": "fibatlcuqkyeuybjkjbtkn15kvfhrl51"}, {"fields": {"expire_date": "2016-07-11T23:08:05.972Z", "session_data": "ZjRlMWI5OTgxZDA3OTlmNzczNjgxOTg0YjMyMmFhM2NiNmJiNzE5MDp7fQ=="}, "model": "sessions.session", "pk": "gjyx0mr43ekamrc9owkvxqj5s0tlk0wy"}, {"fields": {"expire_date": "2016-07-11T23:08:05.064Z", "session_data": "ZjRlMWI5OTgxZDA3OTlmNzczNjgxOTg0YjMyMmFhM2NiNmJiNzE5MDp7fQ=="}, "model": "sessions.session", "pk": "gk675pjw7wkixytd33qo9970aj1ozfx4"}, {"fields": {"expire_date": "2016-07-08T18:23:07.200Z", "session_data": "ZjRlMWI5OTgxZDA3OTlmNzczNjgxOTg0YjMyMmFhM2NiNmJiNzE5MDp7fQ=="}, "model": "sessions.session", "pk": "h4ik41y7njte4wz0oqn4wfewnp0317co"}, {"fields": {"expire_date": "2016-07-08T18:25:02.816Z", "session_data": "ZjRlMWI5OTgxZDA3OTlmNzczNjgxOTg0YjMyMmFhM2NiNmJiNzE5MDp7fQ=="}, "model": "sessions.session", "pk": "hcn0t9hwzvxmwp6zji0rg7c6y5smddqb"}, {"fields": {"expire_date": "2016-07-11T23:08:04.374Z", "session_data": "ZjRlMWI5OTgxZDA3OTlmNzczNjgxOTg0YjMyMmFhM2NiNmJiNzE5MDp7fQ=="}, "model": "sessions.session", "pk": "jmb3jfeigrka63s51rvtwdx5x8x6jv7i"}, {"fields": {"expire_date": "2016-07-11T23:08:05.673Z", "session_data": "ZjRlMWI5OTgxZDA3OTlmNzczNjgxOTg0YjMyMmFhM2NiNmJiNzE5MDp7fQ=="}, "model": "sessions.session", "pk": "kbgkskbw1sfxvxl9bgypfvho2lra92l4"}, {"fields": {"expire_date": "2016-07-11T23:08:08.933Z", "session_data": "ZjRlMWI5OTgxZDA3OTlmNzczNjgxOTg0YjMyMmFhM2NiNmJiNzE5MDp7fQ=="}, "model": "sessions.session", "pk": "knf0n7kkdjw705uuvnzpvk647py0oycl"}, {"fields": {"expire_date": "2016-07-11T23:07:58.212Z", "session_data": "ZjRlMWI5OTgxZDA3OTlmNzczNjgxOTg0YjMyMmFhM2NiNmJiNzE5MDp7fQ=="}, "model": "sessions.session", "pk": "l23rt27m3xl22qtpavoah1fv9naandgq"}, {"fields": {"expire_date": "2016-07-11T23:08:07.858Z", "session_data": "ZjRlMWI5OTgxZDA3OTlmNzczNjgxOTg0YjMyMmFhM2NiNmJiNzE5MDp7fQ=="}, "model": "sessions.session", "pk": "lpy957s59z441k5vwic5byfd6q92h53p"}, {"fields": {"expire_date": "2016-07-11T23:08:09.450Z", "session_data": "ZjRlMWI5OTgxZDA3OTlmNzczNjgxOTg0YjMyMmFhM2NiNmJiNzE5MDp7fQ=="}, "model": "sessions.session", "pk": "lv7tx26mh7rvaesfuzpdb2jm0xf61ezw"}, {"fields": {"expire_date": "2016-07-08T18:26:46.136Z", "session_data": "ZjRlMWI5OTgxZDA3OTlmNzczNjgxOTg0YjMyMmFhM2NiNmJiNzE5MDp7fQ=="}, "model": "sessions.session", "pk": "nqgkjtay2trjhk4hrmm3954kn7x52qnl"}, {"fields": {"expire_date": "2016-07-11T23:07:59.759Z", "session_data": "ZjRlMWI5OTgxZDA3OTlmNzczNjgxOTg0YjMyMmFhM2NiNmJiNzE5MDp7fQ=="}, "model": "sessions.session", "pk": "oa7384z7fw3aa1xpsw7rr97vjqfeeejp"}, {"fields": {"expire_date": "2016-07-11T23:08:04.023Z", "session_data": "ZjRlMWI5OTgxZDA3OTlmNzczNjgxOTg0YjMyMmFhM2NiNmJiNzE5MDp7fQ=="}, "model": "sessions.session", "pk": "omj8w7a4jw566r8bvr1scbm5248bn9tf"}, {"fields": {"expire_date": "2016-07-11T23:08:06.383Z", "session_data": "ZjRlMWI5OTgxZDA3OTlmNzczNjgxOTg0YjMyMmFhM2NiNmJiNzE5MDp7fQ=="}, "model": "sessions.session", "pk": "p9isxj0q38njaa1v7g5v7dtiq9tffbsl"}, {"fields": {"expire_date": "2016-07-11T23:07:58.030Z", "session_data": "ZjRlMWI5OTgxZDA3OTlmNzczNjgxOTg0YjMyMmFhM2NiNmJiNzE5MDp7fQ=="}, "model": "sessions.session", "pk": "pd753h7bkw3cki3r7xojwc8eu0ostdem"}, {"fields": {"expire_date": "2016-07-11T23:08:03.752Z", "session_data": "ZjRlMWI5OTgxZDA3OTlmNzczNjgxOTg0YjMyMmFhM2NiNmJiNzE5MDp7fQ=="}, "model": "sessions.session", "pk": "ptn986f7f366tm35d57hj8jy3wdgwfp2"}, {"fields": {"expire_date": "2016-07-11T23:08:09.241Z", "session_data": "ZjRlMWI5OTgxZDA3OTlmNzczNjgxOTg0YjMyMmFhM2NiNmJiNzE5MDp7fQ=="}, "model": "sessions.session", "pk": "pyg09vlytv2qq6tj25nft2r91oqmwihf"}, {"fields": {"expire_date": "2016-07-11T23:08:05.020Z", "session_data": "ZjRlMWI5OTgxZDA3OTlmNzczNjgxOTg0YjMyMmFhM2NiNmJiNzE5MDp7fQ=="}, "model": "sessions.session", "pk": "q4wyn75c0dtecmu1ui2jy7fx5xb7tomh"}, {"fields": {"expire_date": "2016-07-11T23:08:05.366Z", "session_data": "ZjRlMWI5OTgxZDA3OTlmNzczNjgxOTg0YjMyMmFhM2NiNmJiNzE5MDp7fQ=="}, "model": "sessions.session", "pk": "qsa01xrekveqcu09w3x4ij93anjq5sbh"}, {"fields": {"expire_date": "2016-07-11T23:08:04.711Z", "session_data": "ZjRlMWI5OTgxZDA3OTlmNzczNjgxOTg0YjMyMmFhM2NiNmJiNzE5MDp7fQ=="}, "model": "sessions.session", "pk": "qyt4dhla522bbrmmgdq29mdl2ui0suqa"}, {"fields": {"expire_date": "2016-07-11T23:08:04.369Z", "session_data": "ZjRlMWI5OTgxZDA3OTlmNzczNjgxOTg0YjMyMmFhM2NiNmJiNzE5MDp7fQ=="}, "model": "sessions.session", "pk": "rdiy5obgw4rwfv8ypgeli6walylt3oix"}, {"fields": {"expire_date": "2016-07-11T23:08:09.513Z", "session_data": "ZjRlMWI5OTgxZDA3OTlmNzczNjgxOTg0YjMyMmFhM2NiNmJiNzE5MDp7fQ=="}, "model": "sessions.session", "pk": "rqrdbwntcmjmfkgsfeu7qwkjvuo90euu"}, {"fields": {"expire_date": "2016-07-11T23:08:07.080Z", "session_data": "ZjRlMWI5OTgxZDA3OTlmNzczNjgxOTg0YjMyMmFhM2NiNmJiNzE5MDp7fQ=="}, "model": "sessions.session", "pk": "suhi8mn96cdgdrgg45a8gztjl7x9aodj"}, {"fields": {"expire_date": "2016-07-11T23:07:58.190Z", "session_data": "ZjRlMWI5OTgxZDA3OTlmNzczNjgxOTg0YjMyMmFhM2NiNmJiNzE5MDp7fQ=="}, "model": "sessions.session", "pk": "u3nmnpvettzca9arijtsuvqp89kyvf3p"}, {"fields": {"expire_date": "2016-07-11T23:08:08.404Z", "session_data": "ZjRlMWI5OTgxZDA3OTlmNzczNjgxOTg0YjMyMmFhM2NiNmJiNzE5MDp7fQ=="}, "model": "sessions.session", "pk": "unfuflp4v31ab64wotwcv1aw4c4qio38"}, {"fields": {"expire_date": "2016-07-11T23:08:06.380Z", "session_data": "ZjRlMWI5OTgxZDA3OTlmNzczNjgxOTg0YjMyMmFhM2NiNmJiNzE5MDp7fQ=="}, "model": "sessions.session", "pk": "urexaxjtzzpg565vnl6e2xy7fwsxhz1o"}, {"fields": {"expire_date": "2016-07-11T23:08:06.363Z", "session_data": "ZjRlMWI5OTgxZDA3OTlmNzczNjgxOTg0YjMyMmFhM2NiNmJiNzE5MDp7fQ=="}, "model": "sessions.session", "pk": "w3pue83xido8kbls5zwcmcj1c7l6mkgy"}, {"fields": {"expire_date": "2016-07-11T23:08:18.469Z", "session_data": "MWNhYTQ4OTg3YjcyNjZlMWQ4MmZmZWMxODdmZTIxZWE3YWNlYzczYzp7Il9hdXRoX3VzZXJfaGFzaCI6IjQwZjljYWRkZTQyZjIxYTY5ZDg1ZDdkMDVjMzlmMmMxNjM2ODhkNTQiLCJfYXV0aF91c2VyX2JhY2tlbmQiOiJkamFuZ28uY29udHJpYi5hdXRoLmJhY2tlbmRzLk1vZGVsQmFja2VuZCIsIl9hdXRoX3VzZXJfaWQiOjF9"}, "model": "sessions.session", "pk": "xcmgmmnipyj8d1mfdrq1sy5lucizfsas"}, {"fields": {"expire_date": "2016-07-11T23:07:58.206Z", "session_data": "ZjRlMWI5OTgxZDA3OTlmNzczNjgxOTg0YjMyMmFhM2NiNmJiNzE5MDp7fQ=="}, "model": "sessions.session", "pk": "xgm6vvevhmzkqmpcdb2b56pri7f5r2gr"}, {"fields": {"expire_date": "2016-07-11T23:08:04.400Z", "session_data": "ZjRlMWI5OTgxZDA3OTlmNzczNjgxOTg0YjMyMmFhM2NiNmJiNzE5MDp7fQ=="}, "model": "sessions.session", "pk": "xki98mxznnztjw22t5w5pnf7imjbs2ci"}, {"fields": {"expire_date": "2016-07-11T23:08:03.764Z", "session_data": "ZjRlMWI5OTgxZDA3OTlmNzczNjgxOTg0YjMyMmFhM2NiNmJiNzE5MDp7fQ=="}, "model": "sessions.session", "pk": "y6au0h8t1bllir7ao51tnvz7b8db2fgg"}, {"fields": {"expire_date": "2016-07-11T23:08:05.598Z", "session_data": "ZjRlMWI5OTgxZDA3OTlmNzczNjgxOTg0YjMyMmFhM2NiNmJiNzE5MDp7fQ=="}, "model": "sessions.session", "pk": "yaeebpplr2uo77iapk0psfpmq5lm4mql"}, {"fields": {"expire_date": "2016-07-11T23:08:07.170Z", "session_data": "ZjRlMWI5OTgxZDA3OTlmNzczNjgxOTg0YjMyMmFhM2NiNmJiNzE5MDp7fQ=="}, "model": "sessions.session", "pk": "yww4f5bsfqb1ilsgpifvb663sdlzhqu1"}, {"fields": {"expire_date": "2016-07-11T23:08:04.345Z", "session_data": "ZjRlMWI5OTgxZDA3OTlmNzczNjgxOTg0YjMyMmFhM2NiNmJiNzE5MDp7fQ=="}, "model": "sessions.session", "pk": "zb0u3jeb4mrzyrox421rfky1j667mazp"}, {"fields": {"expire_date": "2016-07-11T23:08:08.293Z", "session_data": "ZjRlMWI5OTgxZDA3OTlmNzczNjgxOTg0YjMyMmFhM2NiNmJiNzE5MDp7fQ=="}, "model": "sessions.session", "pk": "zxaqycnvsz1j5iv0u0o0uy94n6y1ykqw"}, {"fields": {"expire_date": "2016-07-11T23:08:07.168Z", "session_data": "ZjRlMWI5OTgxZDA3OTlmNzczNjgxOTg0YjMyMmFhM2NiNmJiNzE5MDp7fQ=="}, "model": "sessions.session", "pk": "zyutbe557m6pgo2b6087d56d0wr22jnd"}, {"fields": {"expire_date": "2016-07-11T23:08:08.415Z", "session_data": "ZjRlMWI5OTgxZDA3OTlmNzczNjgxOTg0YjMyMmFhM2NiNmJiNzE5MDp7fQ=="}, "model": "sessions.session", "pk": "zzobrurafzjoddivt1cgoxd1xxdx3g10"}, {"fields": {"graph_ui": "{\"graph\": \"G1\", \"nodes\": [{\"index\": 0, \"reflexive\": false, \"weight\": 2, \"px\": 95, \"py\": 385, \"y\": 385, \"x\": 95, \"id\": 1}, {\"index\": 1, \"reflexive\": false, \"weight\": 4, \"px\": 177, \"py\": 385, \"y\": 385, \"x\": 177, \"id\": 2}, {\"index\": 2, \"reflexive\": false, \"weight\": 2, \"px\": 256, \"py\": 383, \"y\": 383, \"x\": 256, \"id\": 3}, {\"index\": 3, \"reflexive\": false, \"weight\": 5, \"px\": 218, \"py\": 320, \"y\": 320, \"x\": 218, \"id\": 4}, {\"index\": 4, \"reflexive\": false, \"weight\": 3, \"px\": 94, \"py\": 314, \"y\": 314, \"x\": 94, \"id\": 5}, {\"index\": 5, \"reflexive\": false, \"weight\": 5, \"px\": 227, \"py\": 238, \"y\": 238, \"x\": 227, \"id\": 6}, {\"index\": 6, \"reflexive\": false, \"weight\": 2, \"px\": 339, \"py\": 306, \"y\": 306, \"x\": 339, \"id\": 7}, {\"index\": 7, \"reflexive\": false, \"weight\": 3, \"px\": 340, \"py\": 194, \"y\": 194, \"x\": 340, \"id\": 8}, {\"index\": 8, \"reflexive\": false, \"weight\": 1, \"px\": 125, \"py\": 205, \"y\": 205, \"x\": 125, \"id\": 9}, {\"index\": 9, \"reflexive\": false, \"weight\": 1, \"px\": 230, \"py\": 132, \"y\": 132, \"x\": 230, \"id\": 10}], \"game\": \"game\", \"links\": [{\"id\": \"6d8bc3db02458a11a68c6624acd25586\", \"source\": {\"index\": 1, \"reflexive\": false, \"weight\": 4, \"px\": 177, \"py\": 385, \"y\": 385, \"x\": 177, \"id\": 2}, \"right\": true, \"target\": {\"index\": 3, \"reflexive\": false, \"weight\": 5, \"px\": 218, \"py\": 320, \"y\": 320, \"x\": 218, \"id\": 4}, \"left\": false}, {\"id\": \"6301bd8853c99e5ecc814d550102e393\", \"source\": {\"index\": 0, \"reflexive\": false, \"weight\": 2, \"px\": 95, \"py\": 385, \"y\": 385, \"x\": 95, \"id\": 1}, \"right\": true, \"target\": {\"index\": 1, \"reflexive\": false, \"weight\": 4, \"px\": 177, \"py\": 385, \"y\": 385, \"x\": 177, \"id\": 2}, \"left\": false}, {\"id\": \"2c25617d144dd08fb5a75e09b7ef1cfe\", \"source\": {\"index\": 1, \"reflexive\": false, \"weight\": 4, \"px\": 177, \"py\": 385, \"y\": 385, \"x\": 177, \"id\": 2}, \"right\": true, \"target\": {\"index\": 2, \"reflexive\": false, \"weight\": 2, \"px\": 256, \"py\": 383, \"y\": 383, \"x\": 256, \"id\": 3}, \"left\": false}, {\"id\": \"376dbce3dcaf6cfb280b03c424ceddd8\", \"source\": {\"index\": 2, \"reflexive\": false, \"weight\": 2, \"px\": 256, \"py\": 383, \"y\": 383, \"x\": 256, \"id\": 3}, \"right\": true, \"target\": {\"index\": 3, \"reflexive\": false, \"weight\": 5, \"px\": 218, \"py\": 320, \"y\": 320, \"x\": 218, \"id\": 4}, \"left\": false}, {\"id\": \"c02cb118f86533fc495afe033896f71d\", \"source\": {\"index\": 3, \"reflexive\": false, \"weight\": 5, \"px\": 218, \"py\": 320, \"y\": 320, \"x\": 218, \"id\": 4}, \"right\": true, \"target\": {\"index\": 6, \"reflexive\": false, \"weight\": 2, \"px\": 339, \"py\": 306, \"y\": 306, \"x\": 339, \"id\": 7}, \"left\": false}, {\"id\": \"dafe103534f727dcd27cce13dd71aa64\", \"source\": {\"index\": 6, \"reflexive\": false, \"weight\": 2, \"px\": 339, \"py\": 306, \"y\": 306, \"x\": 339, \"id\": 7}, \"right\": true, \"target\": {\"index\": 7, \"reflexive\": false, \"weight\": 3, \"px\": 340, \"py\": 194, \"y\": 194, \"x\": 340, \"id\": 8}, \"left\": false}, {\"id\": \"4f83cebd66fc525077c67e84a7129bf0\", \"source\": {\"index\": 3, \"reflexive\": false, \"weight\": 5, \"px\": 218, \"py\": 320, \"y\": 320, \"x\": 218, \"id\": 4}, \"right\": true, \"target\": {\"index\": 7, \"reflexive\": false, \"weight\": 3, \"px\": 340, \"py\": 194, \"y\": 194, \"x\": 340, \"id\": 8}, \"left\": false}, {\"id\": \"8454dc0608eaf95c91c34223174659fc\", \"source\": {\"index\": 3, \"reflexive\": false, \"weight\": 5, \"px\": 218, \"py\": 320, \"y\": 320, \"x\": 218, \"id\": 4}, \"right\": true, \"target\": {\"index\": 5, \"reflexive\": false, \"weight\": 5, \"px\": 227, \"py\": 238, \"y\": 238, \"x\": 227, \"id\": 6}, \"left\": false}, {\"id\": \"a9b93573e70f77ce62917562f5088198\", \"source\": {\"index\": 5, \"reflexive\": false, \"weight\": 5, \"px\": 227, \"py\": 238, \"y\": 238, \"x\": 227, \"id\": 6}, \"right\": true, \"target\": {\"index\": 7, \"reflexive\": false, \"weight\": 3, \"px\": 340, \"py\": 194, \"y\": 194, \"x\": 340, \"id\": 8}, \"left\": false}, {\"id\": \"81d3bfb9bdb8a400dbd3b0c6e5bdfebf\", \"source\": {\"index\": 5, \"reflexive\": false, \"weight\": 5, \"px\": 227, \"py\": 238, \"y\": 238, \"x\": 227, \"id\": 6}, \"right\": true, \"target\": {\"index\": 9, \"reflexive\": false, \"weight\": 1, \"px\": 230, \"py\": 132, \"y\": 132, \"x\": 230, \"id\": 10}, \"left\": false}, {\"id\": \"afeb2653e2bd812831ae1fe905fb94c0\", \"source\": {\"index\": 1, \"reflexive\": false, \"weight\": 4, \"px\": 177, \"py\": 385, \"y\": 385, \"x\": 177, \"id\": 2}, \"right\": true, \"target\": {\"index\": 4, \"reflexive\": false, \"weight\": 3, \"px\": 94, \"py\": 314, \"y\": 314, \"x\": 94, \"id\": 5}, \"left\": false}, {\"id\": \"a1e3c056570827a9663d5f0742467eac\", \"source\": {\"index\": 4, \"reflexive\": false, \"weight\": 3, \"px\": 94, \"py\": 314, \"y\": 314, \"x\": 94, \"id\": 5}, \"right\": true, \"target\": {\"index\": 5, \"reflexive\": false, \"weight\": 5, \"px\": 227, \"py\": 238, \"y\": 238, \"x\": 227, \"id\": 6}, \"left\": false}, {\"id\": \"8fb79bc147384829fbaf014f4d2ccefb\", \"source\": {\"index\": 0, \"reflexive\": false, \"weight\": 2, \"px\": 95, \"py\": 385, \"y\": 385, \"x\": 95, \"id\": 1}, \"right\": true, \"target\": {\"index\": 4, \"reflexive\": false, \"weight\": 3, \"px\": 94, \"py\": 314, \"y\": 314, \"x\": 94, \"id\": 5}, \"left\": false}, {\"id\": \"6e5b9bd47d5c91dcfa03a913a125586d\", \"source\": {\"index\": 5, \"reflexive\": false, \"weight\": 5, \"px\": 227, \"py\": 238, \"y\": 238, \"x\": 227, \"id\": 6}, \"right\": true, \"target\": {\"index\": 8, \"reflexive\": false, \"weight\": 1, \"px\": 125, \"py\": 205, \"y\": 205, \"x\": 125, \"id\": 9}, \"left\": false}]}"}, "model": "graph.graph", "pk": "G1"}, {"fields": {"graph_ui": "{\"graph\": \"G2\", \"nodes\": [{\"index\": 0, \"reflexive\": false, \"weight\": 2, \"px\": 171, \"py\": 411, \"y\": 411, \"x\": 171, \"id\": 1}, {\"index\": 1, \"reflexive\": false, \"weight\": 2, \"px\": 275, \"py\": 413, \"y\": 413, \"x\": 275, \"id\": 2}, {\"index\": 2, \"reflexive\": false, \"weight\": 2, \"px\": 370, \"py\": 416, \"y\": 416, \"x\": 370, \"id\": 3}, {\"index\": 3, \"reflexive\": false, \"weight\": 6, \"px\": 324, \"py\": 364, \"y\": 364, \"x\": 324, \"id\": 4}, {\"index\": 4, \"reflexive\": false, \"weight\": 6, \"px\": 222, \"py\": 371, \"y\": 371, \"x\": 222, \"id\": 5}, {\"index\": 5, \"reflexive\": false, \"weight\": 3, \"px\": 169, \"py\": 320, \"y\": 320, \"x\": 169, \"id\": 6}, {\"index\": 6, \"reflexive\": false, \"weight\": 3, \"px\": 240, \"py\": 317, \"y\": 317, \"x\": 240, \"id\": 7}, {\"index\": 7, \"reflexive\": false, \"weight\": 5, \"px\": 202, \"py\": 267, \"y\": 267, \"x\": 202, \"id\": 8}, {\"index\": 8, \"reflexive\": false, \"weight\": 2, \"px\": 254, \"py\": 262, \"y\": 262, \"x\": 254, \"id\": 9}, {\"index\": 9, \"reflexive\": false, \"weight\": 2, \"px\": 147, \"py\": 273, \"y\": 273, \"x\": 147, \"id\": 10}, {\"index\": 10, \"reflexive\": false, \"weight\": 3, \"px\": 305, \"py\": 320, \"y\": 320, \"x\": 305, \"id\": 11}, {\"index\": 11, \"reflexive\": false, \"weight\": 3, \"px\": 358, \"py\": 318, \"y\": 318, \"x\": 358, \"id\": 12}, {\"index\": 12, \"reflexive\": false, \"weight\": 5, \"px\": 334, \"py\": 285, \"y\": 285, \"x\": 334, \"id\": 13}, {\"index\": 13, \"reflexive\": false, \"weight\": 2, \"px\": 298, \"py\": 281, \"y\": 281, \"x\": 298, \"id\": 14}, {\"index\": 14, \"reflexive\": false, \"weight\": 2, \"px\": 391, \"py\": 276, \"y\": 276, \"x\": 391, \"id\": 15}], \"game\": \"game\", \"links\": [{\"id\": \"7f2bd94ad85674fe1bee97bff20d42b6\", \"source\": {\"index\": 0, \"reflexive\": false, \"weight\": 2, \"px\": 171, \"py\": 411, \"y\": 411, \"x\": 171, \"id\": 1}, \"right\": true, \"target\": {\"index\": 4, \"reflexive\": false, \"weight\": 6, \"px\": 222, \"py\": 371, \"y\": 371, \"x\": 222, \"id\": 5}, \"left\": false}, {\"id\": \"2b4729862bc28882df95501fe6d0904b\", \"source\": {\"index\": 0, \"reflexive\": false, \"weight\": 2, \"px\": 171, \"py\": 411, \"y\": 411, \"x\": 171, \"id\": 1}, \"right\": true, \"target\": {\"index\": 3, \"reflexive\": false, \"weight\": 6, \"px\": 324, \"py\": 364, \"y\": 364, \"x\": 324, \"id\": 4}, \"left\": false}, {\"id\": \"7bbdf39b57e92c840868ba4e8b7538b9\", \"source\": {\"index\": 1, \"reflexive\": false, \"weight\": 2, \"px\": 275, \"py\": 413, \"y\": 413, \"x\": 275, \"id\": 2}, \"right\": true, \"target\": {\"index\": 4, \"reflexive\": false, \"weight\": 6, \"px\": 222, \"py\": 371, \"y\": 371, \"x\": 222, \"id\": 5}, \"left\": false}, {\"id\": \"f0f4b23ed916cb92c4da34eb7e3b7e4c\", \"source\": {\"index\": 1, \"reflexive\": false, \"weight\": 2, \"px\": 275, \"py\": 413, \"y\": 413, \"x\": 275, \"id\": 2}, \"right\": true, \"target\": {\"index\": 3, \"reflexive\": false, \"weight\": 6, \"px\": 324, \"py\": 364, \"y\": 364, \"x\": 324, \"id\": 4}, \"left\": false}, {\"id\": \"d37d051425fb62fd45714826b7cc2a88\", \"source\": {\"index\": 2, \"reflexive\": false, \"weight\": 2, \"px\": 370, \"py\": 416, \"y\": 416, \"x\": 370, \"id\": 3}, \"right\": true, \"target\": {\"index\": 4, \"reflexive\": false, \"weight\": 6, \"px\": 222, \"py\": 371, \"y\": 371, \"x\": 222, \"id\": 5}, \"left\": false}, {\"id\": \"7abeda3c7a12d7d454b04ad5c2c94025\", \"source\": {\"index\": 2, \"reflexive\": false, \"weight\": 2, \"px\": 370, \"py\": 416, \"y\": 416, \"x\": 370, \"id\": 3}, \"right\": true, \"target\": {\"index\": 3, \"reflexive\": false, \"weight\": 6, \"px\": 324, \"py\": 364, \"y\": 364, \"x\": 324, \"id\": 4}, \"left\": false}, {\"id\": \"35f5b9766967098bb3694007ce31bc1e\", \"source\": {\"index\": 3, \"reflexive\": false, \"weight\": 6, \"px\": 324, \"py\": 364, \"y\": 364, \"x\": 324, \"id\": 4}, \"right\": true, \"target\": {\"index\": 11, \"reflexive\": false, \"weight\": 3, \"px\": 358, \"py\": 318, \"y\": 318, \"x\": 358, \"id\": 12}, \"left\": false}, {\"id\": \"0c610687e7935615fa3e4e3bcee6c206\", \"source\": {\"index\": 3, \"reflexive\": false, \"weight\": 6, \"px\": 324, \"py\": 364, \"y\": 364, \"x\": 324, \"id\": 4}, \"right\": true, \"target\": {\"index\": 10, \"reflexive\": false, \"weight\": 3, \"px\": 305, \"py\": 320, \"y\": 320, \"x\": 305, \"id\": 11}, \"left\": false}, {\"id\": \"755b747bd44ad68a74f6d57a0d43c80e\", \"source\": {\"index\": 3, \"reflexive\": false, \"weight\": 6, \"px\": 324, \"py\": 364, \"y\": 364, \"x\": 324, \"id\": 4}, \"right\": true, \"target\": {\"index\": 12, \"reflexive\": false, \"weight\": 5, \"px\": 334, \"py\": 285, \"y\": 285, \"x\": 334, \"id\": 13}, \"left\": false}, {\"id\": \"4ff0b92b955a2719817fcdb8d7ae5a63\", \"source\": {\"index\": 10, \"reflexive\": false, \"weight\": 3, \"px\": 305, \"py\": 320, \"y\": 320, \"x\": 305, \"id\": 11}, \"right\": true, \"target\": {\"index\": 12, \"reflexive\": false, \"weight\": 5, \"px\": 334, \"py\": 285, \"y\": 285, \"x\": 334, \"id\": 13}, \"left\": false}, {\"id\": \"394dd32726148a7d18c7fc06c0a54fb3\", \"source\": {\"index\": 11, \"reflexive\": false, \"weight\": 3, \"px\": 358, \"py\": 318, \"y\": 318, \"x\": 358, \"id\": 12}, \"right\": true, \"target\": {\"index\": 12, \"reflexive\": false, \"weight\": 5, \"px\": 334, \"py\": 285, \"y\": 285, \"x\": 334, \"id\": 13}, \"left\": false}, {\"id\": \"d3b9a49b4d72bb9c79dcb1242b49d5f6\", \"source\": {\"index\": 12, \"reflexive\": false, \"weight\": 5, \"px\": 334, \"py\": 285, \"y\": 285, \"x\": 334, \"id\": 13}, \"right\": true, \"target\": {\"index\": 14, \"reflexive\": false, \"weight\": 2, \"px\": 391, \"py\": 276, \"y\": 276, \"x\": 391, \"id\": 15}, \"left\": false}, {\"id\": \"039030aec2eb3bd630e8e3333ec18e40\", \"source\": {\"index\": 11, \"reflexive\": false, \"weight\": 3, \"px\": 358, \"py\": 318, \"y\": 318, \"x\": 358, \"id\": 12}, \"right\": true, \"target\": {\"index\": 14, \"reflexive\": false, \"weight\": 2, \"px\": 391, \"py\": 276, \"y\": 276, \"x\": 391, \"id\": 15}, \"left\": false}, {\"id\": \"3ce828f9e88398b9fd18e818990b431c\", \"source\": {\"index\": 10, \"reflexive\": false, \"weight\": 3, \"px\": 305, \"py\": 320, \"y\": 320, \"x\": 305, \"id\": 11}, \"right\": true, \"target\": {\"index\": 13, \"reflexive\": false, \"weight\": 2, \"px\": 298, \"py\": 281, \"y\": 281, \"x\": 298, \"id\": 14}, \"left\": false}, {\"id\": \"be9ff6a5cbea08f0bd5fe57bce7aeb39\", \"source\": {\"index\": 12, \"reflexive\": false, \"weight\": 5, \"px\": 334, \"py\": 285, \"y\": 285, \"x\": 334, \"id\": 13}, \"right\": true, \"target\": {\"index\": 13, \"reflexive\": false, \"weight\": 2, \"px\": 298, \"py\": 281, \"y\": 281, \"x\": 298, \"id\": 14}, \"left\": false}, {\"id\": \"91d743f62d95d707e449934720f5f28c\", \"source\": {\"index\": 4, \"reflexive\": false, \"weight\": 6, \"px\": 222, \"py\": 371, \"y\": 371, \"x\": 222, \"id\": 5}, \"right\": true, \"target\": {\"index\": 6, \"reflexive\": false, \"weight\": 3, \"px\": 240, \"py\": 317, \"y\": 317, \"x\": 240, \"id\": 7}, \"left\": false}, {\"id\": \"c7befb8d0dc1c88f0763d89256b80a8a\", \"source\": {\"index\": 4, \"reflexive\": false, \"weight\": 6, \"px\": 222, \"py\": 371, \"y\": 371, \"x\": 222, \"id\": 5}, \"right\": true, \"target\": {\"index\": 5, \"reflexive\": false, \"weight\": 3, \"px\": 169, \"py\": 320, \"y\": 320, \"x\": 169, \"id\": 6}, \"left\": false}, {\"id\": \"6b11a3d04ebc917d6e12fae3e6c9c666\", \"source\": {\"index\": 4, \"reflexive\": false, \"weight\": 6, \"px\": 222, \"py\": 371, \"y\": 371, \"x\": 222, \"id\": 5}, \"right\": true, \"target\": {\"index\": 7, \"reflexive\": false, \"weight\": 5, \"px\": 202, \"py\": 267, \"y\": 267, \"x\": 202, \"id\": 8}, \"left\": false}, {\"id\": \"ec380bd379008f0a91326bf001f88404\", \"source\": {\"index\": 6, \"reflexive\": false, \"weight\": 3, \"px\": 240, \"py\": 317, \"y\": 317, \"x\": 240, \"id\": 7}, \"right\": true, \"target\": {\"index\": 7, \"reflexive\": false, \"weight\": 5, \"px\": 202, \"py\": 267, \"y\": 267, \"x\": 202, \"id\": 8}, \"left\": false}, {\"id\": \"1e9f508472d195cf2244b09e401c8275\", \"source\": {\"index\": 5, \"reflexive\": false, \"weight\": 3, \"px\": 169, \"py\": 320, \"y\": 320, \"x\": 169, \"id\": 6}, \"right\": true, \"target\": {\"index\": 7, \"reflexive\": false, \"weight\": 5, \"px\": 202, \"py\": 267, \"y\": 267, \"x\": 202, \"id\": 8}, \"left\": false}, {\"id\": \"fa6440eebc2443e25be2ad86b28df5f5\", \"source\": {\"index\": 7, \"reflexive\": false, \"weight\": 5, \"px\": 202, \"py\": 267, \"y\": 267, \"x\": 202, \"id\": 8}, \"right\": true, \"target\": {\"index\": 9, \"reflexive\": false, \"weight\": 2, \"px\": 147, \"py\": 273, \"y\": 273, \"x\": 147, \"id\": 10}, \"left\": false}, {\"id\": \"ac9f771679c60daf4d16e30e748375b7\", \"source\": {\"index\": 5, \"reflexive\": false, \"weight\": 3, \"px\": 169, \"py\": 320, \"y\": 320, \"x\": 169, \"id\": 6}, \"right\": true, \"target\": {\"index\": 9, \"reflexive\": false, \"weight\": 2, \"px\": 147, \"py\": 273, \"y\": 273, \"x\": 147, \"id\": 10}, \"left\": false}, {\"id\": \"bcbcd135d3642d8caaadd89d440bbe8d\", \"source\": {\"index\": 7, \"reflexive\": false, \"weight\": 5, \"px\": 202, \"py\": 267, \"y\": 267, \"x\": 202, \"id\": 8}, \"right\": true, \"target\": {\"index\": 8, \"reflexive\": false, \"weight\": 2, \"px\": 254, \"py\": 262, \"y\": 262, \"x\": 254, \"id\": 9}, \"left\": false}, {\"id\": \"957a7be7ddca9e4028332a609051b681\", \"source\": {\"index\": 6, \"reflexive\": false, \"weight\": 3, \"px\": 240, \"py\": 317, \"y\": 317, \"x\": 240, \"id\": 7}, \"right\": true, \"target\": {\"index\": 8, \"reflexive\": false, \"weight\": 2, \"px\": 254, \"py\": 262, \"y\": 262, \"x\": 254, \"id\": 9}, \"left\": false}]}"}, "model": "graph.graph", "pk": "G2"}, {"fields": {"graph_ui": "{\"graph\": \"G3\", \"nodes\": [{\"index\": 0, \"reflexive\": false, \"weight\": 3, \"px\": 255, \"py\": 389, \"y\": 389, \"x\": 255, \"id\": 1}, {\"index\": 1, \"reflexive\": false, \"weight\": 3, \"px\": 189, \"py\": 328, \"y\": 328, \"x\": 189, \"id\": 2}, {\"index\": 2, \"reflexive\": false, \"weight\": 3, \"px\": 262, \"py\": 324, \"y\": 324, \"x\": 262, \"id\": 3}, {\"index\": 3, \"reflexive\": false, \"weight\": 2, \"px\": 340, \"py\": 324, \"y\": 324, \"x\": 340, \"id\": 4}, {\"index\": 4, \"reflexive\": false, \"weight\": 6, \"px\": 224, \"py\": 264, \"y\": 264, \"x\": 224, \"id\": 5}, {\"index\": 5, \"reflexive\": false, \"weight\": 3, \"px\": 296, \"py\": 252, \"y\": 252, \"x\": 296, \"id\": 6}, {\"index\": 6, \"reflexive\": false, \"weight\": 4, \"px\": 255, \"py\": 210, \"y\": 210, \"x\": 255, \"id\": 7}, {\"index\": 7, \"reflexive\": false, \"weight\": 3, \"px\": 374, \"py\": 208, \"y\": 208, \"x\": 374, \"id\": 8}, {\"index\": 8, \"reflexive\": false, \"weight\": 2, \"px\": 200, \"py\": 166, \"y\": 166, \"x\": 200, \"id\": 9}, {\"index\": 9, \"reflexive\": false, \"weight\": 3, \"px\": 143, \"py\": 230, \"y\": 230, \"x\": 143, \"id\": 10}, {\"index\": 10, \"reflexive\": false, \"weight\": 3, \"px\": 115, \"py\": 275, \"y\": 275, \"x\": 115, \"id\": 11}, {\"index\": 11, \"reflexive\": false, \"weight\": 3, \"px\": 112, \"py\": 169, \"y\": 169, \"x\": 112, \"id\": 12}], \"game\": \"game\", \"links\": [{\"id\": \"1697cf1a7c5466b0ed614332c8fd6254\", \"source\": {\"index\": 0, \"reflexive\": false, \"weight\": 3, \"px\": 255, \"py\": 389, \"y\": 389, \"x\": 255, \"id\": 1}, \"right\": true, \"target\": {\"index\": 1, \"reflexive\": false, \"weight\": 3, \"px\": 189, \"py\": 328, \"y\": 328, \"x\": 189, \"id\": 2}, \"left\": false}, {\"id\": \"52b6d3cfde00ec9d5a23e27e95bdceb3\", \"source\": {\"index\": 0, \"reflexive\": false, \"weight\": 3, \"px\": 255, \"py\": 389, \"y\": 389, \"x\": 255, \"id\": 1}, \"right\": true, \"target\": {\"index\": 2, \"reflexive\": false, \"weight\": 3, \"px\": 262, \"py\": 324, \"y\": 324, \"x\": 262, \"id\": 3}, \"left\": false}, {\"id\": \"1e6d82f195f218cb60c01c6ae9761c4f\", \"source\": {\"index\": 0, \"reflexive\": false, \"weight\": 3, \"px\": 255, \"py\": 389, \"y\": 389, \"x\": 255, \"id\": 1}, \"right\": true, \"target\": {\"index\": 3, \"reflexive\": false, \"weight\": 2, \"px\": 340, \"py\": 324, \"y\": 324, \"x\": 340, \"id\": 4}, \"left\": false}, {\"id\": \"6c4411ac3f325d2f1710ea7be7a426dd\", \"source\": {\"index\": 3, \"reflexive\": false, \"weight\": 2, \"px\": 340, \"py\": 324, \"y\": 324, \"x\": 340, \"id\": 4}, \"right\": true, \"target\": {\"index\": 7, \"reflexive\": false, \"weight\": 3, \"px\": 374, \"py\": 208, \"y\": 208, \"x\": 374, \"id\": 8}, \"left\": false}, {\"id\": \"7a7a72427f22a0d13a08235cea5d9490\", \"source\": {\"index\": 2, \"reflexive\": false, \"weight\": 3, \"px\": 262, \"py\": 324, \"y\": 324, \"x\": 262, \"id\": 3}, \"right\": true, \"target\": {\"index\": 5, \"reflexive\": false, \"weight\": 3, \"px\": 296, \"py\": 252, \"y\": 252, \"x\": 296, \"id\": 6}, \"left\": false}, {\"id\": \"c8aa366c07172d84683ca7e8cae8e7b5\", \"source\": {\"index\": 5, \"reflexive\": false, \"weight\": 3, \"px\": 296, \"py\": 252, \"y\": 252, \"x\": 296, \"id\": 6}, \"right\": true, \"target\": {\"index\": 7, \"reflexive\": false, \"weight\": 3, \"px\": 374, \"py\": 208, \"y\": 208, \"x\": 374, \"id\": 8}, \"left\": false}, {\"id\": \"3a41c00f0907d11fd5bdf8e37df5d0fb\", \"source\": {\"index\": 2, \"reflexive\": false, \"weight\": 3, \"px\": 262, \"py\": 324, \"y\": 324, \"x\": 262, \"id\": 3}, \"right\": true, \"target\": {\"index\": 4, \"reflexive\": false, \"weight\": 6, \"px\": 224, \"py\": 264, \"y\": 264, \"x\": 224, \"id\": 5}, \"left\": false}, {\"id\": \"a69893b5d8383f66cb90c456846e2163\", \"source\": {\"index\": 5, \"reflexive\": false, \"weight\": 3, \"px\": 296, \"py\": 252, \"y\": 252, \"x\": 296, \"id\": 6}, \"right\": true, \"target\": {\"index\": 6, \"reflexive\": false, \"weight\": 4, \"px\": 255, \"py\": 210, \"y\": 210, \"x\": 255, \"id\": 7}, \"left\": false}, {\"id\": \"5f5587dee4bf16a8815c941a7ed702f7\", \"source\": {\"index\": 4, \"reflexive\": false, \"weight\": 6, \"px\": 224, \"py\": 264, \"y\": 264, \"x\": 224, \"id\": 5}, \"right\": true, \"target\": {\"index\": 6, \"reflexive\": false, \"weight\": 4, \"px\": 255, \"py\": 210, \"y\": 210, \"x\": 255, \"id\": 7}, \"left\": false}, {\"id\": \"59b62923e2cd1ea6d6bdfa311b964442\", \"source\": {\"index\": 6, \"reflexive\": false, \"weight\": 4, \"px\": 255, \"py\": 210, \"y\": 210, \"x\": 255, \"id\": 7}, \"right\": true, \"target\": {\"index\": 8, \"reflexive\": false, \"weight\": 2, \"px\": 200, \"py\": 166, \"y\": 166, \"x\": 200, \"id\": 9}, \"left\": false}, {\"id\": \"3f93ab68bdcb9d4406d21c1f873f2b9b\", \"source\": {\"index\": 4, \"reflexive\": false, \"weight\": 6, \"px\": 224, \"py\": 264, \"y\": 264, \"x\": 224, \"id\": 5}, \"right\": true, \"target\": {\"index\": 8, \"reflexive\": false, \"weight\": 2, \"px\": 200, \"py\": 166, \"y\": 166, \"x\": 200, \"id\": 9}, \"left\": false}, {\"id\": \"5fe295e84f5e251cac2ffc754021e3d2\", \"source\": {\"index\": 6, \"reflexive\": false, \"weight\": 4, \"px\": 255, \"py\": 210, \"y\": 210, \"x\": 255, \"id\": 7}, \"right\": true, \"target\": {\"index\": 7, \"reflexive\": false, \"weight\": 3, \"px\": 374, \"py\": 208, \"y\": 208, \"x\": 374, \"id\": 8}, \"left\": false}, {\"id\": \"5b9d3e0b47e9b3aa73757692a64092b2\", \"source\": {\"index\": 4, \"reflexive\": false, \"weight\": 6, \"px\": 224, \"py\": 264, \"y\": 264, \"x\": 224, \"id\": 5}, \"right\": true, \"target\": {\"index\": 9, \"reflexive\": false, \"weight\": 3, \"px\": 143, \"py\": 230, \"y\": 230, \"x\": 143, \"id\": 10}, \"left\": false}, {\"id\": \"f6d378b56f4f5416f305230c0f343930\", \"source\": {\"index\": 1, \"reflexive\": false, \"weight\": 3, \"px\": 189, \"py\": 328, \"y\": 328, \"x\": 189, \"id\": 2}, \"right\": true, \"target\": {\"index\": 10, \"reflexive\": false, \"weight\": 3, \"px\": 115, \"py\": 275, \"y\": 275, \"x\": 115, \"id\": 11}, \"left\": false}, {\"id\": \"a4f378837d5db23c6ce2b73aa6ef8e53\", \"source\": {\"index\": 1, \"reflexive\": false, \"weight\": 3, \"px\": 189, \"py\": 328, \"y\": 328, \"x\": 189, \"id\": 2}, \"right\": true, \"target\": {\"index\": 4, \"reflexive\": false, \"weight\": 6, \"px\": 224, \"py\": 264, \"y\": 264, \"x\": 224, \"id\": 5}, \"left\": false}, {\"id\": \"cc6e603f925fd1035294b3b4d069a3f7\", \"source\": {\"index\": 4, \"reflexive\": false, \"weight\": 6, \"px\": 224, \"py\": 264, \"y\": 264, \"x\": 224, \"id\": 5}, \"right\": true, \"target\": {\"index\": 11, \"reflexive\": false, \"weight\": 3, \"px\": 112, \"py\": 169, \"y\": 169, \"x\": 112, \"id\": 12}, \"left\": false}, {\"id\": \"dc42e1f056d3f3aa8aeca18ffeed9deb\", \"source\": {\"index\": 10, \"reflexive\": false, \"weight\": 3, \"px\": 115, \"py\": 275, \"y\": 275, \"x\": 115, \"id\": 11}, \"right\": true, \"target\": {\"index\": 11, \"reflexive\": false, \"weight\": 3, \"px\": 112, \"py\": 169, \"y\": 169, \"x\": 112, \"id\": 12}, \"left\": false}, {\"id\": \"6f38ab838de08365a4ee021206e584da\", \"source\": {\"index\": 9, \"reflexive\": false, \"weight\": 3, \"px\": 143, \"py\": 230, \"y\": 230, \"x\": 143, \"id\": 10}, \"right\": false, \"target\": {\"index\": 10, \"reflexive\": false, \"weight\": 3, \"px\": 115, \"py\": 275, \"y\": 275, \"x\": 115, \"id\": 11}, \"left\": true}, {\"id\": \"f3fb12cca7e6f5513e55425ec3b94d8e\", \"source\": {\"index\": 9, \"reflexive\": false, \"weight\": 3, \"px\": 143, \"py\": 230, \"y\": 230, \"x\": 143, \"id\": 10}, \"right\": true, \"target\": {\"index\": 11, \"reflexive\": false, \"weight\": 3, \"px\": 112, \"py\": 169, \"y\": 169, \"x\": 112, \"id\": 12}, \"left\": false}]}"}, "model": "graph.graph", "pk": "G3"}, {"fields": {"graph_ui": "{\"graph\": \"G4\", \"nodes\": [{\"index\": 0, \"reflexive\": false, \"weight\": 2, \"px\": 127, \"py\": 376, \"y\": 376, \"x\": 127, \"id\": 1}, {\"index\": 1, \"reflexive\": false, \"weight\": 2, \"px\": 246, \"py\": 380, \"y\": 380, \"x\": 246, \"id\": 2}, {\"index\": 2, \"reflexive\": false, \"weight\": 2, \"px\": 380, \"py\": 382, \"y\": 382, \"x\": 380, \"id\": 3}, {\"index\": 3, \"reflexive\": false, \"weight\": 4, \"px\": 185, \"py\": 321, \"y\": 321, \"x\": 185, \"id\": 4}, {\"index\": 4, \"reflexive\": false, \"weight\": 5, \"px\": 332, \"py\": 322, \"y\": 322, \"x\": 332, \"id\": 5}, {\"index\": 5, \"reflexive\": false, \"weight\": 3, \"px\": 413, \"py\": 287, \"y\": 287, \"x\": 413, \"id\": 6}, {\"index\": 6, \"reflexive\": false, \"weight\": 3, \"px\": 364, \"py\": 183, \"y\": 183, \"x\": 364, \"id\": 7}, {\"index\": 7, \"reflexive\": false, \"weight\": 3, \"px\": 298, \"py\": 236, \"y\": 236, \"x\": 298, \"id\": 8}, {\"index\": 8, \"reflexive\": false, \"weight\": 5, \"px\": 193, \"py\": 236, \"y\": 236, \"x\": 193, \"id\": 9}, {\"index\": 9, \"reflexive\": false, \"weight\": 3, \"px\": 76, \"py\": 303, \"y\": 303, \"x\": 76, \"id\": 10}, {\"index\": 10, \"reflexive\": false, \"weight\": 2, \"px\": 90, \"py\": 192, \"y\": 192, \"x\": 90, \"id\": 11}, {\"index\": 11, \"reflexive\": false, \"weight\": 2, \"px\": 250, \"py\": 179, \"y\": 179, \"x\": 250, \"id\": 12}], \"game\": \"game\", \"links\": [{\"id\": \"4a7fbdcf8b710fa7b81c28260df817c4\", \"source\": {\"index\": 1, \"reflexive\": false, \"weight\": 2, \"px\": 246, \"py\": 380, \"y\": 380, \"x\": 246, \"id\": 2}, \"right\": true, \"target\": {\"index\": 3, \"reflexive\": false, \"weight\": 4, \"px\": 185, \"py\": 321, \"y\": 321, \"x\": 185, \"id\": 4}, \"left\": false}, {\"id\": \"8a07a51f5cf0cce60977e6406287602e\", \"source\": {\"index\": 0, \"reflexive\": false, \"weight\": 2, \"px\": 127, \"py\": 376, \"y\": 376, \"x\": 127, \"id\": 1}, \"right\": true, \"target\": {\"index\": 3, \"reflexive\": false, \"weight\": 4, \"px\": 185, \"py\": 321, \"y\": 321, \"x\": 185, \"id\": 4}, \"left\": false}, {\"id\": \"82591d4ae433b036417d4298802bf9f4\", \"source\": {\"index\": 0, \"reflexive\": false, \"weight\": 2, \"px\": 127, \"py\": 376, \"y\": 376, \"x\": 127, \"id\": 1}, \"right\": true, \"target\": {\"index\": 9, \"reflexive\": false, \"weight\": 3, \"px\": 76, \"py\": 303, \"y\": 303, \"x\": 76, \"id\": 10}, \"left\": false}, {\"id\": \"bc637a3fde4fe8353898de256c856c85\", \"source\": {\"index\": 3, \"reflexive\": false, \"weight\": 4, \"px\": 185, \"py\": 321, \"y\": 321, \"x\": 185, \"id\": 4}, \"right\": false, \"target\": {\"index\": 9, \"reflexive\": false, \"weight\": 3, \"px\": 76, \"py\": 303, \"y\": 303, \"x\": 76, \"id\": 10}, \"left\": true}, {\"id\": \"3a1aa5af58eb7b3632f98d10183423dd\", \"source\": {\"index\": 3, \"reflexive\": false, \"weight\": 4, \"px\": 185, \"py\": 321, \"y\": 321, \"x\": 185, \"id\": 4}, \"right\": true, \"target\": {\"index\": 8, \"reflexive\": false, \"weight\": 5, \"px\": 193, \"py\": 236, \"y\": 236, \"x\": 193, \"id\": 9}, \"left\": false}, {\"id\": \"22009a2001da0c36c69807925212e13c\", \"source\": {\"index\": 8, \"reflexive\": false, \"weight\": 5, \"px\": 193, \"py\": 236, \"y\": 236, \"x\": 193, \"id\": 9}, \"right\": true, \"target\": {\"index\": 10, \"reflexive\": false, \"weight\": 2, \"px\": 90, \"py\": 192, \"y\": 192, \"x\": 90, \"id\": 11}, \"left\": false}, {\"id\": \"2eb84f1f2dbbcbdbc541415f8b7d9d87\", \"source\": {\"index\": 9, \"reflexive\": false, \"weight\": 3, \"px\": 76, \"py\": 303, \"y\": 303, \"x\": 76, \"id\": 10}, \"right\": true, \"target\": {\"index\": 10, \"reflexive\": false, \"weight\": 2, \"px\": 90, \"py\": 192, \"y\": 192, \"x\": 90, \"id\": 11}, \"left\": false}, {\"id\": \"225ec8dcb7ba7f57521993787526c5ba\", \"source\": {\"index\": 8, \"reflexive\": false, \"weight\": 5, \"px\": 193, \"py\": 236, \"y\": 236, \"x\": 193, \"id\": 9}, \"right\": true, \"target\": {\"index\": 11, \"reflexive\": false, \"weight\": 2, \"px\": 250, \"py\": 179, \"y\": 179, \"x\": 250, \"id\": 12}, \"left\": false}, {\"id\": \"535baa0c0b1451701a1df940d017b66e\", \"source\": {\"index\": 7, \"reflexive\": false, \"weight\": 3, \"px\": 298, \"py\": 236, \"y\": 236, \"x\": 298, \"id\": 8}, \"right\": false, \"target\": {\"index\": 8, \"reflexive\": false, \"weight\": 5, \"px\": 193, \"py\": 236, \"y\": 236, \"x\": 193, \"id\": 9}, \"left\": true}, {\"id\": \"fa50a3f89dcfc85ff2964b1b6fc897db\", \"source\": {\"index\": 1, \"reflexive\": false, \"weight\": 2, \"px\": 246, \"py\": 380, \"y\": 380, \"x\": 246, \"id\": 2}, \"right\": true, \"target\": {\"index\": 4, \"reflexive\": false, \"weight\": 5, \"px\": 332, \"py\": 322, \"y\": 322, \"x\": 332, \"id\": 5}, \"left\": false}, {\"id\": \"eb835fa5c85b3447ce98ec8490488de3\", \"source\": {\"index\": 4, \"reflexive\": false, \"weight\": 5, \"px\": 332, \"py\": 322, \"y\": 322, \"x\": 332, \"id\": 5}, \"right\": true, \"target\": {\"index\": 8, \"reflexive\": false, \"weight\": 5, \"px\": 193, \"py\": 236, \"y\": 236, \"x\": 193, \"id\": 9}, \"left\": false}, {\"id\": \"ceddecea8c9706126796fb240befbc91\", \"source\": {\"index\": 4, \"reflexive\": false, \"weight\": 5, \"px\": 332, \"py\": 322, \"y\": 322, \"x\": 332, \"id\": 5}, \"right\": true, \"target\": {\"index\": 7, \"reflexive\": false, \"weight\": 3, \"px\": 298, \"py\": 236, \"y\": 236, \"x\": 298, \"id\": 8}, \"left\": false}, {\"id\": \"bd6a8f24db463510c254ad10b2a8050f\", \"source\": {\"index\": 6, \"reflexive\": false, \"weight\": 3, \"px\": 364, \"py\": 183, \"y\": 183, \"x\": 364, \"id\": 7}, \"right\": false, \"target\": {\"index\": 7, \"reflexive\": false, \"weight\": 3, \"px\": 298, \"py\": 236, \"y\": 236, \"x\": 298, \"id\": 8}, \"left\": true}, {\"id\": \"c56f93252c4475bba2750b26a515b48d\", \"source\": {\"index\": 6, \"reflexive\": false, \"weight\": 3, \"px\": 364, \"py\": 183, \"y\": 183, \"x\": 364, \"id\": 7}, \"right\": true, \"target\": {\"index\": 11, \"reflexive\": false, \"weight\": 2, \"px\": 250, \"py\": 179, \"y\": 179, \"x\": 250, \"id\": 12}, \"left\": false}, {\"id\": \"80bbea803cd6639c5445315aedbbaa88\", \"source\": {\"index\": 2, \"reflexive\": false, \"weight\": 2, \"px\": 380, \"py\": 382, \"y\": 382, \"x\": 380, \"id\": 3}, \"right\": true, \"target\": {\"index\": 4, \"reflexive\": false, \"weight\": 5, \"px\": 332, \"py\": 322, \"y\": 322, \"x\": 332, \"id\": 5}, \"left\": false}, {\"id\": \"e27b5d85bb31ebf5b7a9728b953f6150\", \"source\": {\"index\": 2, \"reflexive\": false, \"weight\": 2, \"px\": 380, \"py\": 382, \"y\": 382, \"x\": 380, \"id\": 3}, \"right\": true, \"target\": {\"index\": 5, \"reflexive\": false, \"weight\": 3, \"px\": 413, \"py\": 287, \"y\": 287, \"x\": 413, \"id\": 6}, \"left\": false}, {\"id\": \"831da3ef19bbff43941f5e4ee9872c2f\", \"source\": {\"index\": 4, \"reflexive\": false, \"weight\": 5, \"px\": 332, \"py\": 322, \"y\": 322, \"x\": 332, \"id\": 5}, \"right\": true, \"target\": {\"index\": 5, \"reflexive\": false, \"weight\": 3, \"px\": 413, \"py\": 287, \"y\": 287, \"x\": 413, \"id\": 6}, \"left\": false}, {\"id\": \"8fe9546bc73b081644fd845926d13309\", \"source\": {\"index\": 5, \"reflexive\": false, \"weight\": 3, \"px\": 413, \"py\": 287, \"y\": 287, \"x\": 413, \"id\": 6}, \"right\": true, \"target\": {\"index\": 6, \"reflexive\": false, \"weight\": 3, \"px\": 364, \"py\": 183, \"y\": 183, \"x\": 364, \"id\": 7}, \"left\": false}]}"}, "model": "graph.graph", "pk": "G4"}, {"fields": {"graph": "G1", "ui_id": 2}, "model": "graph.node", "pk": "01bca833-4076-4973-960d-560b9f4af4ca"}, {"fields": {"graph": "G3", "ui_id": 3}, "model": "graph.node", "pk": "04f8dcec-1334-4ec7-9d66-82269f94375f"}, {"fields": {"graph": "G2", "ui_id": 10}, "model": "graph.node", "pk": "0645648a-c32d-4a3f-831e-c4050ec60738"}, {"fields": {"graph": "G2", "ui_id": 3}, "model": "graph.node", "pk": "08e4f20b-748f-4a0e-b0be-a132408e3f81"}, {"fields": {"graph": "G3", "ui_id": 8}, "model": "graph.node", "pk": "099daa5a-92c1-418c-b5b1-cd6030036068"}, {"fields": {"graph": "G2", "ui_id": 7}, "model": "graph.node", "pk": "113aa780-007d-442f-a812-cd3a72c04d1c"}, {"fields": {"graph": "G2", "ui_id": 12}, "model": "graph.node", "pk": "154f29af-841f-46bd-9d12-eb4de647cf07"}, {"fields": {"graph": "G4", "ui_id": 9}, "model": "graph.node", "pk": "20e7826f-fb9a-4df4-9c40-49287f6e97b9"}, {"fields": {"graph": "G2", "ui_id": 11}, "model": "graph.node", "pk": "2668bdae-b956-4b38-9b58-16b6d5cf4f6a"}, {"fields": {"graph": "G2", "ui_id": 5}, "model": "graph.node", "pk": "3c61ca5f-0890-4cbc-a027-b3385b41d2a8"}, {"fields": {"graph": "G3", "ui_id": 2}, "model": "graph.node", "pk": "44382a53-e343-4603-bfc6-4e497ac6c0ed"}, {"fields": {"graph": "G1", "ui_id": 7}, "model": "graph.node", "pk": "476a0f00-8898-4d4a-aab5-227c2f9d016b"}, {"fields": {"graph": "G1", "ui_id": 8}, "model": "graph.node", "pk": "4aca726a-d7a9-4b36-ac83-c6697e5b0949"}, {"fields": {"graph": "G2", "ui_id": 4}, "model": "graph.node", "pk": "4db73e00-c722-4a72-9103-4c2ebc9f71c0"}, {"fields": {"graph": "G2", "ui_id": 2}, "model": "graph.node", "pk": "4dc35323-ffda-4a62-9494-5e20fbaff021"}, {"fields": {"graph": "G4", "ui_id": 11}, "model": "graph.node", "pk": "4fe9ae45-03b4-4201-8fd6-c4302f04b876"}, {"fields": {"graph": "G1", "ui_id": 3}, "model": "graph.node", "pk": "5074bc98-3f91-4534-bb4f-fcf0b59806f2"}, {"fields": {"graph": "G1", "ui_id": 10}, "model": "graph.node", "pk": "54750bc6-6ce2-48d6-a4b5-875951a1e32c"}, {"fields": {"graph": "G2", "ui_id": 9}, "model": "graph.node", "pk": "5f0e58d7-9352-4d3a-8a7a-a1743c1876d1"}, {"fields": {"graph": "G3", "ui_id": 11}, "model": "graph.node", "pk": "653f474a-db5c-434a-9a13-18b69b9f8ddd"}, {"fields": {"graph": "G4", "ui_id": 4}, "model": "graph.node", "pk": "6622e998-e698-42cb-8c24-a3535e967ebe"}, {"fields": {"graph": "G1", "ui_id": 5}, "model": "graph.node", "pk": "6a525ffa-c000-4a86-be28-7594cb12e207"}, {"fields": {"graph": "G2", "ui_id": 13}, "model": "graph.node", "pk": "7b08e78a-00cd-482e-acba-29b4be2b816f"}, {"fields": {"graph": "G4", "ui_id": 1}, "model": "graph.node", "pk": "7d3b201a-bb68-41c5-9e50-be6101dd81b5"}, {"fields": {"graph": "G1", "ui_id": 4}, "model": "graph.node", "pk": "89d1b904-178c-4626-9375-14dde5dba8a9"}, {"fields": {"graph": "G1", "ui_id": 6}, "model": "graph.node", "pk": "8b0a1fca-0fe3-480a-afe9-85d3528769f7"}, {"fields": {"graph": "G4", "ui_id": 2}, "model": "graph.node", "pk": "8c1d771b-245a-4588-ac51-d0c971a6424c"}, {"fields": {"graph": "G2", "ui_id": 1}, "model": "graph.node", "pk": "90fe5a05-ebb0-4217-86d2-9881bea944a7"}, {"fields": {"graph": "G3", "ui_id": 10}, "model": "graph.node", "pk": "912e258d-023d-4ebc-ad89-4a932e6416ef"}, {"fields": {"graph": "G3", "ui_id": 7}, "model": "graph.node", "pk": "96134929-cc0a-44a0-9c77-ad5a8f852585"}, {"fields": {"graph": "G4", "ui_id": 3}, "model": "graph.node", "pk": "9ddab5d4-f84c-4287-a7fb-f37c0956d168"}, {"fields": {"graph": "G3", "ui_id": 5}, "model": "graph.node", "pk": "a0556e5d-53d9-4283-80d4-a2ab858a7994"}, {"fields": {"graph": "G2", "ui_id": 8}, "model": "graph.node", "pk": "a5719d32-9846-4760-8592-d5adcc808492"}, {"fields": {"graph": "G3", "ui_id": 4}, "model": "graph.node", "pk": "a792e390-e6d5-481b-9867-9e64cfc218ba"}, {"fields": {"graph": "G4", "ui_id": 6}, "model": "graph.node", "pk": "a9ff5e98-5287-4eef-8ca0-7d609ee2e83c"}, {"fields": {"graph": "G4", "ui_id": 12}, "model": "graph.node", "pk": "bc628d7a-c9aa-4ea2-8443-67c7ea6b1f5a"}, {"fields": {"graph": "G2", "ui_id": 6}, "model": "graph.node", "pk": "c6dad75a-a7a1-4fd0-8cf2-0ed7a5642503"}, {"fields": {"graph": "G1", "ui_id": 9}, "model": "graph.node", "pk": "c804fbc8-9216-4191-9829-993022ce9b67"}, {"fields": {"graph": "G1", "ui_id": 1}, "model": "graph.node", "pk": "dd371aef-c911-46c0-81af-b6438d484bd4"}, {"fields": {"graph": "G3", "ui_id": 1}, "model": "graph.node", "pk": "de5d5077-ce4a-4bce-a576-91d914d4d8d7"}, {"fields": {"graph": "G4", "ui_id": 8}, "model": "graph.node", "pk": "deaaf650-5746-4709-940c-261f10037af2"}, {"fields": {"graph": "G3", "ui_id": 9}, "model": "graph.node", "pk": "e08d7d0c-299e-45f4-ad20-d170e30c8b4a"}, {"fields": {"graph": "G4", "ui_id": 10}, "model": "graph.node", "pk": "e643e679-aab2-4c14-9a00-603ab97040e2"}, {"fields": {"graph": "G3", "ui_id": 12}, "model": "graph.node", "pk": "eb81640d-2a56-45bb-a5db-ae3b31d3c638"}, {"fields": {"graph": "G2", "ui_id": 15}, "model": "graph.node", "pk": "edd3adfb-8593-4ad4-8205-73db21f749ea"}, {"fields": {"graph": "G2", "ui_id": 14}, "model": "graph.node", "pk": "f11b5b44-a9e9-470a-b0b6-6009b7c807f1"}, {"fields": {"graph": "G4", "ui_id": 5}, "model": "graph.node", "pk": "f13e6f82-ab8e-47f0-b7b8-26335e051f8f"}, {"fields": {"graph": "G3", "ui_id": 6}, "model": "graph.node", "pk": "fcef4bf7-8605-4bdc-95d6-958c95ed002b"}, {"fields": {"graph": "G4", "ui_id": 7}, "model": "graph.node", "pk": "fdef091d-ce12-4c60-9597-d33addcf79d3"}, {"fields": {"destination_node": "c804fbc8-9216-4191-9829-993022ce9b67", "graph": "G1", "in_use": false, "flow": 1.0, "normalization_const": null, "start_node": "dd371aef-c911-46c0-81af-b6438d484bd4", "historic_player": ""}, "model": "graph.playermodel", "pk": "G1_PM1"}, {"fields": {"destination_node": "54750bc6-6ce2-48d6-a4b5-875951a1e32c", "graph": "G1", "in_use": false, "flow": 1.0, "normalization_const": null, "start_node": "01bca833-4076-4973-960d-560b9f4af4ca", "historic_player": ""}, "model": "graph.playermodel", "pk": "G1_PM2"}, {"fields": {"destination_node": "4aca726a-d7a9-4b36-ac83-c6697e5b0949", "graph": "G1", "in_use": false, "flow": 1.0, "normalization_const": null, "start_node": "5074bc98-3f91-4534-bb4f-fcf0b59806f2", "historic_player": ""}, "model": "graph.playermodel", "pk": "G1_PM3"}, {"fields": {"destination_node": "0645648a-c32d-4a3f-831e-c4050ec60738", "graph": "G2", "in_use": false, "flow": 1.0, "normalization_const": null, "start_node": "90fe5a05-ebb0-4217-86d2-9881bea944a7", "historic_player": ""}, "model": "graph.playermodel", "pk": "G2_PM1"}, {"fields": {"destination_node": "5f0e58d7-9352-4d3a-8a7a-a1743c1876d1", "graph": "G2", "in_use": false, "flow": 1.0, "normalization_const": null, "start_node": "4dc35323-ffda-4a62-9494-5e20fbaff021", "historic_player": ""}, "model": "graph.playermodel", "pk": "G2_PM2"}, {"fields": {"destination_node": "f11b5b44-a9e9-470a-b0b6-6009b7c807f1", "graph": "G2", "in_use": false, "flow": 1.0, "normalization_const": null, "start_node": "4dc35323-ffda-4a62-9494-5e20fbaff021", "historic_player": ""}, "model": "graph.playermodel", "pk": "G2_PM3"}, {"fields": {"destination_node": "edd3adfb-8593-4ad4-8205-73db21f749ea", "graph": "G2", "in_use": false, "flow": 1.0, "normalization_const": null, "start_node": "08e4f20b-748f-4a0e-b0be-a132408e3f81", "historic_player": ""}, "model": "graph.playermodel", "pk": "G2_PM4"}, {"fields": {"destination_node": "eb81640d-2a56-45bb-a5db-ae3b31d3c638", "graph": "G3", "in_use": false, "flow": 1.0, "normalization_const": null, "start_node": "de5d5077-ce4a-4bce-a576-91d914d4d8d7", "historic_player": ""}, "model": "graph.playermodel", "pk": "G3_PM1"}, {"fields": {"destination_node": "e08d7d0c-299e-45f4-ad20-d170e30c8b4a", "graph": "G3", "in_use": false, "flow": 1.0, "normalization_const": null, "start_node": "de5d5077-ce4a-4bce-a576-91d914d4d8d7", "historic_player": ""}, "model": "graph.playermodel", "pk": "G3_PM2"}, {"fields": {"destination_node": "099daa5a-92c1-418c-b5b1-cd6030036068", "graph": "G3", "in_use": false, "flow": 1.0, "normalization_const": null, "start_node": "de5d5077-ce4a-4bce-a576-91d914d4d8d7", "historic_player": ""}, "model": "graph.playermodel", "pk": "G3_PM3"}, {"fields": {"destination_node": "4fe9ae45-03b4-4201-8fd6-c4302f04b876", "graph": "G4", "in_use": false, "flow": 1.0, "normalization_const": null, "start_node": "7d3b201a-bb68-41c5-9e50-be6101dd81b5", "historic_player": ""}, "model": "graph.playermodel", "pk": "G4_PM1"}, {"fields": {"destination_node": "bc628d7a-c9aa-4ea2-8443-67c7ea6b1f5a", "graph": "G4", "in_use": false, "flow": 1.0, "normalization_const": null, "start_node": "8c1d771b-245a-4588-ac51-d0c971a6424c", "historic_player": ""}, "model": "graph.playermodel", "pk": "G4_PM2"}, {"fields": {"destination_node": "fdef091d-ce12-4c60-9597-d33addcf79d3", "graph": "G4", "in_use": false, "flow": 1.0, "normalization_const": null, "start_node": "9ddab5d4-f84c-4287-a7fb-f37c0956d168", "historic_player": ""}, "model": "graph.playermodel", "pk": "G4_PM3"}, {"fields": {"graph": "G2", "cost_function": "x", "to_node": "edd3adfb-8593-4ad4-8205-73db21f749ea", "from_node": "154f29af-841f-46bd-9d12-eb4de647cf07"}, "model": "graph.edge", "pk": "039030aec2eb3bd630e8e3333ec18e40"}, {"fields": {"graph": "G2", "cost_function": "x", "to_node": "2668bdae-b956-4b38-9b58-16b6d5cf4f6a", "from_node": "4db73e00-c722-4a72-9103-4c2ebc9f71c0"}, "model": "graph.edge", "pk": "0c610687e7935615fa3e4e3bcee6c206"}, {"fields": {"graph": "G3", "cost_function": "x", "to_node": "44382a53-e343-4603-bfc6-4e497ac6c0ed", "from_node": "de5d5077-ce4a-4bce-a576-91d914d4d8d7"}, "model": "graph.edge", "pk": "1697cf1a7c5466b0ed614332c8fd6254"}, {"fields": {"graph": "G3", "cost_function": "x", "to_node": "a792e390-e6d5-481b-9867-9e64cfc218ba", "from_node": "de5d5077-ce4a-4bce-a576-91d914d4d8d7"}, "model": "graph.edge", "pk": "1e6d82f195f218cb60c01c6ae9761c4f"}, {"fields": {"graph": "G2", "cost_function": "x", "to_node": "a5719d32-9846-4760-8592-d5adcc808492", "from_node": "c6dad75a-a7a1-4fd0-8cf2-0ed7a5642503"}, "model": "graph.edge", "pk": "1e9f508472d195cf2244b09e401c8275"}, {"fields": {"graph": "G4", "cost_function": "x", "to_node": "4fe9ae45-03b4-4201-8fd6-c4302f04b876", "from_node": "20e7826f-fb9a-4df4-9c40-49287f6e97b9"}, "model": "graph.edge", "pk": "22009a2001da0c36c69807925212e13c"}, {"fields": {"graph": "G4", "cost_function": "x", "to_node": "bc628d7a-c9aa-4ea2-8443-67c7ea6b1f5a", "from_node": "20e7826f-fb9a-4df4-9c40-49287f6e97b9"}, "model": "graph.edge", "pk": "225ec8dcb7ba7f57521993787526c5ba"}, {"fields": {"graph": "G2", "cost_function": "x", "to_node": "4db73e00-c722-4a72-9103-4c2ebc9f71c0", "from_node": "90fe5a05-ebb0-4217-86d2-9881bea944a7"}, "model": "graph.edge", "pk": "2b4729862bc28882df95501fe6d0904b"}, {"fields": {"graph": "G1", "cost_function": "x", "to_node": "5074bc98-3f91-4534-bb4f-fcf0b59806f2", "from_node": "01bca833-4076-4973-960d-560b9f4af4ca"}, "model": "graph.edge", "pk": "2c25617d144dd08fb5a75e09b7ef1cfe"}, {"fields": {"graph": "G4", "cost_function": "x", "to_node": "4fe9ae45-03b4-4201-8fd6-c4302f04b876", "from_node": "e643e679-aab2-4c14-9a00-603ab97040e2"}, "model": "graph.edge", "pk": "2eb84f1f2dbbcbdbc541415f8b7d9d87"}, {"fields": {"graph": "G2", "cost_function": "x", "to_node": "154f29af-841f-46bd-9d12-eb4de647cf07", "from_node": "4db73e00-c722-4a72-9103-4c2ebc9f71c0"}, "model": "graph.edge", "pk": "35f5b9766967098bb3694007ce31bc1e"}, {"fields": {"graph": "G1", "cost_function": "x", "to_node": "89d1b904-178c-4626-9375-14dde5dba8a9", "from_node": "5074bc98-3f91-4534-bb4f-fcf0b59806f2"}, "model": "graph.edge", "pk": "376dbce3dcaf6cfb280b03c424ceddd8"}, {"fields": {"graph": "G2", "cost_function": "x", "to_node": "7b08e78a-00cd-482e-acba-29b4be2b816f", "from_node": "154f29af-841f-46bd-9d12-eb4de647cf07"}, "model": "graph.edge", "pk": "394dd32726148a7d18c7fc06c0a54fb3"}, {"fields": {"graph": "G4", "cost_function": "x", "to_node": "20e7826f-fb9a-4df4-9c40-49287f6e97b9", "from_node": "6622e998-e698-42cb-8c24-a3535e967ebe"}, "model": "graph.edge", "pk": "3a1aa5af58eb7b3632f98d10183423dd"}, {"fields": {"graph": "G3", "cost_function": "x", "to_node": "a0556e5d-53d9-4283-80d4-a2ab858a7994", "from_node": "04f8dcec-1334-4ec7-9d66-82269f94375f"}, "model": "graph.edge", "pk": "3a41c00f0907d11fd5bdf8e37df5d0fb"}, {"fields": {"graph": "G2", "cost_function": "x", "to_node": "f11b5b44-a9e9-470a-b0b6-6009b7c807f1", "from_node": "2668bdae-b956-4b38-9b58-16b6d5cf4f6a"}, "model": "graph.edge", "pk": "3ce828f9e88398b9fd18e818990b431c"}, {"fields": {"graph": "G3", "cost_function": "x", "to_node": "e08d7d0c-299e-45f4-ad20-d170e30c8b4a", "from_node": "a0556e5d-53d9-4283-80d4-a2ab858a7994"}, "model": "graph.edge", "pk": "3f93ab68bdcb9d4406d21c1f873f2b9b"}, {"fields": {"graph": "G4", "cost_function": "x", "to_node": "6622e998-e698-42cb-8c24-a3535e967ebe", "from_node": "8c1d771b-245a-4588-ac51-d0c971a6424c"}, "model": "graph.edge", "pk": "4a7fbdcf8b710fa7b81c28260df817c4"}, {"fields": {"graph": "G1", "cost_function": "x", "to_node": "4aca726a-d7a9-4b36-ac83-c6697e5b0949", "from_node": "89d1b904-178c-4626-9375-14dde5dba8a9"}, "model": "graph.edge", "pk": "4f83cebd66fc525077c67e84a7129bf0"}, {"fields": {"graph": "G2", "cost_function": "x", "to_node": "7b08e78a-00cd-482e-acba-29b4be2b816f", "from_node": "2668bdae-b956-4b38-9b58-16b6d5cf4f6a"}, "model": "graph.edge", "pk": "4ff0b92b955a2719817fcdb8d7ae5a63"}, {"fields": {"graph": "G3", "cost_function": "x", "to_node": "04f8dcec-1334-4ec7-9d66-82269f94375f", "from_node": "de5d5077-ce4a-4bce-a576-91d914d4d8d7"}, "model": "graph.edge", "pk": "52b6d3cfde00ec9d5a23e27e95bdceb3"}, {"fields": {"graph": "G4", "cost_function": "x", "to_node": "deaaf650-5746-4709-940c-261f10037af2", "from_node": "20e7826f-fb9a-4df4-9c40-49287f6e97b9"}, "model": "graph.edge", "pk": "535baa0c0b1451701a1df940d017b66e"}, {"fields": {"graph": "G3", "cost_function": "x", "to_node": "e08d7d0c-299e-45f4-ad20-d170e30c8b4a", "from_node": "96134929-cc0a-44a0-9c77-ad5a8f852585"}, "model": "graph.edge", "pk": "59b62923e2cd1ea6d6bdfa311b964442"}, {"fields": {"graph": "G3", "cost_function": "x", "to_node": "912e258d-023d-4ebc-ad89-4a932e6416ef", "from_node": "a0556e5d-53d9-4283-80d4-a2ab858a7994"}, "model": "graph.edge", "pk": "5b9d3e0b47e9b3aa73757692a64092b2"}, {"fields": {"graph": "G3", "cost_function": "x", "to_node": "96134929-cc0a-44a0-9c77-ad5a8f852585", "from_node": "a0556e5d-53d9-4283-80d4-a2ab858a7994"}, "model": "graph.edge", "pk": "5f5587dee4bf16a8815c941a7ed702f7"}, {"fields": {"graph": "G3", "cost_function": "x", "to_node": "099daa5a-92c1-418c-b5b1-cd6030036068", "from_node": "96134929-cc0a-44a0-9c77-ad5a8f852585"}, "model": "graph.edge", "pk": "5fe295e84f5e251cac2ffc754021e3d2"}, {"fields": {"graph": "G1", "cost_function": "x", "to_node": "01bca833-4076-4973-960d-560b9f4af4ca", "from_node": "dd371aef-c911-46c0-81af-b6438d484bd4"}, "model": "graph.edge", "pk": "6301bd8853c99e5ecc814d550102e393"}, {"fields": {"graph": "G2", "cost_function": "x", "to_node": "a5719d32-9846-4760-8592-d5adcc808492", "from_node": "3c61ca5f-0890-4cbc-a027-b3385b41d2a8"}, "model": "graph.edge", "pk": "6b11a3d04ebc917d6e12fae3e6c9c666"}, {"fields": {"graph": "G3", "cost_function": "x", "to_node": "099daa5a-92c1-418c-b5b1-cd6030036068", "from_node": "a792e390-e6d5-481b-9867-9e64cfc218ba"}, "model": "graph.edge", "pk": "6c4411ac3f325d2f1710ea7be7a426dd"}, {"fields": {"graph": "G1", "cost_function": "x", "to_node": "89d1b904-178c-4626-9375-14dde5dba8a9", "from_node": "01bca833-4076-4973-960d-560b9f4af4ca"}, "model": "graph.edge", "pk": "6d8bc3db02458a11a68c6624acd25586"}, {"fields": {"graph": "G1", "cost_function": "x", "to_node": "c804fbc8-9216-4191-9829-993022ce9b67", "from_node": "8b0a1fca-0fe3-480a-afe9-85d3528769f7"}, "model": "graph.edge", "pk": "6e5b9bd47d5c91dcfa03a913a125586d"}, {"fields": {"graph": "G3", "cost_function": "x", "to_node": "912e258d-023d-4ebc-ad89-4a932e6416ef", "from_node": "653f474a-db5c-434a-9a13-18b69b9f8ddd"}, "model": "graph.edge", "pk": "6f38ab838de08365a4ee021206e584da"}, {"fields": {"graph": "G2", "cost_function": "x", "to_node": "7b08e78a-00cd-482e-acba-29b4be2b816f", "from_node": "4db73e00-c722-4a72-9103-4c2ebc9f71c0"}, "model": "graph.edge", "pk": "755b747bd44ad68a74f6d57a0d43c80e"}, {"fields": {"graph": "G3", "cost_function": "x", "to_node": "fcef4bf7-8605-4bdc-95d6-958c95ed002b", "from_node": "04f8dcec-1334-4ec7-9d66-82269f94375f"}, "model": "graph.edge", "pk": "7a7a72427f22a0d13a08235cea5d9490"}, {"fields": {"graph": "G2", "cost_function": "x", "to_node": "4db73e00-c722-4a72-9103-4c2ebc9f71c0", "from_node": "08e4f20b-748f-4a0e-b0be-a132408e3f81"}, "model": "graph.edge", "pk": "7abeda3c7a12d7d454b04ad5c2c94025"}, {"fields": {"graph": "G2", "cost_function": "x", "to_node": "3c61ca5f-0890-4cbc-a027-b3385b41d2a8", "from_node": "4dc35323-ffda-4a62-9494-5e20fbaff021"}, "model": "graph.edge", "pk": "7bbdf39b57e92c840868ba4e8b7538b9"}, {"fields": {"graph": "G2", "cost_function": "x", "to_node": "3c61ca5f-0890-4cbc-a027-b3385b41d2a8", "from_node": "90fe5a05-ebb0-4217-86d2-9881bea944a7"}, "model": "graph.edge", "pk": "7f2bd94ad85674fe1bee97bff20d42b6"}, {"fields": {"graph": "G4", "cost_function": "x", "to_node": "f13e6f82-ab8e-47f0-b7b8-26335e051f8f", "from_node": "9ddab5d4-f84c-4287-a7fb-f37c0956d168"}, "model": "graph.edge", "pk": "80bbea803cd6639c5445315aedbbaa88"}, {"fields": {"graph": "G1", "cost_function": "x", "to_node": "54750bc6-6ce2-48d6-a4b5-875951a1e32c", "from_node": "8b0a1fca-0fe3-480a-afe9-85d3528769f7"}, "model": "graph.edge", "pk": "81d3bfb9bdb8a400dbd3b0c6e5bdfebf"}, {"fields": {"graph": "G4", "cost_function": "x", "to_node": "e643e679-aab2-4c14-9a00-603ab97040e2", "from_node": "7d3b201a-bb68-41c5-9e50-be6101dd81b5"}, "model": "graph.edge", "pk": "82591d4ae433b036417d4298802bf9f4"}, {"fields": {"graph": "G4", "cost_function": "x", "to_node": "a9ff5e98-5287-4eef-8ca0-7d609ee2e83c", "from_node": "f13e6f82-ab8e-47f0-b7b8-26335e051f8f"}, "model": "graph.edge", "pk": "831da3ef19bbff43941f5e4ee9872c2f"}, {"fields": {"graph": "G1", "cost_function": "x", "to_node": "8b0a1fca-0fe3-480a-afe9-85d3528769f7", "from_node": "89d1b904-178c-4626-9375-14dde5dba8a9"}, "model": "graph.edge", "pk": "8454dc0608eaf95c91c34223174659fc"}, {"fields": {"graph": "G4", "cost_function": "x", "to_node": "6622e998-e698-42cb-8c24-a3535e967ebe", "from_node": "7d3b201a-bb68-41c5-9e50-be6101dd81b5"}, "model": "graph.edge", "pk": "8a07a51f5cf0cce60977e6406287602e"}, {"fields": {"graph": "G1", "cost_function": "x", "to_node": "6a525ffa-c000-4a86-be28-7594cb12e207", "from_node": "dd371aef-c911-46c0-81af-b6438d484bd4"}, "model": "graph.edge", "pk": "8fb79bc147384829fbaf014f4d2ccefb"}, {"fields": {"graph": "G4", "cost_function": "x", "to_node": "fdef091d-ce12-4c60-9597-d33addcf79d3", "from_node": "a9ff5e98-5287-4eef-8ca0-7d609ee2e83c"}, "model": "graph.edge", "pk": "8fe9546bc73b081644fd845926d13309"}, {"fields": {"graph": "G2", "cost_function": "x", "to_node": "113aa780-007d-442f-a812-cd3a72c04d1c", "from_node": "3c61ca5f-0890-4cbc-a027-b3385b41d2a8"}, "model": "graph.edge", "pk": "91d743f62d95d707e449934720f5f28c"}, {"fields": {"graph": "G2", "cost_function": "x", "to_node": "5f0e58d7-9352-4d3a-8a7a-a1743c1876d1", "from_node": "113aa780-007d-442f-a812-cd3a72c04d1c"}, "model": "graph.edge", "pk": "957a7be7ddca9e4028332a609051b681"}, {"fields": {"graph": "G1", "cost_function": "x", "to_node": "8b0a1fca-0fe3-480a-afe9-85d3528769f7", "from_node": "6a525ffa-c000-4a86-be28-7594cb12e207"}, "model": "graph.edge", "pk": "a1e3c056570827a9663d5f0742467eac"}, {"fields": {"graph": "G3", "cost_function": "x", "to_node": "a0556e5d-53d9-4283-80d4-a2ab858a7994", "from_node": "44382a53-e343-4603-bfc6-4e497ac6c0ed"}, "model": "graph.edge", "pk": "a4f378837d5db23c6ce2b73aa6ef8e53"}, {"fields": {"graph": "G3", "cost_function": "x", "to_node": "96134929-cc0a-44a0-9c77-ad5a8f852585", "from_node": "fcef4bf7-8605-4bdc-95d6-958c95ed002b"}, "model": "graph.edge", "pk": "a69893b5d8383f66cb90c456846e2163"}, {"fields": {"graph": "G1", "cost_function": "x", "to_node": "4aca726a-d7a9-4b36-ac83-c6697e5b0949", "from_node": "8b0a1fca-0fe3-480a-afe9-85d3528769f7"}, "model": "graph.edge", "pk": "a9b93573e70f77ce62917562f5088198"}, {"fields": {"graph": "G2", "cost_function": "x", "to_node": "0645648a-c32d-4a3f-831e-c4050ec60738", "from_node": "c6dad75a-a7a1-4fd0-8cf2-0ed7a5642503"}, "model": "graph.edge", "pk": "ac9f771679c60daf4d16e30e748375b7"}, {"fields": {"graph": "G1", "cost_function": "x", "to_node": "6a525ffa-c000-4a86-be28-7594cb12e207", "from_node": "01bca833-4076-4973-960d-560b9f4af4ca"}, "model": "graph.edge", "pk": "afeb2653e2bd812831ae1fe905fb94c0"}, {"fields": {"graph": "G4", "cost_function": "x", "to_node": "6622e998-e698-42cb-8c24-a3535e967ebe", "from_node": "e643e679-aab2-4c14-9a00-603ab97040e2"}, "model": "graph.edge", "pk": "bc637a3fde4fe8353898de256c856c85"}, {"fields": {"graph": "G2", "cost_function": "x", "to_node": "5f0e58d7-9352-4d3a-8a7a-a1743c1876d1", "from_node": "a5719d32-9846-4760-8592-d5adcc808492"}, "model": "graph.edge", "pk": "bcbcd135d3642d8caaadd89d440bbe8d"}, {"fields": {"graph": "G4", "cost_function": "x", "to_node": "fdef091d-ce12-4c60-9597-d33addcf79d3", "from_node": "deaaf650-5746-4709-940c-261f10037af2"}, "model": "graph.edge", "pk": "bd6a8f24db463510c254ad10b2a8050f"}, {"fields": {"graph": "G2", "cost_function": "x", "to_node": "f11b5b44-a9e9-470a-b0b6-6009b7c807f1", "from_node": "7b08e78a-00cd-482e-acba-29b4be2b816f"}, "model": "graph.edge", "pk": "be9ff6a5cbea08f0bd5fe57bce7aeb39"}, {"fields": {"graph": "G1", "cost_function": "x", "to_node": "476a0f00-8898-4d4a-aab5-227c2f9d016b", "from_node": "89d1b904-178c-4626-9375-14dde5dba8a9"}, "model": "graph.edge", "pk": "c02cb118f86533fc495afe033896f71d"}, {"fields": {"graph": "G4", "cost_function": "x", "to_node": "bc628d7a-c9aa-4ea2-8443-67c7ea6b1f5a", "from_node": "fdef091d-ce12-4c60-9597-d33addcf79d3"}, "model": "graph.edge", "pk": "c56f93252c4475bba2750b26a515b48d"}, {"fields": {"graph": "G2", "cost_function": "x", "to_node": "c6dad75a-a7a1-4fd0-8cf2-0ed7a5642503", "from_node": "3c61ca5f-0890-4cbc-a027-b3385b41d2a8"}, "model": "graph.edge", "pk": "c7befb8d0dc1c88f0763d89256b80a8a"}, {"fields": {"graph": "G3", "cost_function": "x", "to_node": "099daa5a-92c1-418c-b5b1-cd6030036068", "from_node": "fcef4bf7-8605-4bdc-95d6-958c95ed002b"}, "model": "graph.edge", "pk": "c8aa366c07172d84683ca7e8cae8e7b5"}, {"fields": {"graph": "G3", "cost_function": "x", "to_node": "eb81640d-2a56-45bb-a5db-ae3b31d3c638", "from_node": "a0556e5d-53d9-4283-80d4-a2ab858a7994"}, "model": "graph.edge", "pk": "cc6e603f925fd1035294b3b4d069a3f7"}, {"fields": {"graph": "G4", "cost_function": "x", "to_node": "deaaf650-5746-4709-940c-261f10037af2", "from_node": "f13e6f82-ab8e-47f0-b7b8-26335e051f8f"}, "model": "graph.edge", "pk": "ceddecea8c9706126796fb240befbc91"}, {"fields": {"graph": "G2", "cost_function": "x", "to_node": "3c61ca5f-0890-4cbc-a027-b3385b41d2a8", "from_node": "08e4f20b-748f-4a0e-b0be-a132408e3f81"}, "model": "graph.edge", "pk": "d37d051425fb62fd45714826b7cc2a88"}, {"fields": {"graph": "G2", "cost_function": "x", "to_node": "edd3adfb-8593-4ad4-8205-73db21f749ea", "from_node": "7b08e78a-00cd-482e-acba-29b4be2b816f"}, "model": "graph.edge", "pk": "d3b9a49b4d72bb9c79dcb1242b49d5f6"}, {"fields": {"graph": "G1", "cost_function": "x", "to_node": "4aca726a-d7a9-4b36-ac83-c6697e5b0949", "from_node": "476a0f00-8898-4d4a-aab5-227c2f9d016b"}, "model": "graph.edge", "pk": "dafe103534f727dcd27cce13dd71aa64"}, {"fields": {"graph": "G3", "cost_function": "x", "to_node": "eb81640d-2a56-45bb-a5db-ae3b31d3c638", "from_node": "653f474a-db5c-434a-9a13-18b69b9f8ddd"}, "model": "graph.edge", "pk": "dc42e1f056d3f3aa8aeca18ffeed9deb"}, {"fields": {"graph": "G4", "cost_function": "x", "to_node": "a9ff5e98-5287-4eef-8ca0-7d609ee2e83c", "from_node": "9ddab5d4-f84c-4287-a7fb-f37c0956d168"}, "model": "graph.edge", "pk": "e27b5d85bb31ebf5b7a9728b953f6150"}, {"fields": {"graph": "G4", "cost_function": "x", "to_node": "20e7826f-fb9a-4df4-9c40-49287f6e97b9", "from_node": "f13e6f82-ab8e-47f0-b7b8-26335e051f8f"}, "model": "graph.edge", "pk": "eb835fa5c85b3447ce98ec8490488de3"}, {"fields": {"graph": "G2", "cost_function": "x", "to_node": "a5719d32-9846-4760-8592-d5adcc808492", "from_node": "113aa780-007d-442f-a812-cd3a72c04d1c"}, "model": "graph.edge", "pk": "ec380bd379008f0a91326bf001f88404"}, {"fields": {"graph": "G2", "cost_function": "x", "to_node": "4db73e00-c722-4a72-9103-4c2ebc9f71c0", "from_node": "4dc35323-ffda-4a62-9494-5e20fbaff021"}, "model": "graph.edge", "pk": "f0f4b23ed916cb92c4da34eb7e3b7e4c"}, {"fields": {"graph": "G3", "cost_function": "x", "to_node": "eb81640d-2a56-45bb-a5db-ae3b31d3c638", "from_node": "912e258d-023d-4ebc-ad89-4a932e6416ef"}, "model": "graph.edge", "pk": "f3fb12cca7e6f5513e55425ec3b94d8e"}, {"fields": {"graph": "G3", "cost_function": "x", "to_node": "653f474a-db5c-434a-9a13-18b69b9f8ddd", "from_node": "44382a53-e343-4603-bfc6-4e497ac6c0ed"}, "model": "graph.edge", "pk": "f6d378b56f4f5416f305230c0f343930"}, {"fields": {"graph": "G4", "cost_function": "x", "to_node": "f13e6f82-ab8e-47f0-b7b8-26335e051f8f", "from_node": "8c1d771b-245a-4588-ac51-d0c971a6424c"}, "model": "graph.edge", "pk": "fa50a3f89dcfc85ff2964b1b6fc897db"}, {"fields": {"graph": "G2", "cost_function": "x", "to_node": "0645648a-c32d-4a3f-831e-c4050ec60738", "from_node": "a5719d32-9846-4760-8592-d5adcc808492"}, "model": "graph.edge", "pk": "fa6440eebc2443e25be2ad86b28df5f5"}, {"fields": {"graph": "G1", "edges": ["6301bd8853c99e5ecc814d550102e393", "2c25617d144dd08fb5a75e09b7ef1cfe", "376dbce3dcaf6cfb280b03c424ceddd8", "8454dc0608eaf95c91c34223174659fc", "6e5b9bd47d5c91dcfa03a913a125586d"], "player_model": "G1_PM1"}, "model": "graph.path", "pk": 5}, {"fields": {"graph": "G1", "edges": ["6d8bc3db02458a11a68c6624acd25586", "6301bd8853c99e5ecc814d550102e393", "8454dc0608eaf95c91c34223174659fc", "6e5b9bd47d5c91dcfa03a913a125586d"], "player_model": "G1_PM1"}, "model": "graph.path", "pk": 6}, {"fields": {"graph": "G1", "edges": ["6301bd8853c99e5ecc814d550102e393", "afeb2653e2bd812831ae1fe905fb94c0", "a1e3c056570827a9663d5f0742467eac", "6e5b9bd47d5c91dcfa03a913a125586d"], "player_model": "G1_PM1"}, "model": "graph.path", "pk": 7}, {"fields": {"graph": "G1", "edges": ["a1e3c056570827a9663d5f0742467eac", "8fb79bc147384829fbaf014f4d2ccefb", "6e5b9bd47d5c91dcfa03a913a125586d"], "player_model": "G1_PM1"}, "model": "graph.path", "pk": 8}, {"fields": {"graph": "G1", "edges": ["2c25617d144dd08fb5a75e09b7ef1cfe", "376dbce3dcaf6cfb280b03c424ceddd8", "8454dc0608eaf95c91c34223174659fc", "81d3bfb9bdb8a400dbd3b0c6e5bdfebf"], "player_model": "G1_PM2"}, "model": "graph.path", "pk": 9}, {"fields": {"graph": "G1", "edges": ["6d8bc3db02458a11a68c6624acd25586", "8454dc0608eaf95c91c34223174659fc", "81d3bfb9bdb8a400dbd3b0c6e5bdfebf"], "player_model": "G1_PM2"}, "model": "graph.path", "pk": 10}, {"fields": {"graph": "G1", "edges": ["81d3bfb9bdb8a400dbd3b0c6e5bdfebf", "afeb2653e2bd812831ae1fe905fb94c0", "a1e3c056570827a9663d5f0742467eac"], "player_model": "G1_PM2"}, "model": "graph.path", "pk": 11}, {"fields": {"graph": "G1", "edges": ["376dbce3dcaf6cfb280b03c424ceddd8", "4f83cebd66fc525077c67e84a7129bf0"], "player_model": "G1_PM3"}, "model": "graph.path", "pk": 12}, {"fields": {"graph": "G1", "edges": ["376dbce3dcaf6cfb280b03c424ceddd8", "8454dc0608eaf95c91c34223174659fc", "a9b93573e70f77ce62917562f5088198"], "player_model": "G1_PM3"}, "model": "graph.path", "pk": 13}, {"fields": {"graph": "G1", "edges": ["376dbce3dcaf6cfb280b03c424ceddd8", "c02cb118f86533fc495afe033896f71d", "dafe103534f727dcd27cce13dd71aa64"], "player_model": "G1_PM3"}, "model": "graph.path", "pk": 14}, {"fields": {"graph": "G2", "edges": ["7f2bd94ad85674fe1bee97bff20d42b6", "6b11a3d04ebc917d6e12fae3e6c9c666", "fa6440eebc2443e25be2ad86b28df5f5"], "player_model": "G2_PM1"}, "model": "graph.path", "pk": 15}, {"fields": {"graph": "G2", "edges": ["7f2bd94ad85674fe1bee97bff20d42b6", "c7befb8d0dc1c88f0763d89256b80a8a", "1e9f508472d195cf2244b09e401c8275", "fa6440eebc2443e25be2ad86b28df5f5"], "player_model": "G2_PM1"}, "model": "graph.path", "pk": 16}, {"fields": {"graph": "G2", "edges": ["7f2bd94ad85674fe1bee97bff20d42b6", "c7befb8d0dc1c88f0763d89256b80a8a", "ac9f771679c60daf4d16e30e748375b7"], "player_model": "G2_PM1"}, "model": "graph.path", "pk": 17}, {"fields": {"graph": "G2", "edges": ["7f2bd94ad85674fe1bee97bff20d42b6", "91d743f62d95d707e449934720f5f28c", "ec380bd379008f0a91326bf001f88404", "fa6440eebc2443e25be2ad86b28df5f5"], "player_model": "G2_PM1"}, "model": "graph.path", "pk": 18}, {"fields": {"graph": "G2", "edges": ["7bbdf39b57e92c840868ba4e8b7538b9", "6b11a3d04ebc917d6e12fae3e6c9c666", "bcbcd135d3642d8caaadd89d440bbe8d"], "player_model": "G2_PM2"}, "model": "graph.path", "pk": 19}, {"fields": {"graph": "G2", "edges": ["7bbdf39b57e92c840868ba4e8b7538b9", "c7befb8d0dc1c88f0763d89256b80a8a", "1e9f508472d195cf2244b09e401c8275", "bcbcd135d3642d8caaadd89d440bbe8d"], "player_model": "G2_PM2"}, "model": "graph.path", "pk": 20}, {"fields": {"graph": "G2", "edges": ["7bbdf39b57e92c840868ba4e8b7538b9", "91d743f62d95d707e449934720f5f28c", "ec380bd379008f0a91326bf001f88404", "bcbcd135d3642d8caaadd89d440bbe8d"], "player_model": "G2_PM2"}, "model": "graph.path", "pk": 21}, {"fields": {"graph": "G2", "edges": ["7bbdf39b57e92c840868ba4e8b7538b9", "91d743f62d95d707e449934720f5f28c", "957a7be7ddca9e4028332a609051b681"], "player_model": "G2_PM2"}, "model": "graph.path", "pk": 22}, {"fields": {"graph": "G2", "edges": ["f0f4b23ed916cb92c4da34eb7e3b7e4c", "0c610687e7935615fa3e4e3bcee6c206", "4ff0b92b955a2719817fcdb8d7ae5a63", "be9ff6a5cbea08f0bd5fe57bce7aeb39"], "player_model": "G2_PM3"}, "model": "graph.path", "pk": 23}, {"fields": {"graph": "G2", "edges": ["f0f4b23ed916cb92c4da34eb7e3b7e4c", "0c610687e7935615fa3e4e3bcee6c206", "3ce828f9e88398b9fd18e818990b431c"], "player_model": "G2_PM3"}, "model": "graph.path", "pk": 24}, {"fields": {"graph": "G2", "edges": ["f0f4b23ed916cb92c4da34eb7e3b7e4c", "35f5b9766967098bb3694007ce31bc1e", "394dd32726148a7d18c7fc06c0a54fb3", "be9ff6a5cbea08f0bd5fe57bce7aeb39"], "player_model": "G2_PM3"}, "model": "graph.path", "pk": 25}, {"fields": {"graph": "G2", "edges": ["f0f4b23ed916cb92c4da34eb7e3b7e4c", "755b747bd44ad68a74f6d57a0d43c80e", "be9ff6a5cbea08f0bd5fe57bce7aeb39"], "player_model": "G2_PM3"}, "model": "graph.path", "pk": 26}, {"fields": {"graph": "G2", "edges": ["7abeda3c7a12d7d454b04ad5c2c94025", "0c610687e7935615fa3e4e3bcee6c206", "4ff0b92b955a2719817fcdb8d7ae5a63", "d3b9a49b4d72bb9c79dcb1242b49d5f6"], "player_model": "G2_PM4"}, "model": "graph.path", "pk": 27}, {"fields": {"graph": "G2", "edges": ["7abeda3c7a12d7d454b04ad5c2c94025", "35f5b9766967098bb3694007ce31bc1e", "394dd32726148a7d18c7fc06c0a54fb3", "d3b9a49b4d72bb9c79dcb1242b49d5f6"], "player_model": "G2_PM4"}, "model": "graph.path", "pk": 28}, {"fields": {"graph": "G2", "edges": ["7abeda3c7a12d7d454b04ad5c2c94025", "35f5b9766967098bb3694007ce31bc1e", "039030aec2eb3bd630e8e3333ec18e40"], "player_model": "G2_PM4"}, "model": "graph.path", "pk": 29}, {"fields": {"graph": "G2", "edges": ["7abeda3c7a12d7d454b04ad5c2c94025", "755b747bd44ad68a74f6d57a0d43c80e", "d3b9a49b4d72bb9c79dcb1242b49d5f6"], "player_model": "G2_PM4"}, "model": "graph.path", "pk": 30}, {"fields": {"graph": "G3", "edges": ["1697cf1a7c5466b0ed614332c8fd6254", "f6d378b56f4f5416f305230c0f343930", "6f38ab838de08365a4ee021206e584da", "f3fb12cca7e6f5513e55425ec3b94d8e"], "player_model": "G3_PM1"}, "model": "graph.path", "pk": 31}, {"fields": {"graph": "G3", "edges": ["1697cf1a7c5466b0ed614332c8fd6254", "f6d378b56f4f5416f305230c0f343930", "dc42e1f056d3f3aa8aeca18ffeed9deb"], "player_model": "G3_PM1"}, "model": "graph.path", "pk": 32}, {"fields": {"graph": "G3", "edges": ["1697cf1a7c5466b0ed614332c8fd6254", "5b9d3e0b47e9b3aa73757692a64092b2", "a4f378837d5db23c6ce2b73aa6ef8e53", "f3fb12cca7e6f5513e55425ec3b94d8e"], "player_model": "G3_PM1"}, "model": "graph.path", "pk": 33}, {"fields": {"graph": "G3", "edges": ["1697cf1a7c5466b0ed614332c8fd6254", "a4f378837d5db23c6ce2b73aa6ef8e53", "cc6e603f925fd1035294b3b4d069a3f7"], "player_model": "G3_PM1"}, "model": "graph.path", "pk": 34}, {"fields": {"graph": "G3", "edges": ["52b6d3cfde00ec9d5a23e27e95bdceb3", "3a41c00f0907d11fd5bdf8e37df5d0fb", "5b9d3e0b47e9b3aa73757692a64092b2", "f3fb12cca7e6f5513e55425ec3b94d8e"], "player_model": "G3_PM1"}, "model": "graph.path", "pk": 35}, {"fields": {"graph": "G3", "edges": ["52b6d3cfde00ec9d5a23e27e95bdceb3", "3a41c00f0907d11fd5bdf8e37df5d0fb", "cc6e603f925fd1035294b3b4d069a3f7"], "player_model": "G3_PM1"}, "model": "graph.path", "pk": 36}, {"fields": {"graph": "G3", "edges": ["1697cf1a7c5466b0ed614332c8fd6254", "3f93ab68bdcb9d4406d21c1f873f2b9b", "a4f378837d5db23c6ce2b73aa6ef8e53"], "player_model": "G3_PM2"}, "model": "graph.path", "pk": 37}, {"fields": {"graph": "G3", "edges": ["1697cf1a7c5466b0ed614332c8fd6254", "5f5587dee4bf16a8815c941a7ed702f7", "59b62923e2cd1ea6d6bdfa311b964442", "a4f378837d5db23c6ce2b73aa6ef8e53"], "player_model": "G3_PM2"}, "model": "graph.path", "pk": 38}, {"fields": {"graph": "G3", "edges": ["52b6d3cfde00ec9d5a23e27e95bdceb3", "3a41c00f0907d11fd5bdf8e37df5d0fb", "3f93ab68bdcb9d4406d21c1f873f2b9b"], "player_model": "G3_PM2"}, "model": "graph.path", "pk": 39}, {"fields": {"graph": "G3", "edges": ["52b6d3cfde00ec9d5a23e27e95bdceb3", "3a41c00f0907d11fd5bdf8e37df5d0fb", "5f5587dee4bf16a8815c941a7ed702f7", "59b62923e2cd1ea6d6bdfa311b964442"], "player_model": "G3_PM2"}, "model": "graph.path", "pk": 40}, {"fields": {"graph": "G3", "edges": ["52b6d3cfde00ec9d5a23e27e95bdceb3", "7a7a72427f22a0d13a08235cea5d9490", "a69893b5d8383f66cb90c456846e2163", "59b62923e2cd1ea6d6bdfa311b964442"], "player_model": "G3_PM2"}, "model": "graph.path", "pk": 41}, {"fields": {"graph": "G3", "edges": ["1697cf1a7c5466b0ed614332c8fd6254", "5f5587dee4bf16a8815c941a7ed702f7", "5fe295e84f5e251cac2ffc754021e3d2", "a4f378837d5db23c6ce2b73aa6ef8e53"], "player_model": "G3_PM3"}, "model": "graph.path", "pk": 42}, {"fields": {"graph": "G3", "edges": ["52b6d3cfde00ec9d5a23e27e95bdceb3", "3a41c00f0907d11fd5bdf8e37df5d0fb", "5f5587dee4bf16a8815c941a7ed702f7", "5fe295e84f5e251cac2ffc754021e3d2"], "player_model": "G3_PM3"}, "model": "graph.path", "pk": 43}, {"fields": {"graph": "G3", "edges": ["52b6d3cfde00ec9d5a23e27e95bdceb3", "7a7a72427f22a0d13a08235cea5d9490", "c8aa366c07172d84683ca7e8cae8e7b5"], "player_model": "G3_PM3"}, "model": "graph.path", "pk": 44}, {"fields": {"graph": "G3", "edges": ["52b6d3cfde00ec9d5a23e27e95bdceb3", "7a7a72427f22a0d13a08235cea5d9490", "a69893b5d8383f66cb90c456846e2163", "5fe295e84f5e251cac2ffc754021e3d2"], "player_model": "G3_PM3"}, "model": "graph.path", "pk": 45}, {"fields": {"graph": "G3", "edges": ["1e6d82f195f218cb60c01c6ae9761c4f", "6c4411ac3f325d2f1710ea7be7a426dd"], "player_model": "G3_PM3"}, "model": "graph.path", "pk": 46}, {"fields": {"graph": "G4", "edges": ["82591d4ae433b036417d4298802bf9f4", "2eb84f1f2dbbcbdbc541415f8b7d9d87"], "player_model": "G4_PM1"}, "model": "graph.path", "pk": 47}, {"fields": {"graph": "G4", "edges": ["82591d4ae433b036417d4298802bf9f4", "bc637a3fde4fe8353898de256c856c85", "3a1aa5af58eb7b3632f98d10183423dd", "22009a2001da0c36c69807925212e13c"], "player_model": "G4_PM1"}, "model": "graph.path", "pk": 48}, {"fields": {"graph": "G4", "edges": ["8a07a51f5cf0cce60977e6406287602e", "3a1aa5af58eb7b3632f98d10183423dd", "22009a2001da0c36c69807925212e13c"], "player_model": "G4_PM1"}, "model": "graph.path", "pk": 49}, {"fields": {"graph": "G4", "edges": ["4a7fbdcf8b710fa7b81c28260df817c4", "3a1aa5af58eb7b3632f98d10183423dd", "535baa0c0b1451701a1df940d017b66e", "bd6a8f24db463510c254ad10b2a8050f", "c56f93252c4475bba2750b26a515b48d"], "player_model": "G4_PM2"}, "model": "graph.path", "pk": 50}, {"fields": {"graph": "G4", "edges": ["4a7fbdcf8b710fa7b81c28260df817c4", "3a1aa5af58eb7b3632f98d10183423dd", "225ec8dcb7ba7f57521993787526c5ba"], "player_model": "G4_PM2"}, "model": "graph.path", "pk": 51}, {"fields": {"graph": "G4", "edges": ["fa50a3f89dcfc85ff2964b1b6fc897db", "ceddecea8c9706126796fb240befbc91", "bd6a8f24db463510c254ad10b2a8050f", "c56f93252c4475bba2750b26a515b48d"], "player_model": "G4_PM2"}, "model": "graph.path", "pk": 52}, {"fields": {"graph": "G4", "edges": ["fa50a3f89dcfc85ff2964b1b6fc897db", "eb835fa5c85b3447ce98ec8490488de3", "535baa0c0b1451701a1df940d017b66e", "bd6a8f24db463510c254ad10b2a8050f", "c56f93252c4475bba2750b26a515b48d"], "player_model": "G4_PM2"}, "model": "graph.path", "pk": 53}, {"fields": {"graph": "G4", "edges": ["fa50a3f89dcfc85ff2964b1b6fc897db", "eb835fa5c85b3447ce98ec8490488de3", "225ec8dcb7ba7f57521993787526c5ba"], "player_model": "G4_PM2"}, "model": "graph.path", "pk": 54}, {"fields": {"graph": "G4", "edges": ["fa50a3f89dcfc85ff2964b1b6fc897db", "831da3ef19bbff43941f5e4ee9872c2f", "8fe9546bc73b081644fd845926d13309", "c56f93252c4475bba2750b26a515b48d"], "player_model": "G4_PM2"}, "model": "graph.path", "pk": 55}, {"fields": {"graph": "G4", "edges": ["80bbea803cd6639c5445315aedbbaa88", "ceddecea8c9706126796fb240befbc91", "bd6a8f24db463510c254ad10b2a8050f"], "player_model": "G4_PM3"}, "model": "graph.path", "pk": 56}, {"fields": {"graph": "G4", "edges": ["80bbea803cd6639c5445315aedbbaa88", "eb835fa5c85b3447ce98ec8490488de3", "535baa0c0b1451701a1df940d017b66e", "bd6a8f24db463510c254ad10b2a8050f"], "player_model": "G4_PM3"}, "model": "graph.path", "pk": 57}, {"fields": {"graph": "G4", "edges": ["80bbea803cd6639c5445315aedbbaa88", "831da3ef19bbff43941f5e4ee9872c2f", "8fe9546bc73b081644fd845926d13309"], "player_model": "G4_PM3"}, "model": "graph.path", "pk": 58}, {"fields": {"graph": "G4", "edges": ["e27b5d85bb31ebf5b7a9728b953f6150", "8fe9546bc73b081644fd845926d13309"], "player_model": "G4_PM3"}, "model": "graph.path", "pk": 59}, {"fields": {"iteration": 0, "graph_cost": null, "game_object": null}, "model": "graph.gameturn", "pk": 1}, {"fields": {"iteration": 0, "graph_cost": null, "game_object": null}, "model": "graph.gameturn", "pk": 2}, {"fields": {"iteration": 0, "graph_cost": null, "game_object": null}, "model": "graph.gameturn", "pk": 35}, {"fields": {"iteration": 0, "graph_cost": null, "game_object": null}, "model": "graph.gameturn", "pk": 36}, {"fields": {"iteration": 0, "graph_cost": null, "game_object": null}, "model": "graph.gameturn", "pk": 37}, {"fields": {"iteration": 0, "graph_cost": null, "game_object": null}, "model": "graph.gameturn", "pk": 38}, {"fields": {"iteration": 0, "graph_cost": null, "game_object": null}, "model": "graph.gameturn", "pk": 39}, {"fields": {"iteration": 0, "graph_cost": null, "game_object": null}, "model": "graph.gameturn", "pk": 40}, {"fields": {"current_turn": 37, "single_slider_mode": false, "started": false, "graph": "G1", "game_loop_time": null, "currently_in_use": true, "edge_highlight": true, "stopped": false, "turns": [], "duration": 30}, "model": "graph.game", "pk": "game"}, {"fields": {"current_turn": 38, "single_slider_mode": false, "started": false, "graph": "G2", "game_loop_time": null, "currently_in_use": false, "edge_highlight": true, "stopped": false, "turns": [], "duration": 30}, "model": "graph.game", "pk": "game_2"}, {"fields": {"current_turn": 39, "single_slider_mode": false, "started": false, "graph": "G3", "game_loop_time": null, "currently_in_use": false, "edge_highlight": true, "stopped": false, "turns": [], "duration": 30}, "model": "graph.game", "pk": "game_3"}, {"fields": {"current_turn": 40, "single_slider_mode": false, "started": false, "graph": "G4", "game_loop_time": null, "currently_in_use": false, "edge_highlight": true, "stopped": false, "turns": [], "duration": 30}, "model": "graph.game", "pk": "game_4"}, {"fields": {"codename": "add_permission", "name": "Can add permission", "content_type": 1}, "model": "auth.permission", "pk": 1}, {"fields": {"codename": "change_permission", "name": "Can change permission", "content_type": 1}, "model": "auth.permission", "pk": 2}, {"fields": {"codename": "delete_permission", "name": "Can delete permission", "content_type": 1}, "model": "auth.permission", "pk": 3}, {"fields": {"codename": "add_group", "name": "Can add group", "content_type": 2}, "model": "auth.permission", "pk": 4}, {"fields": {"codename": "change_group", "name": "Can change group", "content_type": 2}, "model": "auth.permission", "pk": 5}, {"fields": {"codename": "delete_group", "name": "Can delete group", "content_type": 2}, "model": "auth.permission", "pk": 6}, {"fields": {"codename": "add_user", "name": "Can add user", "content_type": 3}, "model": "auth.permission", "pk": 7}, {"fields": {"codename": "change_user", "name": "Can change user", "content_type": 3}, "model": "auth.permission", "pk": 8}, {"fields": {"codename": "delete_user", "name": "Can delete user", "content_type": 3}, "model": "auth.permission", "pk": 9}, {"fields": {"codename": "add_contenttype", "name": "Can add content type", "content_type": 4}, "model": "auth.permission", "pk": 10}, {"fields": {"codename": "change_contenttype", "name": "Can change content type", "content_type": 4}, "model": "auth.permission", "pk": 11}, {"fields": {"codename": "delete_contenttype", "name": "Can delete content type", "content_type": 4}, "model": "auth.permission", "pk": 12}, {"fields": {"codename": "add_session", "name": "Can add session", "content_type": 5}, "model": "auth.permission", "pk": 13}, {"fields": {"codename": "change_session", "name": "Can change session", "content_type": 5}, "model": "auth.permission", "pk": 14}, {"fields": {"codename": "delete_session", "name": "Can delete session", "content_type": 5}, "model": "auth.permission", "pk": 15}, {"fields": {"codename": "add_taskmeta", "name": "Can add task state", "content_type": 6}, "model": "auth.permission", "pk": 16}, {"fields": {"codename": "change_taskmeta", "name": "Can change task state", "content_type": 6}, "model": "auth.permission", "pk": 17}, {"fields": {"codename": "delete_taskmeta", "name": "Can delete task state", "content_type": 6}, "model": "auth.permission", "pk": 18}, {"fields": {"codename": "add_tasksetmeta", "name": "Can add saved group result", "content_type": 7}, "model": "auth.permission", "pk": 19}, {"fields": {"codename": "change_tasksetmeta", "name": "Can change saved group result", "content_type": 7}, "model": "auth.permission", "pk": 20}, {"fields": {"codename": "delete_tasksetmeta", "name": "Can delete saved group result", "content_type": 7}, "model": "auth.permission", "pk": 21}, {"fields": {"codename": "add_intervalschedule", "name": "Can add interval", "content_type": 8}, "model": "auth.permission", "pk": 22}, {"fields": {"codename": "change_intervalschedule", "name": "Can change interval", "content_type": 8}, "model": "auth.permission", "pk": 23}, {"fields": {"codename": "delete_intervalschedule", "name": "Can delete interval", "content_type": 8}, "model": "auth.permission", "pk": 24}, {"fields": {"codename": "add_crontabschedule", "name": "Can add crontab", "content_type": 9}, "model": "auth.permission", "pk": 25}, {"fields": {"codename": "change_crontabschedule", "name": "Can change crontab", "content_type": 9}, "model": "auth.permission", "pk": 26}, {"fields": {"codename": "delete_crontabschedule", "name": "Can delete crontab", "content_type": 9}, "model": "auth.permission", "pk": 27}, {"fields": {"codename": "add_periodictasks", "name": "Can add periodic tasks", "content_type": 10}, "model": "auth.permission", "pk": 28}, {"fields": {"codename": "change_periodictasks", "name": "Can change periodic tasks", "content_type": 10}, "model": "auth.permission", "pk": 29}, {"fields": {"codename": "delete_periodictasks", "name": "Can delete periodic tasks", "content_type": 10}, "model": "auth.permission", "pk": 30}, {"fields": {"codename": "add_periodictask", "name": "Can add periodic task", "content_type": 11}, "model": "auth.permission", "pk": 31}, {"fields": {"codename": "change_periodictask", "name": "Can change periodic task", "content_type": 11}, "model": "auth.permission", "pk": 32}, {"fields": {"codename": "delete_periodictask", "name": "Can delete periodic task", "content_type": 11}, "model": "auth.permission", "pk": 33}, {"fields": {"codename": "add_workerstate", "name": "Can add worker", "content_type": 12}, "model": "auth.permission", "pk": 34}, {"fields": {"codename": "change_workerstate", "name": "Can change worker", "content_type": 12}, "model": "auth.permission", "pk": 35}, {"fields": {"codename": "delete_workerstate", "name": "Can delete worker", "content_type": 12}, "model": "auth.permission", "pk": 36}, {"fields": {"codename": "add_taskstate", "name": "Can add task", "content_type": 13}, "model": "auth.permission", "pk": 37}, {"fields": {"codename": "change_taskstate", "name": "Can change task", "content_type": 13}, "model": "auth.permission", "pk": 38}, {"fields": {"codename": "delete_taskstate", "name": "Can delete task", "content_type": 13}, "model": "auth.permission", "pk": 39}, {"fields": {"codename": "add_user", "name": "Can add user", "content_type": 14}, "model": "auth.permission", "pk": 40}, {"fields": {"codename": "change_user", "name": "Can change user", "content_type": 14}, "model": "auth.permission", "pk": 41}, {"fields": {"codename": "delete_user", "name": "Can delete user", "content_type": 14}, "model": "auth.permission", "pk": 42}, {"fields": {"codename": "add_graph", "name": "Can add graph", "content_type": 15}, "model": "auth.permission", "pk": 43}, {"fields": {"codename": "change_graph", "name": "Can change graph", "content_type": 15}, "model": "auth.permission", "pk": 44}, {"fields": {"codename": "delete_graph", "name": "Can delete graph", "content_type": 15}, "model": "auth.permission", "pk": 45}, {"fields": {"codename": "add_node", "name": "Can add node", "content_type": 16}, "model": "auth.permission", "pk": 46}, {"fields": {"codename": "change_node", "name": "Can change node", "content_type": 16}, "model": "auth.permission", "pk": 47}, {"fields": {"codename": "delete_node", "name": "Can delete node", "content_type": 16}, "model": "auth.permission", "pk": 48}, {"fields": {"codename": "add_playermodel", "name": "Can add player model", "content_type": 17}, "model": "auth.permission", "pk": 49}, {"fields": {"codename": "change_playermodel", "name": "Can change player model", "content_type": 17}, "model": "auth.permission", "pk": 50}, {"fields": {"codename": "delete_playermodel", "name": "Can delete player model", "content_type": 17}, "model": "auth.permission", "pk": 51}, {"fields": {"codename": "add_player", "name": "Can add player", "content_type": 18}, "model": "auth.permission", "pk": 52}, {"fields": {"codename": "change_player", "name": "Can change player", "content_type": 18}, "model": "auth.permission", "pk": 53}, {"fields": {"codename": "delete_player", "name": "Can delete player", "content_type": 18}, "model": "auth.permission", "pk": 54}, {"fields": {"codename": "add_edge", "name": "Can add edge", "content_type": 19}, "model": "auth.permission", "pk": 55}, {"fields": {"codename": "change_edge", "name": "Can change edge", "content_type": 19}, "model": "auth.permission", "pk": 56}, {"fields": {"codename": "delete_edge", "name": "Can delete edge", "content_type": 19}, "model": "auth.permission", "pk": 57}, {"fields": {"codename": "add_path", "name": "Can add path", "content_type": 20}, "model": "auth.permission", "pk": 58}, {"fields": {"codename": "change_path", "name": "Can change path", "content_type": 20}, "model": "auth.permission", "pk": 59}, {"fields": {"codename": "delete_path", "name": "Can delete path", "content_type": 20}, "model": "auth.permission", "pk": 60}, {"fields": {"codename": "add_pathflowassignment", "name": "Can add path flow assignment", "content_type": 21}, "model": "auth.permission", "pk": 61}, {"fields": {"codename": "change_pathflowassignment", "name": "Can change path flow assignment", "content_type": 21}, "model": "auth.permission", "pk": 62}, {"fields": {"codename": "delete_pathflowassignment", "name": "Can delete path flow assignment", "content_type": 21}, "model": "auth.permission", "pk": 63}, {"fields": {"codename": "add_gameturn", "name": "Can add game turn", "content_type": 22}, "model": "auth.permission", "pk": 64}, {"fields": {"codename": "change_gameturn", "name": "Can change game turn", "content_type": 22}, "model": "auth.permission", "pk": 65}, {"fields": {"codename": "delete_gameturn", "name": "Can delete game turn", "content_type": 22}, "model": "auth.permission", "pk": 66}, {"fields": {"codename": "add_flowdistribution", "name": "Can add flow distribution", "content_type": 23}, "model": "auth.permission", "pk": 67}, {"fields": {"codename": "change_flowdistribution", "name": "Can change flow distribution", "content_type": 23}, "model": "auth.permission", "pk": 68}, {"fields": {"codename": "delete_flowdistribution", "name": "Can delete flow distribution", "content_type": 23}, "model": "auth.permission", "pk": 69}, {"fields": {"codename": "add_learningrate", "name": "Can add learning rate", "content_type": 24}, "model": "auth.permission", "pk": 70}, {"fields": {"codename": "change_learningrate", "name": "Can change learning rate", "content_type": 24}, "model": "auth.permission", "pk": 71}, {"fields": {"codename": "delete_learningrate", "name": "Can delete learning rate", "content_type": 24}, "model": "auth.permission", "pk": 72}, {"fields": {"codename": "add_edgecost", "name": "Can add edge cost", "content_type": 25}, "model": "auth.permission", "pk": 73}, {"fields": {"codename": "change_edgecost", "name": "Can change edge cost", "content_type": 25}, "model": "auth.permission", "pk": 74}, {"fields": {"codename": "delete_edgecost", "name": "Can delete edge cost", "content_type": 25}, "model": "auth.permission", "pk": 75}, {"fields": {"codename": "add_graphcost", "name": "Can add graph cost", "content_type": 26}, "model": "auth.permission", "pk": 76}, {"fields": {"codename": "change_graphcost", "name": "Can change graph cost", "content_type": 26}, "model": "auth.permission", "pk": 77}, {"fields": {"codename": "delete_graphcost", "name": "Can delete graph cost", "content_type": 26}, "model": "auth.permission", "pk": 78}, {"fields": {"codename": "add_game", "name": "Can add game", "content_type": 27}, "model": "auth.permission", "pk": 79}, {"fields": {"codename": "change_game", "name": "Can change game", "content_type": 27}, "model": "auth.permission", "pk": 80}, {"fields": {"codename": "delete_game", "name": "Can delete game", "content_type": 27}, "model": "auth.permission", "pk": 81}, {"fields": {"codename": "add_request", "name": "Can add request", "content_type": 28}, "model": "auth.permission", "pk": 82}, {"fields": {"codename": "change_request", "name": "Can change request", "content_type": 28}, "model": "auth.permission", "pk": 83}, {"fields": {"codename": "delete_request", "name": "Can delete request", "content_type": 28}, "model": "auth.permission", "pk": 84}, {"fields": {"codename": "add_response", "name": "Can add response", "content_type": 29}, "model": "auth.permission", "pk": 85}, {"fields": {"codename": "change_response", "name": "Can change response", "content_type": 29}, "model": "auth.permission", "pk": 86}, {"fields": {"codename": "delete_response", "name": "Can delete response", "content_type": 29}, "model": "auth.permission", "pk": 87}, {"fields": {"codename": "add_sqlquery", "name": "Can add sql query", "content_type": 30}, "model": "auth.permission", "pk": 88}, {"fields": {"codename": "change_sqlquery", "name": "Can change sql query", "content_type": 30}, "model": "auth.permission", "pk": 89}, {"fields": {"codename": "delete_sqlquery", "name": "Can delete sql query", "content_type": 30}, "model": "auth.permission", "pk": 90}, {"fields": {"codename": "add_profile", "name": "Can add profile", "content_type": 31}, "model": "auth.permission", "pk": 91}, {"fields": {"codename": "change_profile", "name": "Can change profile", "content_type": 31}, "model": "auth.permission", "pk": 92}, {"fields": {"codename": "delete_profile", "name": "Can delete profile", "content_type": 31}, "model": "auth.permission", "pk": 93}, {"fields": {"username": "admin", "first_name": "", "last_name": "", "is_active": true, "is_superuser": false, "is_staff": false, "last_login": "2016-06-27T23:08:18.024Z", "groups": [], "user_permissions": [], "password": "pbkdf2_sha256$15000$oXk4GEFp7pdm$l0Q7YpbbeO8FByZpzft0lK/27yy4KYYL8k+ZAH81+4A=", "email": "", "date_joined": "2016-06-24T18:25:17.455Z"}, "model": "auth.user", "pk": 1}, {"fields": {"superuser": true, "assignmentId": "", "workerId": "", "hitId": "", "game": "game", "user": 1, "is_a_bot": true, "player_model": null}, "model": "graph.player", "pk": 1}]