[
{
    "fields": {
        "model": "permission",
        "name": "permission",
        "app_label": "auth"
    },
    "model": "contenttypes.contenttype",
    "pk": 1
},
{
    "fields": {
        "model": "group",
        "name": "group",
        "app_label": "auth"
    },
    "model": "contenttypes.contenttype",
    "pk": 2
},
{
    "fields": {
        "model": "user",
        "name": "user",
        "app_label": "auth"
    },
    "model": "contenttypes.contenttype",
    "pk": 3
},
{
    "fields": {
        "model": "contenttype",
        "name": "content type",
        "app_label": "contenttypes"
    },
    "model": "contenttypes.contenttype",
    "pk": 4
},
{
    "fields": {
        "model": "session",
        "name": "session",
        "app_label": "sessions"
    },
    "model": "contenttypes.contenttype",
    "pk": 5
},
{
    "fields": {
        "model": "taskmeta",
        "name": "task state",
        "app_label": "djcelery"
    },
    "model": "contenttypes.contenttype",
    "pk": 6
},
{
    "fields": {
        "model": "tasksetmeta",
        "name": "saved group result",
        "app_label": "djcelery"
    },
    "model": "contenttypes.contenttype",
    "pk": 7
},
{
    "fields": {
        "model": "intervalschedule",
        "name": "interval",
        "app_label": "djcelery"
    },
    "model": "contenttypes.contenttype",
    "pk": 8
},
{
    "fields": {
        "model": "crontabschedule",
        "name": "crontab",
        "app_label": "djcelery"
    },
    "model": "contenttypes.contenttype",
    "pk": 9
},
{
    "fields": {
        "model": "periodictasks",
        "name": "periodic tasks",
        "app_label": "djcelery"
    },
    "model": "contenttypes.contenttype",
    "pk": 10
},
{
    "fields": {
        "model": "periodictask",
        "name": "periodic task",
        "app_label": "djcelery"
    },
    "model": "contenttypes.contenttype",
    "pk": 11
},
{
    "fields": {
        "model": "workerstate",
        "name": "worker",
        "app_label": "djcelery"
    },
    "model": "contenttypes.contenttype",
    "pk": 12
},
{
    "fields": {
        "model": "taskstate",
        "name": "task",
        "app_label": "djcelery"
    },
    "model": "contenttypes.contenttype",
    "pk": 13
},
{
    "fields": {
        "model": "user",
        "name": "user",
        "app_label": "id_counter"
    },
    "model": "contenttypes.contenttype",
    "pk": 14
},
{
    "fields": {
        "model": "graph",
        "name": "graph",
        "app_label": "graph"
    },
    "model": "contenttypes.contenttype",
    "pk": 15
},
{
    "fields": {
        "model": "node",
        "name": "node",
        "app_label": "graph"
    },
    "model": "contenttypes.contenttype",
    "pk": 16
},
{
    "fields": {
        "model": "playermodel",
        "name": "player model",
        "app_label": "graph"
    },
    "model": "contenttypes.contenttype",
    "pk": 17
},
{
    "fields": {
        "model": "player",
        "name": "player",
        "app_label": "graph"
    },
    "model": "contenttypes.contenttype",
    "pk": 18
},
{
    "fields": {
        "model": "edge",
        "name": "edge",
        "app_label": "graph"
    },
    "model": "contenttypes.contenttype",
    "pk": 19
},
{
    "fields": {
        "model": "path",
        "name": "path",
        "app_label": "graph"
    },
    "model": "contenttypes.contenttype",
    "pk": 20
},
{
    "fields": {
        "model": "pathflowassignment",
        "name": "path flow assignment",
        "app_label": "graph"
    },
    "model": "contenttypes.contenttype",
    "pk": 21
},
{
    "fields": {
        "model": "gameturn",
        "name": "game turn",
        "app_label": "graph"
    },
    "model": "contenttypes.contenttype",
    "pk": 22
},
{
    "fields": {
        "model": "flowdistribution",
        "name": "flow distribution",
        "app_label": "graph"
    },
    "model": "contenttypes.contenttype",
    "pk": 23
},
{
    "fields": {
        "model": "learningrate",
        "name": "learning rate",
        "app_label": "graph"
    },
    "model": "contenttypes.contenttype",
    "pk": 24
},
{
    "fields": {
        "model": "edgecost",
        "name": "edge cost",
        "app_label": "graph"
    },
    "model": "contenttypes.contenttype",
    "pk": 25
},
{
    "fields": {
        "model": "graphcost",
        "name": "graph cost",
        "app_label": "graph"
    },
    "model": "contenttypes.contenttype",
    "pk": 26
},
{
    "fields": {
        "model": "game",
        "name": "game",
        "app_label": "graph"
    },
    "model": "contenttypes.contenttype",
    "pk": 27
},
{
    "fields": {
        "model": "request",
        "name": "request",
        "app_label": "silk"
    },
    "model": "contenttypes.contenttype",
    "pk": 28
},
{
    "fields": {
        "model": "response",
        "name": "response",
        "app_label": "silk"
    },
    "model": "contenttypes.contenttype",
    "pk": 29
},
{
    "fields": {
        "model": "sqlquery",
        "name": "sql query",
        "app_label": "silk"
    },
    "model": "contenttypes.contenttype",
    "pk": 30
},
{
    "fields": {
        "model": "profile",
        "name": "profile",
        "app_label": "silk"
    },
    "model": "contenttypes.contenttype",
    "pk": 31
},
{
    "fields": {
        "expire_date": "2016-06-21T17:54:39.433Z",
        "session_data": "NjlhYmFiNGUwZDFmYzQ5YzMxMDY2ZjhkZDFlM2E3ZDJmYmRkYzU1YTp7Il9hdXRoX3VzZXJfaGFzaCI6IjI2MzBhYTc4NjFmZmNiMDRkYTdmZmNkM2M2MjIyNGViNGNhZDUxODAiLCJfYXV0aF91c2VyX2JhY2tlbmQiOiJkamFuZ28uY29udHJpYi5hdXRoLmJhY2tlbmRzLk1vZGVsQmFja2VuZCIsIl9hdXRoX3VzZXJfaWQiOjF9"
    },
    "model": "sessions.session",
    "pk": "046xde55lhae7r7fjdrdukvgdxn1t8kx"
},
{
    "fields": {
        "expire_date": "2016-06-21T18:40:16.223Z",
        "session_data": "ZjRlMWI5OTgxZDA3OTlmNzczNjgxOTg0YjMyMmFhM2NiNmJiNzE5MDp7fQ=="
    },
    "model": "sessions.session",
    "pk": "29pypype7irnxc5z1ijgugp3dk5lpbz9"
},
{
    "fields": {
        "expire_date": "2016-06-17T21:35:41.842Z",
        "session_data": "NjlhYmFiNGUwZDFmYzQ5YzMxMDY2ZjhkZDFlM2E3ZDJmYmRkYzU1YTp7Il9hdXRoX3VzZXJfaGFzaCI6IjI2MzBhYTc4NjFmZmNiMDRkYTdmZmNkM2M2MjIyNGViNGNhZDUxODAiLCJfYXV0aF91c2VyX2JhY2tlbmQiOiJkamFuZ28uY29udHJpYi5hdXRoLmJhY2tlbmRzLk1vZGVsQmFja2VuZCIsIl9hdXRoX3VzZXJfaWQiOjF9"
    },
    "model": "sessions.session",
    "pk": "4w3jgsbgt0zelrl5mrrb35fihhmaq59m"
},
{
    "fields": {
        "expire_date": "2016-05-24T18:05:41.719Z",
        "session_data": "NjlhYmFiNGUwZDFmYzQ5YzMxMDY2ZjhkZDFlM2E3ZDJmYmRkYzU1YTp7Il9hdXRoX3VzZXJfaGFzaCI6IjI2MzBhYTc4NjFmZmNiMDRkYTdmZmNkM2M2MjIyNGViNGNhZDUxODAiLCJfYXV0aF91c2VyX2JhY2tlbmQiOiJkamFuZ28uY29udHJpYi5hdXRoLmJhY2tlbmRzLk1vZGVsQmFja2VuZCIsIl9hdXRoX3VzZXJfaWQiOjF9"
    },
    "model": "sessions.session",
    "pk": "7eh2swnumyuillfpvhfabymhgwwlkywe"
},
{
    "fields": {
        "expire_date": "2016-06-02T17:50:15.625Z",
        "session_data": "ZjRlMWI5OTgxZDA3OTlmNzczNjgxOTg0YjMyMmFhM2NiNmJiNzE5MDp7fQ=="
    },
    "model": "sessions.session",
    "pk": "7io3u55rakw8t0czcjwjkrw8p64o694h"
},
{
    "fields": {
        "expire_date": "2016-06-21T18:40:17.407Z",
        "session_data": "ZjRlMWI5OTgxZDA3OTlmNzczNjgxOTg0YjMyMmFhM2NiNmJiNzE5MDp7fQ=="
    },
    "model": "sessions.session",
    "pk": "a08v03h4lb15b04my5bxck7gveeuzr4w"
},
{
    "fields": {
        "expire_date": "2016-06-02T17:50:27.137Z",
        "session_data": "NjlhYmFiNGUwZDFmYzQ5YzMxMDY2ZjhkZDFlM2E3ZDJmYmRkYzU1YTp7Il9hdXRoX3VzZXJfaGFzaCI6IjI2MzBhYTc4NjFmZmNiMDRkYTdmZmNkM2M2MjIyNGViNGNhZDUxODAiLCJfYXV0aF91c2VyX2JhY2tlbmQiOiJkamFuZ28uY29udHJpYi5hdXRoLmJhY2tlbmRzLk1vZGVsQmFja2VuZCIsIl9hdXRoX3VzZXJfaWQiOjF9"
    },
    "model": "sessions.session",
    "pk": "bhw9zeymru16umzt8nnq5bbbd0tsimyt"
},
{
    "fields": {
        "expire_date": "2016-06-21T18:21:58.155Z",
        "session_data": "NjlhYmFiNGUwZDFmYzQ5YzMxMDY2ZjhkZDFlM2E3ZDJmYmRkYzU1YTp7Il9hdXRoX3VzZXJfaGFzaCI6IjI2MzBhYTc4NjFmZmNiMDRkYTdmZmNkM2M2MjIyNGViNGNhZDUxODAiLCJfYXV0aF91c2VyX2JhY2tlbmQiOiJkamFuZ28uY29udHJpYi5hdXRoLmJhY2tlbmRzLk1vZGVsQmFja2VuZCIsIl9hdXRoX3VzZXJfaWQiOjF9"
    },
    "model": "sessions.session",
    "pk": "cmm7jtaeqw68hfmm7y139moanntqx11v"
},
{
    "fields": {
        "expire_date": "2016-06-17T21:31:04.306Z",
        "session_data": "ZjRlMWI5OTgxZDA3OTlmNzczNjgxOTg0YjMyMmFhM2NiNmJiNzE5MDp7fQ=="
    },
    "model": "sessions.session",
    "pk": "gwtdxzftz65ckpclx5d390dooccgua0j"
},
{
    "fields": {
        "expire_date": "2016-06-21T17:59:27.736Z",
        "session_data": "ZjRlMWI5OTgxZDA3OTlmNzczNjgxOTg0YjMyMmFhM2NiNmJiNzE5MDp7fQ=="
    },
    "model": "sessions.session",
    "pk": "hnhamfls5856tzvgkhmbym7pjsia4guj"
},
{
    "fields": {
        "expire_date": "2016-06-21T18:17:10.657Z",
        "session_data": "ZjRlMWI5OTgxZDA3OTlmNzczNjgxOTg0YjMyMmFhM2NiNmJiNzE5MDp7fQ=="
    },
    "model": "sessions.session",
    "pk": "ht56qkmcfeuln35ea8gxn4rvjt6lx6xj"
},
{
    "fields": {
        "expire_date": "2016-06-21T18:17:10.664Z",
        "session_data": "ZjRlMWI5OTgxZDA3OTlmNzczNjgxOTg0YjMyMmFhM2NiNmJiNzE5MDp7fQ=="
    },
    "model": "sessions.session",
    "pk": "iybag6nyp90s8ify7it3ho6l401eimvz"
},
{
    "fields": {
        "expire_date": "2016-06-21T18:21:37.563Z",
        "session_data": "ZjRlMWI5OTgxZDA3OTlmNzczNjgxOTg0YjMyMmFhM2NiNmJiNzE5MDp7fQ=="
    },
    "model": "sessions.session",
    "pk": "jkwz6wglubemdqzovkxym4gwysxkj587"
},
{
    "fields": {
        "expire_date": "2016-06-21T18:17:26.217Z",
        "session_data": "NjlhYmFiNGUwZDFmYzQ5YzMxMDY2ZjhkZDFlM2E3ZDJmYmRkYzU1YTp7Il9hdXRoX3VzZXJfaGFzaCI6IjI2MzBhYTc4NjFmZmNiMDRkYTdmZmNkM2M2MjIyNGViNGNhZDUxODAiLCJfYXV0aF91c2VyX2JhY2tlbmQiOiJkamFuZ28uY29udHJpYi5hdXRoLmJhY2tlbmRzLk1vZGVsQmFja2VuZCIsIl9hdXRoX3VzZXJfaWQiOjF9"
    },
    "model": "sessions.session",
    "pk": "kgaak8r3acm1x68ldcsfgqmwn6pmc90s"
},
{
    "fields": {
        "expire_date": "2016-06-17T21:31:04.309Z",
        "session_data": "ZjRlMWI5OTgxZDA3OTlmNzczNjgxOTg0YjMyMmFhM2NiNmJiNzE5MDp7fQ=="
    },
    "model": "sessions.session",
    "pk": "kuvm9t6c0qcxnn62t8wriuao54zi9tjj"
},
{
    "fields": {
        "expire_date": "2016-05-24T18:07:17.192Z",
        "session_data": "ZjRlMWI5OTgxZDA3OTlmNzczNjgxOTg0YjMyMmFhM2NiNmJiNzE5MDp7fQ=="
    },
    "model": "sessions.session",
    "pk": "tq9ltltkph4293uyzjaarhi9cx7u1g5c"
},
{
    "fields": {
        "expire_date": "2016-06-21T18:40:27.403Z",
        "session_data": "NjlhYmFiNGUwZDFmYzQ5YzMxMDY2ZjhkZDFlM2E3ZDJmYmRkYzU1YTp7Il9hdXRoX3VzZXJfaGFzaCI6IjI2MzBhYTc4NjFmZmNiMDRkYTdmZmNkM2M2MjIyNGViNGNhZDUxODAiLCJfYXV0aF91c2VyX2JhY2tlbmQiOiJkamFuZ28uY29udHJpYi5hdXRoLmJhY2tlbmRzLk1vZGVsQmFja2VuZCIsIl9hdXRoX3VzZXJfaWQiOjF9"
    },
    "model": "sessions.session",
    "pk": "uzvaqcp6ch2f773t8p3538uz5be9ttdk"
},
{
    "fields": {
        "expire_date": "2016-06-21T18:40:16.242Z",
        "session_data": "ZjRlMWI5OTgxZDA3OTlmNzczNjgxOTg0YjMyMmFhM2NiNmJiNzE5MDp7fQ=="
    },
    "model": "sessions.session",
    "pk": "v7nur8iwdshnykn57ejcdtkl94uezez5"
},
{
    "fields": {
        "expire_date": "2016-06-21T18:40:17.410Z",
        "session_data": "ZjRlMWI5OTgxZDA3OTlmNzczNjgxOTg0YjMyMmFhM2NiNmJiNzE5MDp7fQ=="
    },
    "model": "sessions.session",
    "pk": "vj16m5h3o7ozqe1akb3ogc44hejnlwoq"
},
{
    "fields": {
        "expire_date": "2016-06-21T18:21:37.560Z",
        "session_data": "ZjRlMWI5OTgxZDA3OTlmNzczNjgxOTg0YjMyMmFhM2NiNmJiNzE5MDp7fQ=="
    },
    "model": "sessions.session",
    "pk": "wg6ncmmb36lmqwn3ppmgc075y104bbyd"
},
{
    "fields": {
        "expire_date": "2016-06-02T17:50:15.629Z",
        "session_data": "ZjRlMWI5OTgxZDA3OTlmNzczNjgxOTg0YjMyMmFhM2NiNmJiNzE5MDp7fQ=="
    },
    "model": "sessions.session",
    "pk": "xmiqpv8h2x8nafmy757fy44tfnthgpih"
},
{
    "fields": {
        "expire_date": "2016-06-01T22:35:32.534Z",
        "session_data": "NjlhYmFiNGUwZDFmYzQ5YzMxMDY2ZjhkZDFlM2E3ZDJmYmRkYzU1YTp7Il9hdXRoX3VzZXJfaGFzaCI6IjI2MzBhYTc4NjFmZmNiMDRkYTdmZmNkM2M2MjIyNGViNGNhZDUxODAiLCJfYXV0aF91c2VyX2JhY2tlbmQiOiJkamFuZ28uY29udHJpYi5hdXRoLmJhY2tlbmRzLk1vZGVsQmFja2VuZCIsIl9hdXRoX3VzZXJfaWQiOjF9"
    },
    "model": "sessions.session",
    "pk": "z2s65ptsxgia9bd4h6twlejdr9kszvlq"
},
{
    "fields": {
        "graph_ui": "{\"graph\": \"G1\", \"nodes\": [{\"index\": 0, \"reflexive\": false, \"weight\": 3, \"px\": 142, \"py\": 329, \"y\": 329, \"x\": 142, \"id\": 1}, {\"index\": 1, \"reflexive\": false, \"weight\": 3, \"px\": 172, \"py\": 220, \"y\": 220, \"x\": 172, \"id\": 2}, {\"index\": 2, \"reflexive\": false, \"weight\": 4, \"px\": 220, \"py\": 271, \"y\": 271, \"x\": 220, \"id\": 3}, {\"index\": 3, \"reflexive\": false, \"weight\": 3, \"px\": 267, \"py\": 322, \"y\": 322, \"x\": 267, \"id\": 4}, {\"index\": 4, \"reflexive\": false, \"weight\": 3, \"px\": 295, \"py\": 236, \"y\": 236, \"x\": 295, \"id\": 5}], \"game\": \"game\", \"links\": [{\"id\": \"b8af5ca9f455dfc1431f3e48f2909b20\", \"source\": {\"index\": 0, \"reflexive\": false, \"weight\": 3, \"px\": 142, \"py\": 329, \"y\": 329, \"x\": 142, \"id\": 1}, \"right\": true, \"target\": {\"index\": 1, \"reflexive\": false, \"weight\": 3, \"px\": 172, \"py\": 220, \"y\": 220, \"x\": 172, \"id\": 2}, \"left\": false}, {\"id\": \"15d5b2d4077ba1c1c7a8b9da32d0f491\", \"source\": {\"index\": 1, \"reflexive\": false, \"weight\": 3, \"px\": 172, \"py\": 220, \"y\": 220, \"x\": 172, \"id\": 2}, \"right\": true, \"target\": {\"index\": 4, \"reflexive\": false, \"weight\": 3, \"px\": 295, \"py\": 236, \"y\": 236, \"x\": 295, \"id\": 5}, \"left\": false}, {\"id\": \"2086d94e769128b4d59070a812d82d7e\", \"source\": {\"index\": 0, \"reflexive\": false, \"weight\": 3, \"px\": 142, \"py\": 329, \"y\": 329, \"x\": 142, \"id\": 1}, \"right\": true, \"target\": {\"index\": 2, \"reflexive\": false, \"weight\": 4, \"px\": 220, \"py\": 271, \"y\": 271, \"x\": 220, \"id\": 3}, \"left\": false}, {\"id\": \"6888d69a849beb037eb65162d07c109b\", \"source\": {\"index\": 1, \"reflexive\": false, \"weight\": 3, \"px\": 172, \"py\": 220, \"y\": 220, \"x\": 172, \"id\": 2}, \"right\": false, \"target\": {\"index\": 2, \"reflexive\": false, \"weight\": 4, \"px\": 220, \"py\": 271, \"y\": 271, \"x\": 220, \"id\": 3}, \"left\": true}, {\"id\": \"14ed87765aa056ff8cb1e83d81c0687a\", \"source\": {\"index\": 2, \"reflexive\": false, \"weight\": 4, \"px\": 220, \"py\": 271, \"y\": 271, \"x\": 220, \"id\": 3}, \"right\": true, \"target\": {\"index\": 3, \"reflexive\": false, \"weight\": 3, \"px\": 267, \"py\": 322, \"y\": 322, \"x\": 267, \"id\": 4}, \"left\": false}, {\"id\": \"78e39c0f59da82a7a22bba66313522c9\", \"source\": {\"index\": 2, \"reflexive\": false, \"weight\": 4, \"px\": 220, \"py\": 271, \"y\": 271, \"x\": 220, \"id\": 3}, \"right\": true, \"target\": {\"index\": 4, \"reflexive\": false, \"weight\": 3, \"px\": 295, \"py\": 236, \"y\": 236, \"x\": 295, \"id\": 5}, \"left\": false}, {\"id\": \"3b3ab5ec5058bbd217a561db8622eac9\", \"source\": {\"index\": 0, \"reflexive\": false, \"weight\": 3, \"px\": 142, \"py\": 329, \"y\": 329, \"x\": 142, \"id\": 1}, \"right\": true, \"target\": {\"index\": 3, \"reflexive\": false, \"weight\": 3, \"px\": 267, \"py\": 322, \"y\": 322, \"x\": 267, \"id\": 4}, \"left\": false}, {\"id\": \"1d944abe70c94c1fdcec9b10637fe552\", \"source\": {\"index\": 3, \"reflexive\": false, \"weight\": 3, \"px\": 267, \"py\": 322, \"y\": 322, \"x\": 267, \"id\": 4}, \"right\": true, \"target\": {\"index\": 4, \"reflexive\": false, \"weight\": 3, \"px\": 295, \"py\": 236, \"y\": 236, \"x\": 295, \"id\": 5}, \"left\": false}]}"
    },
    "model": "graph.graph",
    "pk": "G1"
},
{
    "fields": {
        "graph_ui": "{\"graph\": \"G2\", \"nodes\": [{\"index\": 0, \"reflexive\": false, \"weight\": 2, \"px\": 110, \"py\": 387, \"y\": 387, \"x\": 110, \"id\": 1}, {\"index\": 1, \"reflexive\": false, \"weight\": 3, \"px\": 181, \"py\": 354, \"y\": 354, \"x\": 181, \"id\": 2}, {\"index\": 2, \"reflexive\": false, \"weight\": 2, \"px\": 259, \"py\": 310, \"y\": 310, \"x\": 259, \"id\": 3}, {\"index\": 3, \"reflexive\": false, \"weight\": 3, \"px\": 173, \"py\": 254, \"y\": 254, \"x\": 173, \"id\": 4}], \"game\": \"game\", \"links\": [{\"id\": \"0bb3b823f09321e554b54996f3d11bfa\", \"source\": {\"index\": 0, \"reflexive\": false, \"weight\": 2, \"px\": 110, \"py\": 387, \"y\": 387, \"x\": 110, \"id\": 1}, \"right\": true, \"target\": {\"index\": 3, \"reflexive\": false, \"weight\": 3, \"px\": 173, \"py\": 254, \"y\": 254, \"x\": 173, \"id\": 4}, \"left\": false}, {\"id\": \"bf34f6de6b06aedea7c9fd9c891fd2ce\", \"source\": {\"index\": 0, \"reflexive\": false, \"weight\": 2, \"px\": 110, \"py\": 387, \"y\": 387, \"x\": 110, \"id\": 1}, \"right\": true, \"target\": {\"index\": 1, \"reflexive\": false, \"weight\": 3, \"px\": 181, \"py\": 354, \"y\": 354, \"x\": 181, \"id\": 2}, \"left\": false}, {\"id\": \"8af08e52c41cfbd75975d41650d49c7d\", \"source\": {\"index\": 1, \"reflexive\": false, \"weight\": 3, \"px\": 181, \"py\": 354, \"y\": 354, \"x\": 181, \"id\": 2}, \"right\": true, \"target\": {\"index\": 3, \"reflexive\": false, \"weight\": 3, \"px\": 173, \"py\": 254, \"y\": 254, \"x\": 173, \"id\": 4}, \"left\": false}, {\"id\": \"c896d01c10c6fda5753d098a02008fd7\", \"source\": {\"index\": 1, \"reflexive\": false, \"weight\": 3, \"px\": 181, \"py\": 354, \"y\": 354, \"x\": 181, \"id\": 2}, \"right\": true, \"target\": {\"index\": 2, \"reflexive\": false, \"weight\": 2, \"px\": 259, \"py\": 310, \"y\": 310, \"x\": 259, \"id\": 3}, \"left\": false}, {\"id\": \"d0c8e9e9d0a8c61ca5556e881eaa6f62\", \"source\": {\"index\": 2, \"reflexive\": false, \"weight\": 2, \"px\": 259, \"py\": 310, \"y\": 310, \"x\": 259, \"id\": 3}, \"right\": true, \"target\": {\"index\": 3, \"reflexive\": false, \"weight\": 3, \"px\": 173, \"py\": 254, \"y\": 254, \"x\": 173, \"id\": 4}, \"left\": false}]}"
    },
    "model": "graph.graph",
    "pk": "G2"
},
{
    "fields": {
        "graph_ui": "{\"graph\": \"G3\", \"nodes\": [{\"index\": 0, \"reflexive\": false, \"weight\": 4, \"px\": 156, \"py\": 352, \"y\": 352, \"x\": 156, \"id\": 1}, {\"index\": 1, \"reflexive\": false, \"weight\": 3, \"px\": 167, \"py\": 253, \"y\": 253, \"x\": 167, \"id\": 2}, {\"index\": 2, \"reflexive\": false, \"weight\": 5, \"px\": 224, \"py\": 304, \"y\": 304, \"x\": 224, \"id\": 3}, {\"index\": 3, \"reflexive\": false, \"weight\": 5, \"px\": 266, \"py\": 346, \"y\": 346, \"x\": 266, \"id\": 4}, {\"index\": 4, \"reflexive\": false, \"weight\": 3, \"px\": 313, \"py\": 386, \"y\": 386, \"x\": 313, \"id\": 5}, {\"index\": 5, \"reflexive\": false, \"weight\": 2, \"px\": 242, \"py\": 233, \"y\": 233, \"x\": 242, \"id\": 6}, {\"index\": 6, \"reflexive\": false, \"weight\": 2, \"px\": 286, \"py\": 273, \"y\": 273, \"x\": 286, \"id\": 7}, {\"index\": 7, \"reflexive\": false, \"weight\": 2, \"px\": 340, \"py\": 318, \"y\": 318, \"x\": 340, \"id\": 8}], \"game\": \"game\", \"links\": [{\"id\": \"ac729eb7e8d9a3cda1591a0f98a0dafd\", \"source\": {\"index\": 0, \"reflexive\": false, \"weight\": 4, \"px\": 156, \"py\": 352, \"y\": 352, \"x\": 156, \"id\": 1}, \"right\": true, \"target\": {\"index\": 1, \"reflexive\": false, \"weight\": 3, \"px\": 167, \"py\": 253, \"y\": 253, \"x\": 167, \"id\": 2}, \"left\": false}, {\"id\": \"2e3a7d493d77394142a274bd7b64787f\", \"source\": {\"index\": 1, \"reflexive\": false, \"weight\": 3, \"px\": 167, \"py\": 253, \"y\": 253, \"x\": 167, \"id\": 2}, \"right\": true, \"target\": {\"index\": 5, \"reflexive\": false, \"weight\": 2, \"px\": 242, \"py\": 233, \"y\": 233, \"x\": 242, \"id\": 6}, \"left\": false}, {\"id\": \"d386aa3687af96457698e291aff6dcc5\", \"source\": {\"index\": 0, \"reflexive\": false, \"weight\": 4, \"px\": 156, \"py\": 352, \"y\": 352, \"x\": 156, \"id\": 1}, \"right\": true, \"target\": {\"index\": 2, \"reflexive\": false, \"weight\": 5, \"px\": 224, \"py\": 304, \"y\": 304, \"x\": 224, \"id\": 3}, \"left\": false}, {\"id\": \"af0ad75f219a2eae1aa3398a8f49797b\", \"source\": {\"index\": 2, \"reflexive\": false, \"weight\": 5, \"px\": 224, \"py\": 304, \"y\": 304, \"x\": 224, \"id\": 3}, \"right\": true, \"target\": {\"index\": 5, \"reflexive\": false, \"weight\": 2, \"px\": 242, \"py\": 233, \"y\": 233, \"x\": 242, \"id\": 6}, \"left\": false}, {\"id\": \"0bbd8bae91447e7518a1a3726267c034\", \"source\": {\"index\": 1, \"reflexive\": false, \"weight\": 3, \"px\": 167, \"py\": 253, \"y\": 253, \"x\": 167, \"id\": 2}, \"right\": false, \"target\": {\"index\": 2, \"reflexive\": false, \"weight\": 5, \"px\": 224, \"py\": 304, \"y\": 304, \"x\": 224, \"id\": 3}, \"left\": true}, {\"id\": \"1bc908609d7d11aa5ba7b65bd9e30367\", \"source\": {\"index\": 2, \"reflexive\": false, \"weight\": 5, \"px\": 224, \"py\": 304, \"y\": 304, \"x\": 224, \"id\": 3}, \"right\": true, \"target\": {\"index\": 6, \"reflexive\": false, \"weight\": 2, \"px\": 286, \"py\": 273, \"y\": 273, \"x\": 286, \"id\": 7}, \"left\": false}, {\"id\": \"6675639d0ac371e87fd33c3488a306e1\", \"source\": {\"index\": 0, \"reflexive\": false, \"weight\": 4, \"px\": 156, \"py\": 352, \"y\": 352, \"x\": 156, \"id\": 1}, \"right\": true, \"target\": {\"index\": 3, \"reflexive\": false, \"weight\": 5, \"px\": 266, \"py\": 346, \"y\": 346, \"x\": 266, \"id\": 4}, \"left\": false}, {\"id\": \"a7aa0a8c05d6107063d02ab533410711\", \"source\": {\"index\": 2, \"reflexive\": false, \"weight\": 5, \"px\": 224, \"py\": 304, \"y\": 304, \"x\": 224, \"id\": 3}, \"right\": false, \"target\": {\"index\": 3, \"reflexive\": false, \"weight\": 5, \"px\": 266, \"py\": 346, \"y\": 346, \"x\": 266, \"id\": 4}, \"left\": true}, {\"id\": \"bbc56d2ed69aa0ea7707541f44476710\", \"source\": {\"index\": 3, \"reflexive\": false, \"weight\": 5, \"px\": 266, \"py\": 346, \"y\": 346, \"x\": 266, \"id\": 4}, \"right\": true, \"target\": {\"index\": 6, \"reflexive\": false, \"weight\": 2, \"px\": 286, \"py\": 273, \"y\": 273, \"x\": 286, \"id\": 7}, \"left\": false}, {\"id\": \"6801ec32d7992cfa9fa428b31f1a4d70\", \"source\": {\"index\": 0, \"reflexive\": false, \"weight\": 4, \"px\": 156, \"py\": 352, \"y\": 352, \"x\": 156, \"id\": 1}, \"right\": true, \"target\": {\"index\": 4, \"reflexive\": false, \"weight\": 3, \"px\": 313, \"py\": 386, \"y\": 386, \"x\": 313, \"id\": 5}, \"left\": false}, {\"id\": \"a90ea3884c8c6c53ab13f7d0d16fb8ed\", \"source\": {\"index\": 4, \"reflexive\": false, \"weight\": 3, \"px\": 313, \"py\": 386, \"y\": 386, \"x\": 313, \"id\": 5}, \"right\": true, \"target\": {\"index\": 7, \"reflexive\": false, \"weight\": 2, \"px\": 340, \"py\": 318, \"y\": 318, \"x\": 340, \"id\": 8}, \"left\": false}, {\"id\": \"256235b6f3a605540e07ff649c8c194e\", \"source\": {\"index\": 3, \"reflexive\": false, \"weight\": 5, \"px\": 266, \"py\": 346, \"y\": 346, \"x\": 266, \"id\": 4}, \"right\": true, \"target\": {\"index\": 7, \"reflexive\": false, \"weight\": 2, \"px\": 340, \"py\": 318, \"y\": 318, \"x\": 340, \"id\": 8}, \"left\": false}, {\"id\": \"ec4fd8971ab91698227fffb719d43c5e\", \"source\": {\"index\": 3, \"reflexive\": false, \"weight\": 5, \"px\": 266, \"py\": 346, \"y\": 346, \"x\": 266, \"id\": 4}, \"right\": false, \"target\": {\"index\": 4, \"reflexive\": false, \"weight\": 3, \"px\": 313, \"py\": 386, \"y\": 386, \"x\": 313, \"id\": 5}, \"left\": true}]}"
    },
    "model": "graph.graph",
    "pk": "G3"
},
{
    "fields": {
        "graph_ui": "{\"graph\": \"Test_G1\", \"nodes\": [{\"index\": 0, \"reflexive\": false, \"weight\": 2, \"px\": 152, \"py\": 357, \"y\": 357, \"x\": 152, \"id\": 1}, {\"index\": 1, \"reflexive\": false, \"weight\": 2, \"px\": 325, \"py\": 356, \"y\": 356, \"x\": 325, \"id\": 2}, {\"index\": 2, \"reflexive\": false, \"weight\": 2, \"px\": 539, \"py\": 358, \"y\": 358, \"x\": 539, \"id\": 3}, {\"index\": 3, \"reflexive\": false, \"weight\": 4, \"px\": 235, \"py\": 279, \"y\": 279, \"x\": 235, \"id\": 4}, {\"index\": 4, \"reflexive\": false, \"weight\": 5, \"px\": 456, \"py\": 280, \"y\": 280, \"x\": 456, \"id\": 5}, {\"index\": 5, \"reflexive\": false, \"weight\": 3, \"px\": 571, \"py\": 211, \"y\": 211, \"x\": 571, \"id\": 6}, {\"index\": 6, \"reflexive\": false, \"weight\": 3, \"px\": 450, \"py\": 134, \"y\": 134, \"x\": 450, \"id\": 7}, {\"index\": 7, \"reflexive\": false, \"weight\": 5, \"px\": 247, \"py\": 139, \"y\": 139, \"x\": 247, \"id\": 8}, {\"index\": 8, \"reflexive\": false, \"weight\": 3, \"px\": 130, \"py\": 240, \"y\": 240, \"x\": 130, \"id\": 9}, {\"index\": 9, \"reflexive\": false, \"weight\": 2, \"px\": 127, \"py\": 46, \"y\": 46, \"x\": 127, \"id\": 10}, {\"index\": 10, \"reflexive\": false, \"weight\": 2, \"px\": 359, \"py\": 35, \"y\": 35, \"x\": 359, \"id\": 11}, {\"index\": 11, \"reflexive\": false, \"weight\": 3, \"px\": 578, \"py\": 39, \"y\": 39, \"x\": 578, \"id\": 12}], \"game\": \"game\", \"links\": [{\"id\": \"f71e1f71e42a9f2853021cdcaa2895f7\", \"source\": {\"index\": 0, \"reflexive\": false, \"weight\": 2, \"px\": 152, \"py\": 357, \"y\": 357, \"x\": 152, \"id\": 1}, \"right\": true, \"target\": {\"index\": 3, \"reflexive\": false, \"weight\": 4, \"px\": 235, \"py\": 279, \"y\": 279, \"x\": 235, \"id\": 4}, \"left\": false}, {\"id\": \"90eec74a6d409b742abd0f229fe05b54\", \"source\": {\"index\": 1, \"reflexive\": false, \"weight\": 2, \"px\": 325, \"py\": 356, \"y\": 356, \"x\": 325, \"id\": 2}, \"right\": true, \"target\": {\"index\": 3, \"reflexive\": false, \"weight\": 4, \"px\": 235, \"py\": 279, \"y\": 279, \"x\": 235, \"id\": 4}, \"left\": false}, {\"id\": \"b793f799c884ea821d9799eb74fdedf4\", \"source\": {\"index\": 3, \"reflexive\": false, \"weight\": 4, \"px\": 235, \"py\": 279, \"y\": 279, \"x\": 235, \"id\": 4}, \"right\": true, \"target\": {\"index\": 7, \"reflexive\": false, \"weight\": 5, \"px\": 247, \"py\": 139, \"y\": 139, \"x\": 247, \"id\": 8}, \"left\": false}, {\"id\": \"039f4896252a3521324bb00024822642\", \"source\": {\"index\": 0, \"reflexive\": false, \"weight\": 2, \"px\": 152, \"py\": 357, \"y\": 357, \"x\": 152, \"id\": 1}, \"right\": true, \"target\": {\"index\": 8, \"reflexive\": false, \"weight\": 3, \"px\": 130, \"py\": 240, \"y\": 240, \"x\": 130, \"id\": 9}, \"left\": false}, {\"id\": \"4c8a96ca521b0f3562d661ca030f2347\", \"source\": {\"index\": 3, \"reflexive\": false, \"weight\": 4, \"px\": 235, \"py\": 279, \"y\": 279, \"x\": 235, \"id\": 4}, \"right\": false, \"target\": {\"index\": 8, \"reflexive\": false, \"weight\": 3, \"px\": 130, \"py\": 240, \"y\": 240, \"x\": 130, \"id\": 9}, \"left\": true}, {\"id\": \"071db54a99df7cc86ac341ccc8b4e7b1\", \"source\": {\"index\": 8, \"reflexive\": false, \"weight\": 3, \"px\": 130, \"py\": 240, \"y\": 240, \"x\": 130, \"id\": 9}, \"right\": true, \"target\": {\"index\": 9, \"reflexive\": false, \"weight\": 2, \"px\": 127, \"py\": 46, \"y\": 46, \"x\": 127, \"id\": 10}, \"left\": false}, {\"id\": \"38ea828e9fdaa01320ba7c8e7aa9cf64\", \"source\": {\"index\": 7, \"reflexive\": false, \"weight\": 5, \"px\": 247, \"py\": 139, \"y\": 139, \"x\": 247, \"id\": 8}, \"right\": true, \"target\": {\"index\": 9, \"reflexive\": false, \"weight\": 2, \"px\": 127, \"py\": 46, \"y\": 46, \"x\": 127, \"id\": 10}, \"left\": false}, {\"id\": \"15d89ffe5cc4e6e84685f1ba2c1edef4\", \"source\": {\"index\": 7, \"reflexive\": false, \"weight\": 5, \"px\": 247, \"py\": 139, \"y\": 139, \"x\": 247, \"id\": 8}, \"right\": true, \"target\": {\"index\": 10, \"reflexive\": false, \"weight\": 2, \"px\": 359, \"py\": 35, \"y\": 35, \"x\": 359, \"id\": 11}, \"left\": false}, {\"id\": \"b3ddceabc9b64a04750df6f0ddd958ca\", \"source\": {\"index\": 6, \"reflexive\": false, \"weight\": 3, \"px\": 450, \"py\": 134, \"y\": 134, \"x\": 450, \"id\": 7}, \"right\": false, \"target\": {\"index\": 7, \"reflexive\": false, \"weight\": 5, \"px\": 247, \"py\": 139, \"y\": 139, \"x\": 247, \"id\": 8}, \"left\": true}, {\"id\": \"c2f4a123060ab3faeec0db186e731654\", \"source\": {\"index\": 6, \"reflexive\": false, \"weight\": 3, \"px\": 450, \"py\": 134, \"y\": 134, \"x\": 450, \"id\": 7}, \"right\": true, \"target\": {\"index\": 11, \"reflexive\": false, \"weight\": 3, \"px\": 578, \"py\": 39, \"y\": 39, \"x\": 578, \"id\": 12}, \"left\": false}, {\"id\": \"488eb98fa3aceef635fc68d4e72a5577\", \"source\": {\"index\": 10, \"reflexive\": false, \"weight\": 2, \"px\": 359, \"py\": 35, \"y\": 35, \"x\": 359, \"id\": 11}, \"right\": false, \"target\": {\"index\": 11, \"reflexive\": false, \"weight\": 3, \"px\": 578, \"py\": 39, \"y\": 39, \"x\": 578, \"id\": 12}, \"left\": true}, {\"id\": \"89d37d2280e5350b33600467bff6600e\", \"source\": {\"index\": 5, \"reflexive\": false, \"weight\": 3, \"px\": 571, \"py\": 211, \"y\": 211, \"x\": 571, \"id\": 6}, \"right\": true, \"target\": {\"index\": 11, \"reflexive\": false, \"weight\": 3, \"px\": 578, \"py\": 39, \"y\": 39, \"x\": 578, \"id\": 12}, \"left\": false}, {\"id\": \"2da8c2aaf1d6f8bf07627d320506ad66\", \"source\": {\"index\": 4, \"reflexive\": false, \"weight\": 5, \"px\": 456, \"py\": 280, \"y\": 280, \"x\": 456, \"id\": 5}, \"right\": true, \"target\": {\"index\": 5, \"reflexive\": false, \"weight\": 3, \"px\": 571, \"py\": 211, \"y\": 211, \"x\": 571, \"id\": 6}, \"left\": false}, {\"id\": \"cf2dc8f347bed45f6980a754e4fd8d11\", \"source\": {\"index\": 4, \"reflexive\": false, \"weight\": 5, \"px\": 456, \"py\": 280, \"y\": 280, \"x\": 456, \"id\": 5}, \"right\": true, \"target\": {\"index\": 6, \"reflexive\": false, \"weight\": 3, \"px\": 450, \"py\": 134, \"y\": 134, \"x\": 450, \"id\": 7}, \"left\": false}, {\"id\": \"78295cf8a3800f9107ac523aa58191ce\", \"source\": {\"index\": 1, \"reflexive\": false, \"weight\": 2, \"px\": 325, \"py\": 356, \"y\": 356, \"x\": 325, \"id\": 2}, \"right\": true, \"target\": {\"index\": 4, \"reflexive\": false, \"weight\": 5, \"px\": 456, \"py\": 280, \"y\": 280, \"x\": 456, \"id\": 5}, \"left\": false}, {\"id\": \"f6b3e4c9057ea8e3516b3eb786129e46\", \"source\": {\"index\": 4, \"reflexive\": false, \"weight\": 5, \"px\": 456, \"py\": 280, \"y\": 280, \"x\": 456, \"id\": 5}, \"right\": true, \"target\": {\"index\": 7, \"reflexive\": false, \"weight\": 5, \"px\": 247, \"py\": 139, \"y\": 139, \"x\": 247, \"id\": 8}, \"left\": false}, {\"id\": \"1cf2945c7faa6df7dedc6a75741be7dd\", \"source\": {\"index\": 2, \"reflexive\": false, \"weight\": 2, \"px\": 539, \"py\": 358, \"y\": 358, \"x\": 539, \"id\": 3}, \"right\": true, \"target\": {\"index\": 4, \"reflexive\": false, \"weight\": 5, \"px\": 456, \"py\": 280, \"y\": 280, \"x\": 456, \"id\": 5}, \"left\": false}, {\"id\": \"de6d20f4d05353fca8a137d2eef27215\", \"source\": {\"index\": 2, \"reflexive\": false, \"weight\": 2, \"px\": 539, \"py\": 358, \"y\": 358, \"x\": 539, \"id\": 3}, \"right\": true, \"target\": {\"index\": 5, \"reflexive\": false, \"weight\": 3, \"px\": 571, \"py\": 211, \"y\": 211, \"x\": 571, \"id\": 6}, \"left\": false}]}"
    },
    "model": "graph.graph",
    "pk": "Test_G1"
},
{
    "fields": {
        "graph_ui": "{\"graph\": \"Test_G2\", \"nodes\": [{\"index\": 0, \"reflexive\": false, \"weight\": 1, \"px\": 156, \"py\": 394, \"y\": 394, \"x\": 156, \"id\": 1}, {\"index\": 1, \"reflexive\": false, \"weight\": 1, \"px\": 287, \"py\": 394, \"y\": 394, \"x\": 287, \"id\": 2}, {\"index\": 2, \"reflexive\": false, \"weight\": 5, \"px\": 228, \"py\": 327, \"y\": 327, \"x\": 228, \"id\": 3}, {\"index\": 3, \"reflexive\": false, \"weight\": 2, \"px\": 137, \"py\": 324, \"y\": 324, \"x\": 137, \"id\": 4}, {\"index\": 4, \"reflexive\": false, \"weight\": 2, \"px\": 359, \"py\": 328, \"y\": 328, \"x\": 359, \"id\": 5}, {\"index\": 5, \"reflexive\": false, \"weight\": 6, \"px\": 234, \"py\": 239, \"y\": 239, \"x\": 234, \"id\": 6}, {\"index\": 6, \"reflexive\": false, \"weight\": 2, \"px\": 138, \"py\": 194, \"y\": 194, \"x\": 138, \"id\": 7}, {\"index\": 7, \"reflexive\": false, \"weight\": 4, \"px\": 226, \"py\": 147, \"y\": 147, \"x\": 226, \"id\": 8}, {\"index\": 8, \"reflexive\": false, \"weight\": 1, \"px\": 319, \"py\": 77, \"y\": 77, \"x\": 319, \"id\": 9}, {\"index\": 9, \"reflexive\": false, \"weight\": 2, \"px\": 107, \"py\": 99, \"y\": 99, \"x\": 107, \"id\": 10}, {\"index\": 10, \"reflexive\": false, \"weight\": 2, \"px\": 413, \"py\": 119, \"y\": 119, \"x\": 413, \"id\": 11}], \"game\": \"game\", \"links\": [{\"id\": \"ee13aa47169366f0550bbae4d005fbaf\", \"source\": {\"index\": 0, \"reflexive\": false, \"weight\": 1, \"px\": 156, \"py\": 394, \"y\": 394, \"x\": 156, \"id\": 1}, \"right\": true, \"target\": {\"index\": 2, \"reflexive\": false, \"weight\": 5, \"px\": 228, \"py\": 327, \"y\": 327, \"x\": 228, \"id\": 3}, \"left\": false}, {\"id\": \"e4aa378ba67ca2a9ca059050e58da7d1\", \"source\": {\"index\": 1, \"reflexive\": false, \"weight\": 1, \"px\": 287, \"py\": 394, \"y\": 394, \"x\": 287, \"id\": 2}, \"right\": true, \"target\": {\"index\": 2, \"reflexive\": false, \"weight\": 5, \"px\": 228, \"py\": 327, \"y\": 327, \"x\": 228, \"id\": 3}, \"left\": false}, {\"id\": \"34e2a202f1cf48f46b4421c48c93f137\", \"source\": {\"index\": 2, \"reflexive\": false, \"weight\": 5, \"px\": 228, \"py\": 327, \"y\": 327, \"x\": 228, \"id\": 3}, \"right\": true, \"target\": {\"index\": 5, \"reflexive\": false, \"weight\": 6, \"px\": 234, \"py\": 239, \"y\": 239, \"x\": 234, \"id\": 6}, \"left\": false}, {\"id\": \"eb38f85c06a21fb732abd404b83adf48\", \"source\": {\"index\": 2, \"reflexive\": false, \"weight\": 5, \"px\": 228, \"py\": 327, \"y\": 327, \"x\": 228, \"id\": 3}, \"right\": true, \"target\": {\"index\": 3, \"reflexive\": false, \"weight\": 2, \"px\": 137, \"py\": 324, \"y\": 324, \"x\": 137, \"id\": 4}, \"left\": false}, {\"id\": \"f175cd6637d2ae26dba2efa90397bd13\", \"source\": {\"index\": 2, \"reflexive\": false, \"weight\": 5, \"px\": 228, \"py\": 327, \"y\": 327, \"x\": 228, \"id\": 3}, \"right\": true, \"target\": {\"index\": 4, \"reflexive\": false, \"weight\": 2, \"px\": 359, \"py\": 328, \"y\": 328, \"x\": 359, \"id\": 5}, \"left\": false}, {\"id\": \"0037c63662e8fd87ba38968c1d7c05b0\", \"source\": {\"index\": 4, \"reflexive\": false, \"weight\": 2, \"px\": 359, \"py\": 328, \"y\": 328, \"x\": 359, \"id\": 5}, \"right\": true, \"target\": {\"index\": 5, \"reflexive\": false, \"weight\": 6, \"px\": 234, \"py\": 239, \"y\": 239, \"x\": 234, \"id\": 6}, \"left\": false}, {\"id\": \"68976b93119156599f3996bcee85e9e4\", \"source\": {\"index\": 3, \"reflexive\": false, \"weight\": 2, \"px\": 137, \"py\": 324, \"y\": 324, \"x\": 137, \"id\": 4}, \"right\": true, \"target\": {\"index\": 5, \"reflexive\": false, \"weight\": 6, \"px\": 234, \"py\": 239, \"y\": 239, \"x\": 234, \"id\": 6}, \"left\": false}, {\"id\": \"f0c796cf99985893d507ee3ff923fab8\", \"source\": {\"index\": 5, \"reflexive\": false, \"weight\": 6, \"px\": 234, \"py\": 239, \"y\": 239, \"x\": 234, \"id\": 6}, \"right\": true, \"target\": {\"index\": 6, \"reflexive\": false, \"weight\": 2, \"px\": 138, \"py\": 194, \"y\": 194, \"x\": 138, \"id\": 7}, \"left\": false}, {\"id\": \"b220418c3ac32f8bb5a072ff2551efb2\", \"source\": {\"index\": 5, \"reflexive\": false, \"weight\": 6, \"px\": 234, \"py\": 239, \"y\": 239, \"x\": 234, \"id\": 6}, \"right\": true, \"target\": {\"index\": 7, \"reflexive\": false, \"weight\": 4, \"px\": 226, \"py\": 147, \"y\": 147, \"x\": 226, \"id\": 8}, \"left\": false}, {\"id\": \"18300d2f0a9d5564796cc8ad5b64b615\", \"source\": {\"index\": 7, \"reflexive\": false, \"weight\": 4, \"px\": 226, \"py\": 147, \"y\": 147, \"x\": 226, \"id\": 8}, \"right\": true, \"target\": {\"index\": 9, \"reflexive\": false, \"weight\": 2, \"px\": 107, \"py\": 99, \"y\": 99, \"x\": 107, \"id\": 10}, \"left\": false}, {\"id\": \"73265e0a78d493aa8f82ff28f97cec76\", \"source\": {\"index\": 6, \"reflexive\": false, \"weight\": 2, \"px\": 138, \"py\": 194, \"y\": 194, \"x\": 138, \"id\": 7}, \"right\": true, \"target\": {\"index\": 9, \"reflexive\": false, \"weight\": 2, \"px\": 107, \"py\": 99, \"y\": 99, \"x\": 107, \"id\": 10}, \"left\": false}, {\"id\": \"1dc62530bb95bfdffad5746da7bc86fc\", \"source\": {\"index\": 7, \"reflexive\": false, \"weight\": 4, \"px\": 226, \"py\": 147, \"y\": 147, \"x\": 226, \"id\": 8}, \"right\": true, \"target\": {\"index\": 8, \"reflexive\": false, \"weight\": 1, \"px\": 319, \"py\": 77, \"y\": 77, \"x\": 319, \"id\": 9}, \"left\": false}, {\"id\": \"bec888ae194a397f1769b65a11cae7f9\", \"source\": {\"index\": 5, \"reflexive\": false, \"weight\": 6, \"px\": 234, \"py\": 239, \"y\": 239, \"x\": 234, \"id\": 6}, \"right\": true, \"target\": {\"index\": 10, \"reflexive\": false, \"weight\": 2, \"px\": 413, \"py\": 119, \"y\": 119, \"x\": 413, \"id\": 11}, \"left\": false}, {\"id\": \"b0f71aae312740346e4f5c1d0af56bcf\", \"source\": {\"index\": 7, \"reflexive\": false, \"weight\": 4, \"px\": 226, \"py\": 147, \"y\": 147, \"x\": 226, \"id\": 8}, \"right\": true, \"target\": {\"index\": 10, \"reflexive\": false, \"weight\": 2, \"px\": 413, \"py\": 119, \"y\": 119, \"x\": 413, \"id\": 11}, \"left\": false}]}"
    },
    "model": "graph.graph",
    "pk": "Test_G2"
},
{
    "fields": {
        "graph_ui": "{\"graph\": \"Test_G3\", \"nodes\": [{\"index\": 0, \"reflexive\": false, \"weight\": 1, \"px\": 191, \"py\": 436, \"y\": 436, \"x\": 191, \"id\": 1}, {\"index\": 1, \"reflexive\": false, \"weight\": 3, \"px\": 193, \"py\": 370, \"y\": 370, \"x\": 193, \"id\": 2}, {\"index\": 2, \"reflexive\": false, \"weight\": 3, \"px\": 291, \"py\": 334, \"y\": 334, \"x\": 291, \"id\": 3}, {\"index\": 3, \"reflexive\": false, \"weight\": 3, \"px\": 400, \"py\": 279, \"y\": 279, \"x\": 400, \"id\": 4}, {\"index\": 4, \"reflexive\": false, \"weight\": 2, \"px\": 282, \"py\": 253, \"y\": 253, \"x\": 282, \"id\": 5}, {\"index\": 5, \"reflexive\": false, \"weight\": 4, \"px\": 189, \"py\": 171, \"y\": 171, \"x\": 189, \"id\": 6}, {\"index\": 6, \"reflexive\": false, \"weight\": 3, \"px\": 420, \"py\": 174, \"y\": 174, \"x\": 420, \"id\": 7}, {\"index\": 7, \"reflexive\": false, \"weight\": 3, \"px\": 399, \"py\": 69, \"y\": 69, \"x\": 399, \"id\": 8}, {\"index\": 8, \"reflexive\": false, \"weight\": 2, \"px\": 199, \"py\": 12, \"y\": 12, \"x\": 199, \"id\": 9}], \"game\": \"game\", \"links\": [{\"id\": \"d212ef407f9cec79283ddaf002d896fd\", \"source\": {\"index\": 0, \"reflexive\": false, \"weight\": 1, \"px\": 191, \"py\": 436, \"y\": 436, \"x\": 191, \"id\": 1}, \"right\": true, \"target\": {\"index\": 1, \"reflexive\": false, \"weight\": 3, \"px\": 193, \"py\": 370, \"y\": 370, \"x\": 193, \"id\": 2}, \"left\": false}, {\"id\": \"1893b8fe692af78780b6103b6e79b958\", \"source\": {\"index\": 1, \"reflexive\": false, \"weight\": 3, \"px\": 193, \"py\": 370, \"y\": 370, \"x\": 193, \"id\": 2}, \"right\": true, \"target\": {\"index\": 5, \"reflexive\": false, \"weight\": 4, \"px\": 189, \"py\": 171, \"y\": 171, \"x\": 189, \"id\": 6}, \"left\": false}, {\"id\": \"fd62c31e9a6c793e626f61828be91efa\", \"source\": {\"index\": 1, \"reflexive\": false, \"weight\": 3, \"px\": 193, \"py\": 370, \"y\": 370, \"x\": 193, \"id\": 2}, \"right\": true, \"target\": {\"index\": 2, \"reflexive\": false, \"weight\": 3, \"px\": 291, \"py\": 334, \"y\": 334, \"x\": 291, \"id\": 3}, \"left\": false}, {\"id\": \"9e2bdb29f43e10432f4dd0dcb88d1e69\", \"source\": {\"index\": 2, \"reflexive\": false, \"weight\": 3, \"px\": 291, \"py\": 334, \"y\": 334, \"x\": 291, \"id\": 3}, \"right\": true, \"target\": {\"index\": 4, \"reflexive\": false, \"weight\": 2, \"px\": 282, \"py\": 253, \"y\": 253, \"x\": 282, \"id\": 5}, \"left\": false}, {\"id\": \"b185d69ac36af3d47d64038d8aa3eda0\", \"source\": {\"index\": 3, \"reflexive\": false, \"weight\": 3, \"px\": 400, \"py\": 279, \"y\": 279, \"x\": 400, \"id\": 4}, \"right\": false, \"target\": {\"index\": 4, \"reflexive\": false, \"weight\": 2, \"px\": 282, \"py\": 253, \"y\": 253, \"x\": 282, \"id\": 5}, \"left\": true}, {\"id\": \"3d0837ad5a9d6e670cb47b0ef8ef8483\", \"source\": {\"index\": 2, \"reflexive\": false, \"weight\": 3, \"px\": 291, \"py\": 334, \"y\": 334, \"x\": 291, \"id\": 3}, \"right\": true, \"target\": {\"index\": 3, \"reflexive\": false, \"weight\": 3, \"px\": 400, \"py\": 279, \"y\": 279, \"x\": 400, \"id\": 4}, \"left\": false}, {\"id\": \"1267477059c82b2fd96e650ca6b86683\", \"source\": {\"index\": 3, \"reflexive\": false, \"weight\": 3, \"px\": 400, \"py\": 279, \"y\": 279, \"x\": 400, \"id\": 4}, \"right\": true, \"target\": {\"index\": 6, \"reflexive\": false, \"weight\": 3, \"px\": 420, \"py\": 174, \"y\": 174, \"x\": 420, \"id\": 7}, \"left\": false}, {\"id\": \"b63c25e1fed8bc237095f57759bcf986\", \"source\": {\"index\": 5, \"reflexive\": false, \"weight\": 4, \"px\": 189, \"py\": 171, \"y\": 171, \"x\": 189, \"id\": 6}, \"right\": true, \"target\": {\"index\": 6, \"reflexive\": false, \"weight\": 3, \"px\": 420, \"py\": 174, \"y\": 174, \"x\": 420, \"id\": 7}, \"left\": false}, {\"id\": \"9fe653b732397238676bcd4133e1957d\", \"source\": {\"index\": 6, \"reflexive\": false, \"weight\": 3, \"px\": 420, \"py\": 174, \"y\": 174, \"x\": 420, \"id\": 7}, \"right\": true, \"target\": {\"index\": 7, \"reflexive\": false, \"weight\": 3, \"px\": 399, \"py\": 69, \"y\": 69, \"x\": 399, \"id\": 8}, \"left\": false}, {\"id\": \"895a2d223220ecbd72c01ca4d4fe3919\", \"source\": {\"index\": 5, \"reflexive\": false, \"weight\": 4, \"px\": 189, \"py\": 171, \"y\": 171, \"x\": 189, \"id\": 6}, \"right\": true, \"target\": {\"index\": 7, \"reflexive\": false, \"weight\": 3, \"px\": 399, \"py\": 69, \"y\": 69, \"x\": 399, \"id\": 8}, \"left\": true}, {\"id\": \"1c7e1cb32bea46dde46dafa439002429\", \"source\": {\"index\": 7, \"reflexive\": false, \"weight\": 3, \"px\": 399, \"py\": 69, \"y\": 69, \"x\": 399, \"id\": 8}, \"right\": true, \"target\": {\"index\": 8, \"reflexive\": false, \"weight\": 2, \"px\": 199, \"py\": 12, \"y\": 12, \"x\": 199, \"id\": 9}, \"left\": true}, {\"id\": \"9a6d874898f0f1b91e3ebcb223e6f7e6\", \"source\": {\"index\": 5, \"reflexive\": false, \"weight\": 4, \"px\": 189, \"py\": 171, \"y\": 171, \"x\": 189, \"id\": 6}, \"right\": true, \"target\": {\"index\": 8, \"reflexive\": false, \"weight\": 2, \"px\": 199, \"py\": 12, \"y\": 12, \"x\": 199, \"id\": 9}, \"left\": true}]}"
    },
    "model": "graph.graph",
    "pk": "Test_G3"
},
{
    "fields": {
        "graph": "Test_G2",
        "ui_id": 1
    },
    "model": "graph.node",
    "pk": "05666fbf-96a1-4389-81b7-ef27f76161b4"
},
{
    "fields": {
        "graph": "Test_G2",
        "ui_id": 6
    },
    "model": "graph.node",
    "pk": "18e40f9c-5a0c-4b01-9ed7-914744aace00"
},
{
    "fields": {
        "graph": "Test_G2",
        "ui_id": 11
    },
    "model": "graph.node",
    "pk": "19cdf39a-3f2c-4955-b460-969cb1a8ac24"
},
{
    "fields": {
        "graph": "Test_G3",
        "ui_id": 1
    },
    "model": "graph.node",
    "pk": "1a040a8d-ccb3-4914-8f99-3d2ca858cae7"
},
{
    "fields": {
        "graph": "Test_G3",
        "ui_id": 8
    },
    "model": "graph.node",
    "pk": "1d50c888-3794-46df-a5dc-1be57851a849"
},
{
    "fields": {
        "graph": "G2",
        "ui_id": 2
    },
    "model": "graph.node",
    "pk": "21495469-9b9c-4377-aea8-906afc959f87"
},
{
    "fields": {
        "graph": "Test_G1",
        "ui_id": 11
    },
    "model": "graph.node",
    "pk": "266fcdbe-f02a-4f49-bb9b-82e3edec7961"
},
{
    "fields": {
        "graph": "Test_G2",
        "ui_id": 4
    },
    "model": "graph.node",
    "pk": "2de777a1-8572-44e6-b96f-ad5a27e5fd76"
},
{
    "fields": {
        "graph": "G3",
        "ui_id": 5
    },
    "model": "graph.node",
    "pk": "3738a82e-94c8-4e04-a6b5-61063cbeeb52"
},
{
    "fields": {
        "graph": "Test_G3",
        "ui_id": 9
    },
    "model": "graph.node",
    "pk": "3abf5135-cddb-43fd-b35c-6935bb9c6bbf"
},
{
    "fields": {
        "graph": "G1",
        "ui_id": 4
    },
    "model": "graph.node",
    "pk": "42305510-afb8-413d-b928-1b5255d86a9c"
},
{
    "fields": {
        "graph": "Test_G1",
        "ui_id": 9
    },
    "model": "graph.node",
    "pk": "46e891d3-34fb-4e9d-b13e-fdd03d1b3719"
},
{
    "fields": {
        "graph": "Test_G1",
        "ui_id": 6
    },
    "model": "graph.node",
    "pk": "48412772-62cc-4b79-8bc3-9bf23f24e928"
},
{
    "fields": {
        "graph": "G2",
        "ui_id": 1
    },
    "model": "graph.node",
    "pk": "4d978f50-9b8d-4a47-86d1-6169318f6b2e"
},
{
    "fields": {
        "graph": "Test_G2",
        "ui_id": 7
    },
    "model": "graph.node",
    "pk": "52511d5c-4d67-4d34-9a98-f971603e327f"
},
{
    "fields": {
        "graph": "G3",
        "ui_id": 4
    },
    "model": "graph.node",
    "pk": "5a981cfc-9e0b-491b-808b-2a35e1455565"
},
{
    "fields": {
        "graph": "G3",
        "ui_id": 7
    },
    "model": "graph.node",
    "pk": "5e2ccbcd-1a75-4105-921b-a8253d8311d0"
},
{
    "fields": {
        "graph": "Test_G2",
        "ui_id": 9
    },
    "model": "graph.node",
    "pk": "604573d4-de98-4a49-862c-186688356a9e"
},
{
    "fields": {
        "graph": "Test_G1",
        "ui_id": 7
    },
    "model": "graph.node",
    "pk": "620df2ba-b5e8-42db-83ab-c7a058807f73"
},
{
    "fields": {
        "graph": "Test_G3",
        "ui_id": 7
    },
    "model": "graph.node",
    "pk": "622dcbf6-cc1f-46e1-8e01-ff43c2946a93"
},
{
    "fields": {
        "graph": "G3",
        "ui_id": 3
    },
    "model": "graph.node",
    "pk": "62a65d6e-ac04-4b06-817a-8b074fafc451"
},
{
    "fields": {
        "graph": "Test_G3",
        "ui_id": 4
    },
    "model": "graph.node",
    "pk": "65343c19-c058-4f3e-9a92-556ec2ecab9c"
},
{
    "fields": {
        "graph": "Test_G1",
        "ui_id": 3
    },
    "model": "graph.node",
    "pk": "82eae27f-0ba9-493b-91f7-754c5b1be188"
},
{
    "fields": {
        "graph": "Test_G1",
        "ui_id": 10
    },
    "model": "graph.node",
    "pk": "83b854b5-fcd1-4c82-b435-89e2d6e4734e"
},
{
    "fields": {
        "graph": "G1",
        "ui_id": 1
    },
    "model": "graph.node",
    "pk": "895527b6-a625-4688-82bb-aa027d686557"
},
{
    "fields": {
        "graph": "G3",
        "ui_id": 2
    },
    "model": "graph.node",
    "pk": "90908258-4d0e-4f80-ba96-94bc4d51e02a"
},
{
    "fields": {
        "graph": "Test_G2",
        "ui_id": 5
    },
    "model": "graph.node",
    "pk": "912e7b7f-a790-4352-b489-ccecd0a926c7"
},
{
    "fields": {
        "graph": "Test_G3",
        "ui_id": 2
    },
    "model": "graph.node",
    "pk": "92d6f9af-fe91-45ff-b99f-589c3adbc7f6"
},
{
    "fields": {
        "graph": "Test_G1",
        "ui_id": 12
    },
    "model": "graph.node",
    "pk": "99ab8395-1ae9-40c5-b286-667704f83c5d"
},
{
    "fields": {
        "graph": "G2",
        "ui_id": 3
    },
    "model": "graph.node",
    "pk": "99b1c333-4dd5-4c31-b169-0bfdbe6c2f38"
},
{
    "fields": {
        "graph": "G2",
        "ui_id": 4
    },
    "model": "graph.node",
    "pk": "9c818e91-be3a-40a3-a9bb-66c3bb6c8e1c"
},
{
    "fields": {
        "graph": "Test_G1",
        "ui_id": 8
    },
    "model": "graph.node",
    "pk": "b4814d67-1791-4326-b6f3-c175318b62d9"
},
{
    "fields": {
        "graph": "G3",
        "ui_id": 8
    },
    "model": "graph.node",
    "pk": "c0a40781-1979-478c-857f-4cadf0feac15"
},
{
    "fields": {
        "graph": "Test_G2",
        "ui_id": 8
    },
    "model": "graph.node",
    "pk": "c355dc7d-a9a6-4342-a07e-17342d2a6bbe"
},
{
    "fields": {
        "graph": "Test_G3",
        "ui_id": 6
    },
    "model": "graph.node",
    "pk": "cb3cdcbf-1f9b-4390-bb6a-3ac94a0e2b1a"
},
{
    "fields": {
        "graph": "G3",
        "ui_id": 1
    },
    "model": "graph.node",
    "pk": "d5e3c119-ab20-44f6-bd3a-11ec48f6d7c9"
},
{
    "fields": {
        "graph": "G3",
        "ui_id": 6
    },
    "model": "graph.node",
    "pk": "d5ee779f-fbb2-409d-907a-02ec1134212f"
},
{
    "fields": {
        "graph": "Test_G1",
        "ui_id": 1
    },
    "model": "graph.node",
    "pk": "db78b7f8-a9ab-4ff8-99f0-c6c0b7683336"
},
{
    "fields": {
        "graph": "G1",
        "ui_id": 3
    },
    "model": "graph.node",
    "pk": "e568b62b-4f5e-4fe9-833e-d56a31bd3eae"
},
{
    "fields": {
        "graph": "Test_G2",
        "ui_id": 10
    },
    "model": "graph.node",
    "pk": "e8b422fc-5fd5-487a-ae4d-dbad6d11722a"
},
{
    "fields": {
        "graph": "Test_G2",
        "ui_id": 3
    },
    "model": "graph.node",
    "pk": "e932136b-914b-416a-9145-9541e3c7ad99"
},
{
    "fields": {
        "graph": "Test_G1",
        "ui_id": 2
    },
    "model": "graph.node",
    "pk": "ef1b94a8-93e5-418b-b2fb-c3753fe67aea"
},
{
    "fields": {
        "graph": "G1",
        "ui_id": 5
    },
    "model": "graph.node",
    "pk": "efdd9c82-837e-47c7-94ef-5906705e0447"
},
{
    "fields": {
        "graph": "Test_G1",
        "ui_id": 5
    },
    "model": "graph.node",
    "pk": "f1141dd9-2572-4cd9-ad85-0869bce1bcb5"
},
{
    "fields": {
        "graph": "Test_G1",
        "ui_id": 4
    },
    "model": "graph.node",
    "pk": "f224d1d3-c908-4210-9858-a6e68e201353"
},
{
    "fields": {
        "graph": "G1",
        "ui_id": 2
    },
    "model": "graph.node",
    "pk": "f8562a3f-3856-4c35-8c7b-daa8089a95ab"
},
{
    "fields": {
        "graph": "Test_G3",
        "ui_id": 5
    },
    "model": "graph.node",
    "pk": "f966c2bc-4e60-43d6-a2dd-63645d9a3992"
},
{
    "fields": {
        "graph": "Test_G2",
        "ui_id": 2
    },
    "model": "graph.node",
    "pk": "faac48bf-10c2-4319-ac80-4eea4cb925af"
},
{
    "fields": {
        "graph": "Test_G3",
        "ui_id": 3
    },
    "model": "graph.node",
    "pk": "fbe5e20d-eb95-4092-b92b-a75baa16a39e"
},
{
    "fields": {
        "destination_node": "83b854b5-fcd1-4c82-b435-89e2d6e4734e",
        "graph": "Test_G1",
        "in_use": false,
        "flow": 1.0,
        "normalization_const": null,
        "start_node": "db78b7f8-a9ab-4ff8-99f0-c6c0b7683336",
        "historic_player": ""
    },
    "model": "graph.playermodel",
    "pk": "G1_PM1"
},
{
    "fields": {
        "destination_node": "266fcdbe-f02a-4f49-bb9b-82e3edec7961",
        "graph": "Test_G1",
        "in_use": false,
        "flow": 1.0,
        "normalization_const": null,
        "start_node": "ef1b94a8-93e5-418b-b2fb-c3753fe67aea",
        "historic_player": ""
    },
    "model": "graph.playermodel",
    "pk": "G1_PM2"
},
{
    "fields": {
        "destination_node": "99ab8395-1ae9-40c5-b286-667704f83c5d",
        "graph": "Test_G1",
        "in_use": false,
        "flow": 1.0,
        "normalization_const": null,
        "start_node": "82eae27f-0ba9-493b-91f7-754c5b1be188",
        "historic_player": ""
    },
    "model": "graph.playermodel",
    "pk": "G1_PM3"
},
{
    "fields": {
        "destination_node": "604573d4-de98-4a49-862c-186688356a9e",
        "graph": "Test_G2",
        "in_use": false,
        "flow": 1.0,
        "normalization_const": null,
        "start_node": "faac48bf-10c2-4319-ac80-4eea4cb925af",
        "historic_player": ""
    },
    "model": "graph.playermodel",
    "pk": "G2_PM1"
},
{
    "fields": {
        "destination_node": "e8b422fc-5fd5-487a-ae4d-dbad6d11722a",
        "graph": "Test_G2",
        "in_use": false,
        "flow": 1.0,
        "normalization_const": null,
        "start_node": "05666fbf-96a1-4389-81b7-ef27f76161b4",
        "historic_player": ""
    },
    "model": "graph.playermodel",
    "pk": "G2_PM2"
},
{
    "fields": {
        "destination_node": "19cdf39a-3f2c-4955-b460-969cb1a8ac24",
        "graph": "Test_G2",
        "in_use": false,
        "flow": 1.0,
        "normalization_const": null,
        "start_node": "05666fbf-96a1-4389-81b7-ef27f76161b4",
        "historic_player": ""
    },
    "model": "graph.playermodel",
    "pk": "G2_PM3"
},
{
    "fields": {
        "destination_node": "cb3cdcbf-1f9b-4390-bb6a-3ac94a0e2b1a",
        "graph": "Test_G3",
        "in_use": false,
        "flow": 1.0,
        "normalization_const": null,
        "start_node": "1a040a8d-ccb3-4914-8f99-3d2ca858cae7",
        "historic_player": ""
    },
    "model": "graph.playermodel",
    "pk": "G3_PM1"
},
{
    "fields": {
        "destination_node": "1d50c888-3794-46df-a5dc-1be57851a849",
        "graph": "Test_G3",
        "in_use": false,
        "flow": 1.0,
        "normalization_const": null,
        "start_node": "1a040a8d-ccb3-4914-8f99-3d2ca858cae7",
        "historic_player": ""
    },
    "model": "graph.playermodel",
    "pk": "G3_PM2"
},
{
    "fields": {
        "destination_node": "3abf5135-cddb-43fd-b35c-6935bb9c6bbf",
        "graph": "Test_G3",
        "in_use": false,
        "flow": 1.0,
        "normalization_const": null,
        "start_node": "1a040a8d-ccb3-4914-8f99-3d2ca858cae7",
        "historic_player": ""
    },
    "model": "graph.playermodel",
    "pk": "G3_PM3"
},
{
    "fields": {
        "graph": "Test_G2",
        "cost_function": "x",
        "to_node": "18e40f9c-5a0c-4b01-9ed7-914744aace00",
        "from_node": "912e7b7f-a790-4352-b489-ccecd0a926c7"
    },
    "model": "graph.edge",
    "pk": "0037c63662e8fd87ba38968c1d7c05b0"
},
{
    "fields": {
        "graph": "Test_G1",
        "cost_function": "x",
        "to_node": "46e891d3-34fb-4e9d-b13e-fdd03d1b3719",
        "from_node": "db78b7f8-a9ab-4ff8-99f0-c6c0b7683336"
    },
    "model": "graph.edge",
    "pk": "039f4896252a3521324bb00024822642"
},
{
    "fields": {
        "graph": "Test_G1",
        "cost_function": "x",
        "to_node": "83b854b5-fcd1-4c82-b435-89e2d6e4734e",
        "from_node": "46e891d3-34fb-4e9d-b13e-fdd03d1b3719"
    },
    "model": "graph.edge",
    "pk": "071db54a99df7cc86ac341ccc8b4e7b1"
},
{
    "fields": {
        "graph": "G2",
        "cost_function": "x",
        "to_node": "9c818e91-be3a-40a3-a9bb-66c3bb6c8e1c",
        "from_node": "4d978f50-9b8d-4a47-86d1-6169318f6b2e"
    },
    "model": "graph.edge",
    "pk": "0bb3b823f09321e554b54996f3d11bfa"
},
{
    "fields": {
        "graph": "G3",
        "cost_function": "x",
        "to_node": "90908258-4d0e-4f80-ba96-94bc4d51e02a",
        "from_node": "62a65d6e-ac04-4b06-817a-8b074fafc451"
    },
    "model": "graph.edge",
    "pk": "0bbd8bae91447e7518a1a3726267c034"
},
{
    "fields": {
        "graph": "Test_G3",
        "cost_function": "x",
        "to_node": "622dcbf6-cc1f-46e1-8e01-ff43c2946a93",
        "from_node": "65343c19-c058-4f3e-9a92-556ec2ecab9c"
    },
    "model": "graph.edge",
    "pk": "1267477059c82b2fd96e650ca6b86683"
},
{
    "fields": {
        "graph": "G1",
        "cost_function": "x",
        "to_node": "42305510-afb8-413d-b928-1b5255d86a9c",
        "from_node": "e568b62b-4f5e-4fe9-833e-d56a31bd3eae"
    },
    "model": "graph.edge",
    "pk": "14ed87765aa056ff8cb1e83d81c0687a"
},
{
    "fields": {
        "graph": "G1",
        "cost_function": "x",
        "to_node": "efdd9c82-837e-47c7-94ef-5906705e0447",
        "from_node": "f8562a3f-3856-4c35-8c7b-daa8089a95ab"
    },
    "model": "graph.edge",
    "pk": "15d5b2d4077ba1c1c7a8b9da32d0f491"
},
{
    "fields": {
        "graph": "Test_G1",
        "cost_function": "x",
        "to_node": "266fcdbe-f02a-4f49-bb9b-82e3edec7961",
        "from_node": "b4814d67-1791-4326-b6f3-c175318b62d9"
    },
    "model": "graph.edge",
    "pk": "15d89ffe5cc4e6e84685f1ba2c1edef4"
},
{
    "fields": {
        "graph": "Test_G2",
        "cost_function": "x",
        "to_node": "e8b422fc-5fd5-487a-ae4d-dbad6d11722a",
        "from_node": "c355dc7d-a9a6-4342-a07e-17342d2a6bbe"
    },
    "model": "graph.edge",
    "pk": "18300d2f0a9d5564796cc8ad5b64b615"
},
{
    "fields": {
        "graph": "Test_G3",
        "cost_function": "x",
        "to_node": "cb3cdcbf-1f9b-4390-bb6a-3ac94a0e2b1a",
        "from_node": "92d6f9af-fe91-45ff-b99f-589c3adbc7f6"
    },
    "model": "graph.edge",
    "pk": "1893b8fe692af78780b6103b6e79b958"
},
{
    "fields": {
        "graph": "G3",
        "cost_function": "x",
        "to_node": "5e2ccbcd-1a75-4105-921b-a8253d8311d0",
        "from_node": "62a65d6e-ac04-4b06-817a-8b074fafc451"
    },
    "model": "graph.edge",
    "pk": "1bc908609d7d11aa5ba7b65bd9e30367"
},
{
    "fields": {
        "graph": "Test_G3",
        "cost_function": "x",
        "to_node": "1d50c888-3794-46df-a5dc-1be57851a849",
        "from_node": "3abf5135-cddb-43fd-b35c-6935bb9c6bbf"
    },
    "model": "graph.edge",
    "pk": "1c7e1cb32bea46dde46dafa439002429"
},
{
    "fields": {
        "graph": "Test_G1",
        "cost_function": "x",
        "to_node": "f1141dd9-2572-4cd9-ad85-0869bce1bcb5",
        "from_node": "82eae27f-0ba9-493b-91f7-754c5b1be188"
    },
    "model": "graph.edge",
    "pk": "1cf2945c7faa6df7dedc6a75741be7dd"
},
{
    "fields": {
        "graph": "G1",
        "cost_function": "x",
        "to_node": "efdd9c82-837e-47c7-94ef-5906705e0447",
        "from_node": "42305510-afb8-413d-b928-1b5255d86a9c"
    },
    "model": "graph.edge",
    "pk": "1d944abe70c94c1fdcec9b10637fe552"
},
{
    "fields": {
        "graph": "Test_G2",
        "cost_function": "x",
        "to_node": "604573d4-de98-4a49-862c-186688356a9e",
        "from_node": "c355dc7d-a9a6-4342-a07e-17342d2a6bbe"
    },
    "model": "graph.edge",
    "pk": "1dc62530bb95bfdffad5746da7bc86fc"
},
{
    "fields": {
        "graph": "G1",
        "cost_function": "x",
        "to_node": "e568b62b-4f5e-4fe9-833e-d56a31bd3eae",
        "from_node": "895527b6-a625-4688-82bb-aa027d686557"
    },
    "model": "graph.edge",
    "pk": "2086d94e769128b4d59070a812d82d7e"
},
{
    "fields": {
        "graph": "G3",
        "cost_function": "x",
        "to_node": "c0a40781-1979-478c-857f-4cadf0feac15",
        "from_node": "5a981cfc-9e0b-491b-808b-2a35e1455565"
    },
    "model": "graph.edge",
    "pk": "256235b6f3a605540e07ff649c8c194e"
},
{
    "fields": {
        "graph": "Test_G1",
        "cost_function": "x",
        "to_node": "48412772-62cc-4b79-8bc3-9bf23f24e928",
        "from_node": "f1141dd9-2572-4cd9-ad85-0869bce1bcb5"
    },
    "model": "graph.edge",
    "pk": "2da8c2aaf1d6f8bf07627d320506ad66"
},
{
    "fields": {
        "graph": "G3",
        "cost_function": "x",
        "to_node": "d5ee779f-fbb2-409d-907a-02ec1134212f",
        "from_node": "90908258-4d0e-4f80-ba96-94bc4d51e02a"
    },
    "model": "graph.edge",
    "pk": "2e3a7d493d77394142a274bd7b64787f"
},
{
    "fields": {
        "graph": "Test_G2",
        "cost_function": "x",
        "to_node": "18e40f9c-5a0c-4b01-9ed7-914744aace00",
        "from_node": "e932136b-914b-416a-9145-9541e3c7ad99"
    },
    "model": "graph.edge",
    "pk": "34e2a202f1cf48f46b4421c48c93f137"
},
{
    "fields": {
        "graph": "Test_G1",
        "cost_function": "x",
        "to_node": "83b854b5-fcd1-4c82-b435-89e2d6e4734e",
        "from_node": "b4814d67-1791-4326-b6f3-c175318b62d9"
    },
    "model": "graph.edge",
    "pk": "38ea828e9fdaa01320ba7c8e7aa9cf64"
},
{
    "fields": {
        "graph": "G1",
        "cost_function": "x",
        "to_node": "42305510-afb8-413d-b928-1b5255d86a9c",
        "from_node": "895527b6-a625-4688-82bb-aa027d686557"
    },
    "model": "graph.edge",
    "pk": "3b3ab5ec5058bbd217a561db8622eac9"
},
{
    "fields": {
        "graph": "Test_G3",
        "cost_function": "x",
        "to_node": "65343c19-c058-4f3e-9a92-556ec2ecab9c",
        "from_node": "fbe5e20d-eb95-4092-b92b-a75baa16a39e"
    },
    "model": "graph.edge",
    "pk": "3d0837ad5a9d6e670cb47b0ef8ef8483"
},
{
    "fields": {
        "graph": "Test_G1",
        "cost_function": "x",
        "to_node": "266fcdbe-f02a-4f49-bb9b-82e3edec7961",
        "from_node": "99ab8395-1ae9-40c5-b286-667704f83c5d"
    },
    "model": "graph.edge",
    "pk": "488eb98fa3aceef635fc68d4e72a5577"
},
{
    "fields": {
        "graph": "Test_G1",
        "cost_function": "x",
        "to_node": "f224d1d3-c908-4210-9858-a6e68e201353",
        "from_node": "46e891d3-34fb-4e9d-b13e-fdd03d1b3719"
    },
    "model": "graph.edge",
    "pk": "4c8a96ca521b0f3562d661ca030f2347"
},
{
    "fields": {
        "graph": "G3",
        "cost_function": "x",
        "to_node": "5a981cfc-9e0b-491b-808b-2a35e1455565",
        "from_node": "d5e3c119-ab20-44f6-bd3a-11ec48f6d7c9"
    },
    "model": "graph.edge",
    "pk": "6675639d0ac371e87fd33c3488a306e1"
},
{
    "fields": {
        "graph": "G3",
        "cost_function": "x",
        "to_node": "3738a82e-94c8-4e04-a6b5-61063cbeeb52",
        "from_node": "d5e3c119-ab20-44f6-bd3a-11ec48f6d7c9"
    },
    "model": "graph.edge",
    "pk": "6801ec32d7992cfa9fa428b31f1a4d70"
},
{
    "fields": {
        "graph": "G1",
        "cost_function": "x",
        "to_node": "f8562a3f-3856-4c35-8c7b-daa8089a95ab",
        "from_node": "e568b62b-4f5e-4fe9-833e-d56a31bd3eae"
    },
    "model": "graph.edge",
    "pk": "6888d69a849beb037eb65162d07c109b"
},
{
    "fields": {
        "graph": "Test_G2",
        "cost_function": "x",
        "to_node": "18e40f9c-5a0c-4b01-9ed7-914744aace00",
        "from_node": "2de777a1-8572-44e6-b96f-ad5a27e5fd76"
    },
    "model": "graph.edge",
    "pk": "68976b93119156599f3996bcee85e9e4"
},
{
    "fields": {
        "graph": "Test_G2",
        "cost_function": "x",
        "to_node": "e8b422fc-5fd5-487a-ae4d-dbad6d11722a",
        "from_node": "52511d5c-4d67-4d34-9a98-f971603e327f"
    },
    "model": "graph.edge",
    "pk": "73265e0a78d493aa8f82ff28f97cec76"
},
{
    "fields": {
        "graph": "Test_G1",
        "cost_function": "x",
        "to_node": "f1141dd9-2572-4cd9-ad85-0869bce1bcb5",
        "from_node": "ef1b94a8-93e5-418b-b2fb-c3753fe67aea"
    },
    "model": "graph.edge",
    "pk": "78295cf8a3800f9107ac523aa58191ce"
},
{
    "fields": {
        "graph": "G1",
        "cost_function": "x",
        "to_node": "efdd9c82-837e-47c7-94ef-5906705e0447",
        "from_node": "e568b62b-4f5e-4fe9-833e-d56a31bd3eae"
    },
    "model": "graph.edge",
    "pk": "78e39c0f59da82a7a22bba66313522c9"
},
{
    "fields": {
        "graph": "Test_G3",
        "cost_function": "x",
        "to_node": "cb3cdcbf-1f9b-4390-bb6a-3ac94a0e2b1a",
        "from_node": "1d50c888-3794-46df-a5dc-1be57851a849"
    },
    "model": "graph.edge",
    "pk": "895a2d223220ecbd72c01ca4d4fe3919"
},
{
    "fields": {
        "graph": "Test_G1",
        "cost_function": "x",
        "to_node": "99ab8395-1ae9-40c5-b286-667704f83c5d",
        "from_node": "48412772-62cc-4b79-8bc3-9bf23f24e928"
    },
    "model": "graph.edge",
    "pk": "89d37d2280e5350b33600467bff6600e"
},
{
    "fields": {
        "graph": "G2",
        "cost_function": "x",
        "to_node": "9c818e91-be3a-40a3-a9bb-66c3bb6c8e1c",
        "from_node": "21495469-9b9c-4377-aea8-906afc959f87"
    },
    "model": "graph.edge",
    "pk": "8af08e52c41cfbd75975d41650d49c7d"
},
{
    "fields": {
        "graph": "Test_G1",
        "cost_function": "x",
        "to_node": "f224d1d3-c908-4210-9858-a6e68e201353",
        "from_node": "ef1b94a8-93e5-418b-b2fb-c3753fe67aea"
    },
    "model": "graph.edge",
    "pk": "90eec74a6d409b742abd0f229fe05b54"
},
{
    "fields": {
        "graph": "Test_G3",
        "cost_function": "x",
        "to_node": "cb3cdcbf-1f9b-4390-bb6a-3ac94a0e2b1a",
        "from_node": "3abf5135-cddb-43fd-b35c-6935bb9c6bbf"
    },
    "model": "graph.edge",
    "pk": "9a6d874898f0f1b91e3ebcb223e6f7e6"
},
{
    "fields": {
        "graph": "Test_G3",
        "cost_function": "x",
        "to_node": "f966c2bc-4e60-43d6-a2dd-63645d9a3992",
        "from_node": "fbe5e20d-eb95-4092-b92b-a75baa16a39e"
    },
    "model": "graph.edge",
    "pk": "9e2bdb29f43e10432f4dd0dcb88d1e69"
},
{
    "fields": {
        "graph": "Test_G3",
        "cost_function": "x",
        "to_node": "1d50c888-3794-46df-a5dc-1be57851a849",
        "from_node": "622dcbf6-cc1f-46e1-8e01-ff43c2946a93"
    },
    "model": "graph.edge",
    "pk": "9fe653b732397238676bcd4133e1957d"
},
{
    "fields": {
        "graph": "G3",
        "cost_function": "x",
        "to_node": "62a65d6e-ac04-4b06-817a-8b074fafc451",
        "from_node": "5a981cfc-9e0b-491b-808b-2a35e1455565"
    },
    "model": "graph.edge",
    "pk": "a7aa0a8c05d6107063d02ab533410711"
},
{
    "fields": {
        "graph": "G3",
        "cost_function": "x",
        "to_node": "c0a40781-1979-478c-857f-4cadf0feac15",
        "from_node": "3738a82e-94c8-4e04-a6b5-61063cbeeb52"
    },
    "model": "graph.edge",
    "pk": "a90ea3884c8c6c53ab13f7d0d16fb8ed"
},
{
    "fields": {
        "graph": "G3",
        "cost_function": "x",
        "to_node": "90908258-4d0e-4f80-ba96-94bc4d51e02a",
        "from_node": "d5e3c119-ab20-44f6-bd3a-11ec48f6d7c9"
    },
    "model": "graph.edge",
    "pk": "ac729eb7e8d9a3cda1591a0f98a0dafd"
},
{
    "fields": {
        "graph": "G3",
        "cost_function": "x",
        "to_node": "d5ee779f-fbb2-409d-907a-02ec1134212f",
        "from_node": "62a65d6e-ac04-4b06-817a-8b074fafc451"
    },
    "model": "graph.edge",
    "pk": "af0ad75f219a2eae1aa3398a8f49797b"
},
{
    "fields": {
        "graph": "Test_G2",
        "cost_function": "x",
        "to_node": "19cdf39a-3f2c-4955-b460-969cb1a8ac24",
        "from_node": "c355dc7d-a9a6-4342-a07e-17342d2a6bbe"
    },
    "model": "graph.edge",
    "pk": "b0f71aae312740346e4f5c1d0af56bcf"
},
{
    "fields": {
        "graph": "Test_G3",
        "cost_function": "x",
        "to_node": "65343c19-c058-4f3e-9a92-556ec2ecab9c",
        "from_node": "f966c2bc-4e60-43d6-a2dd-63645d9a3992"
    },
    "model": "graph.edge",
    "pk": "b185d69ac36af3d47d64038d8aa3eda0"
},
{
    "fields": {
        "graph": "Test_G2",
        "cost_function": "x",
        "to_node": "c355dc7d-a9a6-4342-a07e-17342d2a6bbe",
        "from_node": "18e40f9c-5a0c-4b01-9ed7-914744aace00"
    },
    "model": "graph.edge",
    "pk": "b220418c3ac32f8bb5a072ff2551efb2"
},
{
    "fields": {
        "graph": "Test_G1",
        "cost_function": "x",
        "to_node": "620df2ba-b5e8-42db-83ab-c7a058807f73",
        "from_node": "b4814d67-1791-4326-b6f3-c175318b62d9"
    },
    "model": "graph.edge",
    "pk": "b3ddceabc9b64a04750df6f0ddd958ca"
},
{
    "fields": {
        "graph": "Test_G3",
        "cost_function": "x",
        "to_node": "622dcbf6-cc1f-46e1-8e01-ff43c2946a93",
        "from_node": "cb3cdcbf-1f9b-4390-bb6a-3ac94a0e2b1a"
    },
    "model": "graph.edge",
    "pk": "b63c25e1fed8bc237095f57759bcf986"
},
{
    "fields": {
        "graph": "Test_G1",
        "cost_function": "x",
        "to_node": "b4814d67-1791-4326-b6f3-c175318b62d9",
        "from_node": "f224d1d3-c908-4210-9858-a6e68e201353"
    },
    "model": "graph.edge",
    "pk": "b793f799c884ea821d9799eb74fdedf4"
},
{
    "fields": {
        "graph": "G1",
        "cost_function": "x",
        "to_node": "f8562a3f-3856-4c35-8c7b-daa8089a95ab",
        "from_node": "895527b6-a625-4688-82bb-aa027d686557"
    },
    "model": "graph.edge",
    "pk": "b8af5ca9f455dfc1431f3e48f2909b20"
},
{
    "fields": {
        "graph": "G3",
        "cost_function": "x",
        "to_node": "5e2ccbcd-1a75-4105-921b-a8253d8311d0",
        "from_node": "5a981cfc-9e0b-491b-808b-2a35e1455565"
    },
    "model": "graph.edge",
    "pk": "bbc56d2ed69aa0ea7707541f44476710"
},
{
    "fields": {
        "graph": "Test_G2",
        "cost_function": "x",
        "to_node": "19cdf39a-3f2c-4955-b460-969cb1a8ac24",
        "from_node": "18e40f9c-5a0c-4b01-9ed7-914744aace00"
    },
    "model": "graph.edge",
    "pk": "bec888ae194a397f1769b65a11cae7f9"
},
{
    "fields": {
        "graph": "G2",
        "cost_function": "x",
        "to_node": "21495469-9b9c-4377-aea8-906afc959f87",
        "from_node": "4d978f50-9b8d-4a47-86d1-6169318f6b2e"
    },
    "model": "graph.edge",
    "pk": "bf34f6de6b06aedea7c9fd9c891fd2ce"
},
{
    "fields": {
        "graph": "Test_G1",
        "cost_function": "x",
        "to_node": "99ab8395-1ae9-40c5-b286-667704f83c5d",
        "from_node": "620df2ba-b5e8-42db-83ab-c7a058807f73"
    },
    "model": "graph.edge",
    "pk": "c2f4a123060ab3faeec0db186e731654"
},
{
    "fields": {
        "graph": "G2",
        "cost_function": "x",
        "to_node": "99b1c333-4dd5-4c31-b169-0bfdbe6c2f38",
        "from_node": "21495469-9b9c-4377-aea8-906afc959f87"
    },
    "model": "graph.edge",
    "pk": "c896d01c10c6fda5753d098a02008fd7"
},
{
    "fields": {
        "graph": "Test_G1",
        "cost_function": "x",
        "to_node": "620df2ba-b5e8-42db-83ab-c7a058807f73",
        "from_node": "f1141dd9-2572-4cd9-ad85-0869bce1bcb5"
    },
    "model": "graph.edge",
    "pk": "cf2dc8f347bed45f6980a754e4fd8d11"
},
{
    "fields": {
        "graph": "G2",
        "cost_function": "x",
        "to_node": "9c818e91-be3a-40a3-a9bb-66c3bb6c8e1c",
        "from_node": "99b1c333-4dd5-4c31-b169-0bfdbe6c2f38"
    },
    "model": "graph.edge",
    "pk": "d0c8e9e9d0a8c61ca5556e881eaa6f62"
},
{
    "fields": {
        "graph": "Test_G3",
        "cost_function": "x",
        "to_node": "92d6f9af-fe91-45ff-b99f-589c3adbc7f6",
        "from_node": "1a040a8d-ccb3-4914-8f99-3d2ca858cae7"
    },
    "model": "graph.edge",
    "pk": "d212ef407f9cec79283ddaf002d896fd"
},
{
    "fields": {
        "graph": "G3",
        "cost_function": "x",
        "to_node": "62a65d6e-ac04-4b06-817a-8b074fafc451",
        "from_node": "d5e3c119-ab20-44f6-bd3a-11ec48f6d7c9"
    },
    "model": "graph.edge",
    "pk": "d386aa3687af96457698e291aff6dcc5"
},
{
    "fields": {
        "graph": "Test_G1",
        "cost_function": "x",
        "to_node": "48412772-62cc-4b79-8bc3-9bf23f24e928",
        "from_node": "82eae27f-0ba9-493b-91f7-754c5b1be188"
    },
    "model": "graph.edge",
    "pk": "de6d20f4d05353fca8a137d2eef27215"
},
{
    "fields": {
        "graph": "Test_G2",
        "cost_function": "x",
        "to_node": "e932136b-914b-416a-9145-9541e3c7ad99",
        "from_node": "faac48bf-10c2-4319-ac80-4eea4cb925af"
    },
    "model": "graph.edge",
    "pk": "e4aa378ba67ca2a9ca059050e58da7d1"
},
{
    "fields": {
        "graph": "Test_G2",
        "cost_function": "x",
        "to_node": "2de777a1-8572-44e6-b96f-ad5a27e5fd76",
        "from_node": "e932136b-914b-416a-9145-9541e3c7ad99"
    },
    "model": "graph.edge",
    "pk": "eb38f85c06a21fb732abd404b83adf48"
},
{
    "fields": {
        "graph": "G3",
        "cost_function": "x",
        "to_node": "5a981cfc-9e0b-491b-808b-2a35e1455565",
        "from_node": "3738a82e-94c8-4e04-a6b5-61063cbeeb52"
    },
    "model": "graph.edge",
    "pk": "ec4fd8971ab91698227fffb719d43c5e"
},
{
    "fields": {
        "graph": "Test_G2",
        "cost_function": "x",
        "to_node": "e932136b-914b-416a-9145-9541e3c7ad99",
        "from_node": "05666fbf-96a1-4389-81b7-ef27f76161b4"
    },
    "model": "graph.edge",
    "pk": "ee13aa47169366f0550bbae4d005fbaf"
},
{
    "fields": {
        "graph": "Test_G2",
        "cost_function": "x",
        "to_node": "52511d5c-4d67-4d34-9a98-f971603e327f",
        "from_node": "18e40f9c-5a0c-4b01-9ed7-914744aace00"
    },
    "model": "graph.edge",
    "pk": "f0c796cf99985893d507ee3ff923fab8"
},
{
    "fields": {
        "graph": "Test_G2",
        "cost_function": "x",
        "to_node": "912e7b7f-a790-4352-b489-ccecd0a926c7",
        "from_node": "e932136b-914b-416a-9145-9541e3c7ad99"
    },
    "model": "graph.edge",
    "pk": "f175cd6637d2ae26dba2efa90397bd13"
},
{
    "fields": {
        "graph": "Test_G1",
        "cost_function": "x",
        "to_node": "b4814d67-1791-4326-b6f3-c175318b62d9",
        "from_node": "f1141dd9-2572-4cd9-ad85-0869bce1bcb5"
    },
    "model": "graph.edge",
    "pk": "f6b3e4c9057ea8e3516b3eb786129e46"
},
{
    "fields": {
        "graph": "Test_G1",
        "cost_function": "x",
        "to_node": "f224d1d3-c908-4210-9858-a6e68e201353",
        "from_node": "db78b7f8-a9ab-4ff8-99f0-c6c0b7683336"
    },
    "model": "graph.edge",
    "pk": "f71e1f71e42a9f2853021cdcaa2895f7"
},
{
    "fields": {
        "graph": "Test_G3",
        "cost_function": "x",
        "to_node": "fbe5e20d-eb95-4092-b92b-a75baa16a39e",
        "from_node": "92d6f9af-fe91-45ff-b99f-589c3adbc7f6"
    },
    "model": "graph.edge",
    "pk": "fd62c31e9a6c793e626f61828be91efa"
},
{
    "fields": {
        "graph": "Test_G1",
        "edges": [
            "039f4896252a3521324bb00024822642",
            "071db54a99df7cc86ac341ccc8b4e7b1"
        ],
        "player_model": "G1_PM1"
    },
    "model": "graph.path",
    "pk": 55
},
{
    "fields": {
        "graph": "Test_G1",
        "edges": [
            "039f4896252a3521324bb00024822642",
            "38ea828e9fdaa01320ba7c8e7aa9cf64",
            "4c8a96ca521b0f3562d661ca030f2347",
            "b793f799c884ea821d9799eb74fdedf4"
        ],
        "player_model": "G1_PM1"
    },
    "model": "graph.path",
    "pk": 56
},
{
    "fields": {
        "graph": "Test_G1",
        "edges": [
            "38ea828e9fdaa01320ba7c8e7aa9cf64",
            "b793f799c884ea821d9799eb74fdedf4",
            "f71e1f71e42a9f2853021cdcaa2895f7"
        ],
        "player_model": "G1_PM1"
    },
    "model": "graph.path",
    "pk": 57
},
{
    "fields": {
        "graph": "Test_G1",
        "edges": [
            "15d89ffe5cc4e6e84685f1ba2c1edef4",
            "90eec74a6d409b742abd0f229fe05b54",
            "b793f799c884ea821d9799eb74fdedf4"
        ],
        "player_model": "G1_PM2"
    },
    "model": "graph.path",
    "pk": 59
},
{
    "fields": {
        "graph": "Test_G1",
        "edges": [
            "488eb98fa3aceef635fc68d4e72a5577",
            "90eec74a6d409b742abd0f229fe05b54",
            "b3ddceabc9b64a04750df6f0ddd958ca",
            "b793f799c884ea821d9799eb74fdedf4",
            "c2f4a123060ab3faeec0db186e731654"
        ],
        "player_model": "G1_PM2"
    },
    "model": "graph.path",
    "pk": 60
},
{
    "fields": {
        "graph": "Test_G1",
        "edges": [
            "15d89ffe5cc4e6e84685f1ba2c1edef4",
            "78295cf8a3800f9107ac523aa58191ce",
            "f6b3e4c9057ea8e3516b3eb786129e46"
        ],
        "player_model": "G1_PM2"
    },
    "model": "graph.path",
    "pk": 61
},
{
    "fields": {
        "graph": "Test_G1",
        "edges": [
            "488eb98fa3aceef635fc68d4e72a5577",
            "78295cf8a3800f9107ac523aa58191ce",
            "b3ddceabc9b64a04750df6f0ddd958ca",
            "c2f4a123060ab3faeec0db186e731654",
            "f6b3e4c9057ea8e3516b3eb786129e46"
        ],
        "player_model": "G1_PM2"
    },
    "model": "graph.path",
    "pk": 62
},
{
    "fields": {
        "graph": "Test_G1",
        "edges": [
            "2da8c2aaf1d6f8bf07627d320506ad66",
            "488eb98fa3aceef635fc68d4e72a5577",
            "78295cf8a3800f9107ac523aa58191ce",
            "89d37d2280e5350b33600467bff6600e"
        ],
        "player_model": "G1_PM2"
    },
    "model": "graph.path",
    "pk": 63
},
{
    "fields": {
        "graph": "Test_G1",
        "edges": [
            "488eb98fa3aceef635fc68d4e72a5577",
            "78295cf8a3800f9107ac523aa58191ce",
            "c2f4a123060ab3faeec0db186e731654",
            "cf2dc8f347bed45f6980a754e4fd8d11"
        ],
        "player_model": "G1_PM2"
    },
    "model": "graph.path",
    "pk": 64
},
{
    "fields": {
        "graph": "Test_G1",
        "edges": [
            "1cf2945c7faa6df7dedc6a75741be7dd",
            "b3ddceabc9b64a04750df6f0ddd958ca",
            "c2f4a123060ab3faeec0db186e731654",
            "f6b3e4c9057ea8e3516b3eb786129e46"
        ],
        "player_model": "G1_PM3"
    },
    "model": "graph.path",
    "pk": 66
},
{
    "fields": {
        "graph": "Test_G1",
        "edges": [
            "1cf2945c7faa6df7dedc6a75741be7dd",
            "2da8c2aaf1d6f8bf07627d320506ad66",
            "89d37d2280e5350b33600467bff6600e"
        ],
        "player_model": "G1_PM3"
    },
    "model": "graph.path",
    "pk": 67
},
{
    "fields": {
        "graph": "Test_G1",
        "edges": [
            "1cf2945c7faa6df7dedc6a75741be7dd",
            "c2f4a123060ab3faeec0db186e731654",
            "cf2dc8f347bed45f6980a754e4fd8d11"
        ],
        "player_model": "G1_PM3"
    },
    "model": "graph.path",
    "pk": 68
},
{
    "fields": {
        "graph": "Test_G1",
        "edges": [
            "89d37d2280e5350b33600467bff6600e",
            "de6d20f4d05353fca8a137d2eef27215"
        ],
        "player_model": "G1_PM3"
    },
    "model": "graph.path",
    "pk": 69
},
{
    "fields": {
        "graph": "Test_G2",
        "edges": [
            "1dc62530bb95bfdffad5746da7bc86fc",
            "68976b93119156599f3996bcee85e9e4",
            "b220418c3ac32f8bb5a072ff2551efb2",
            "e4aa378ba67ca2a9ca059050e58da7d1",
            "eb38f85c06a21fb732abd404b83adf48"
        ],
        "player_model": "G2_PM1"
    },
    "model": "graph.path",
    "pk": 72
},
{
    "fields": {
        "graph": "Test_G2",
        "edges": [
            "0037c63662e8fd87ba38968c1d7c05b0",
            "1dc62530bb95bfdffad5746da7bc86fc",
            "b220418c3ac32f8bb5a072ff2551efb2",
            "e4aa378ba67ca2a9ca059050e58da7d1",
            "f175cd6637d2ae26dba2efa90397bd13"
        ],
        "player_model": "G2_PM1"
    },
    "model": "graph.path",
    "pk": 73
},
{
    "fields": {
        "graph": "Test_G2",
        "edges": [
            "1dc62530bb95bfdffad5746da7bc86fc",
            "34e2a202f1cf48f46b4421c48c93f137",
            "b220418c3ac32f8bb5a072ff2551efb2",
            "e4aa378ba67ca2a9ca059050e58da7d1"
        ],
        "player_model": "G2_PM1"
    },
    "model": "graph.path",
    "pk": 74
},
{
    "fields": {
        "graph": "Test_G2",
        "edges": [
            "18300d2f0a9d5564796cc8ad5b64b615",
            "68976b93119156599f3996bcee85e9e4",
            "b220418c3ac32f8bb5a072ff2551efb2",
            "eb38f85c06a21fb732abd404b83adf48",
            "ee13aa47169366f0550bbae4d005fbaf"
        ],
        "player_model": "G2_PM2"
    },
    "model": "graph.path",
    "pk": 76
},
{
    "fields": {
        "graph": "Test_G2",
        "edges": [
            "68976b93119156599f3996bcee85e9e4",
            "73265e0a78d493aa8f82ff28f97cec76",
            "eb38f85c06a21fb732abd404b83adf48",
            "ee13aa47169366f0550bbae4d005fbaf",
            "f0c796cf99985893d507ee3ff923fab8"
        ],
        "player_model": "G2_PM2"
    },
    "model": "graph.path",
    "pk": 77
},
{
    "fields": {
        "graph": "Test_G2",
        "edges": [
            "0037c63662e8fd87ba38968c1d7c05b0",
            "18300d2f0a9d5564796cc8ad5b64b615",
            "b220418c3ac32f8bb5a072ff2551efb2",
            "ee13aa47169366f0550bbae4d005fbaf",
            "f175cd6637d2ae26dba2efa90397bd13"
        ],
        "player_model": "G2_PM2"
    },
    "model": "graph.path",
    "pk": 78
},
{
    "fields": {
        "graph": "Test_G2",
        "edges": [
            "0037c63662e8fd87ba38968c1d7c05b0",
            "73265e0a78d493aa8f82ff28f97cec76",
            "ee13aa47169366f0550bbae4d005fbaf",
            "f0c796cf99985893d507ee3ff923fab8",
            "f175cd6637d2ae26dba2efa90397bd13"
        ],
        "player_model": "G2_PM2"
    },
    "model": "graph.path",
    "pk": 79
},
{
    "fields": {
        "graph": "Test_G2",
        "edges": [
            "18300d2f0a9d5564796cc8ad5b64b615",
            "34e2a202f1cf48f46b4421c48c93f137",
            "b220418c3ac32f8bb5a072ff2551efb2",
            "ee13aa47169366f0550bbae4d005fbaf"
        ],
        "player_model": "G2_PM2"
    },
    "model": "graph.path",
    "pk": 80
},
{
    "fields": {
        "graph": "Test_G2",
        "edges": [
            "34e2a202f1cf48f46b4421c48c93f137",
            "73265e0a78d493aa8f82ff28f97cec76",
            "ee13aa47169366f0550bbae4d005fbaf",
            "f0c796cf99985893d507ee3ff923fab8"
        ],
        "player_model": "G2_PM2"
    },
    "model": "graph.path",
    "pk": 81
},
{
    "fields": {
        "graph": "Test_G2",
        "edges": [
            "68976b93119156599f3996bcee85e9e4",
            "b0f71aae312740346e4f5c1d0af56bcf",
            "b220418c3ac32f8bb5a072ff2551efb2",
            "eb38f85c06a21fb732abd404b83adf48",
            "ee13aa47169366f0550bbae4d005fbaf"
        ],
        "player_model": "G2_PM3"
    },
    "model": "graph.path",
    "pk": 83
},
{
    "fields": {
        "graph": "Test_G2",
        "edges": [
            "68976b93119156599f3996bcee85e9e4",
            "bec888ae194a397f1769b65a11cae7f9",
            "eb38f85c06a21fb732abd404b83adf48",
            "ee13aa47169366f0550bbae4d005fbaf"
        ],
        "player_model": "G2_PM3"
    },
    "model": "graph.path",
    "pk": 84
},
{
    "fields": {
        "graph": "Test_G2",
        "edges": [
            "0037c63662e8fd87ba38968c1d7c05b0",
            "b0f71aae312740346e4f5c1d0af56bcf",
            "b220418c3ac32f8bb5a072ff2551efb2",
            "ee13aa47169366f0550bbae4d005fbaf",
            "f175cd6637d2ae26dba2efa90397bd13"
        ],
        "player_model": "G2_PM3"
    },
    "model": "graph.path",
    "pk": 85
},
{
    "fields": {
        "graph": "Test_G2",
        "edges": [
            "0037c63662e8fd87ba38968c1d7c05b0",
            "bec888ae194a397f1769b65a11cae7f9",
            "ee13aa47169366f0550bbae4d005fbaf",
            "f175cd6637d2ae26dba2efa90397bd13"
        ],
        "player_model": "G2_PM3"
    },
    "model": "graph.path",
    "pk": 86
},
{
    "fields": {
        "graph": "Test_G2",
        "edges": [
            "34e2a202f1cf48f46b4421c48c93f137",
            "b0f71aae312740346e4f5c1d0af56bcf",
            "b220418c3ac32f8bb5a072ff2551efb2",
            "ee13aa47169366f0550bbae4d005fbaf"
        ],
        "player_model": "G2_PM3"
    },
    "model": "graph.path",
    "pk": 87
},
{
    "fields": {
        "graph": "Test_G2",
        "edges": [
            "34e2a202f1cf48f46b4421c48c93f137",
            "bec888ae194a397f1769b65a11cae7f9",
            "ee13aa47169366f0550bbae4d005fbaf"
        ],
        "player_model": "G2_PM3"
    },
    "model": "graph.path",
    "pk": 88
},
{
    "fields": {
        "graph": "Test_G3",
        "edges": [
            "1267477059c82b2fd96e650ca6b86683",
            "3d0837ad5a9d6e670cb47b0ef8ef8483",
            "895a2d223220ecbd72c01ca4d4fe3919",
            "9fe653b732397238676bcd4133e1957d",
            "d212ef407f9cec79283ddaf002d896fd",
            "fd62c31e9a6c793e626f61828be91efa"
        ],
        "player_model": "G3_PM1"
    },
    "model": "graph.path",
    "pk": 98
},
{
    "fields": {
        "graph": "Test_G3",
        "edges": [
            "1267477059c82b2fd96e650ca6b86683",
            "895a2d223220ecbd72c01ca4d4fe3919",
            "9e2bdb29f43e10432f4dd0dcb88d1e69",
            "9fe653b732397238676bcd4133e1957d",
            "b185d69ac36af3d47d64038d8aa3eda0",
            "d212ef407f9cec79283ddaf002d896fd",
            "fd62c31e9a6c793e626f61828be91efa"
        ],
        "player_model": "G3_PM1"
    },
    "model": "graph.path",
    "pk": 99
},
{
    "fields": {
        "graph": "Test_G3",
        "edges": [
            "1893b8fe692af78780b6103b6e79b958",
            "d212ef407f9cec79283ddaf002d896fd"
        ],
        "player_model": "G3_PM1"
    },
    "model": "graph.path",
    "pk": 100
},
{
    "fields": {
        "graph": "Test_G3",
        "edges": [
            "1267477059c82b2fd96e650ca6b86683",
            "3d0837ad5a9d6e670cb47b0ef8ef8483",
            "9fe653b732397238676bcd4133e1957d",
            "d212ef407f9cec79283ddaf002d896fd",
            "fd62c31e9a6c793e626f61828be91efa"
        ],
        "player_model": "G3_PM2"
    },
    "model": "graph.path",
    "pk": 101
},
{
    "fields": {
        "graph": "Test_G3",
        "edges": [
            "1267477059c82b2fd96e650ca6b86683",
            "9e2bdb29f43e10432f4dd0dcb88d1e69",
            "9fe653b732397238676bcd4133e1957d",
            "b185d69ac36af3d47d64038d8aa3eda0",
            "d212ef407f9cec79283ddaf002d896fd",
            "fd62c31e9a6c793e626f61828be91efa"
        ],
        "player_model": "G3_PM2"
    },
    "model": "graph.path",
    "pk": 102
},
{
    "fields": {
        "graph": "Test_G3",
        "edges": [
            "1893b8fe692af78780b6103b6e79b958",
            "9fe653b732397238676bcd4133e1957d",
            "b63c25e1fed8bc237095f57759bcf986",
            "d212ef407f9cec79283ddaf002d896fd"
        ],
        "player_model": "G3_PM2"
    },
    "model": "graph.path",
    "pk": 103
},
{
    "fields": {
        "iteration": 0,
        "graph_cost": null,
        "game_object": null
    },
    "model": "graph.gameturn",
    "pk": 1
},
{
    "fields": {
        "iteration": 0,
        "graph_cost": null,
        "game_object": null
    },
    "model": "graph.gameturn",
    "pk": 2
},
{
    "fields": {
        "iteration": 0,
        "graph_cost": null,
        "game_object": null
    },
    "model": "graph.gameturn",
    "pk": 3
},
{
    "fields": {
        "iteration": 0,
        "graph_cost": null,
        "game_object": null
    },
    "model": "graph.gameturn",
    "pk": 4
},
{
    "fields": {
        "iteration": 0,
        "graph_cost": null,
        "game_object": null
    },
    "model": "graph.gameturn",
    "pk": 5
},
{
    "fields": {
        "iteration": 0,
        "graph_cost": null,
        "game_object": null
    },
    "model": "graph.gameturn",
    "pk": 6
},
{
    "fields": {
        "iteration": 0,
        "graph_cost": null,
        "game_object": null
    },
    "model": "graph.gameturn",
    "pk": 7
},
{
    "fields": {
        "iteration": 0,
        "graph_cost": null,
        "game_object": null
    },
    "model": "graph.gameturn",
    "pk": 8
},
{
    "fields": {
        "iteration": 0,
        "graph_cost": null,
        "game_object": null
    },
    "model": "graph.gameturn",
    "pk": 9
},
{
    "fields": {
        "iteration": 0,
        "graph_cost": null,
        "game_object": null
    },
    "model": "graph.gameturn",
    "pk": 10
},
{
    "fields": {
        "iteration": 0,
        "graph_cost": null,
        "game_object": null
    },
    "model": "graph.gameturn",
    "pk": 11
},
{
    "fields": {
        "iteration": 0,
        "graph_cost": null,
        "game_object": null
    },
    "model": "graph.gameturn",
    "pk": 12
},
{
    "fields": {
        "iteration": 0,
        "graph_cost": null,
        "game_object": null
    },
    "model": "graph.gameturn",
    "pk": 13
},
{
    "fields": {
        "iteration": 0,
        "graph_cost": null,
        "game_object": null
    },
    "model": "graph.gameturn",
    "pk": 14
},
{
    "fields": {
        "iteration": 0,
        "graph_cost": null,
        "game_object": null
    },
    "model": "graph.gameturn",
    "pk": 15
},
{
    "fields": {
        "current_turn": 13,
        "single_slider_mode": false,
        "started": false,
        "graph": "Test_G1",
        "game_loop_time": null,
        "currently_in_use": true,
        "edge_highlight": true,
        "stopped": false,
        "turns": [],
        "duration": 30
    },
    "model": "graph.game",
    "pk": "game"
},
{
    "fields": {
        "current_turn": 14,
        "single_slider_mode": false,
        "started": false,
        "graph": "Test_G2",
        "game_loop_time": null,
        "currently_in_use": false,
        "edge_highlight": true,
        "stopped": false,
        "turns": [],
        "duration": 30
    },
    "model": "graph.game",
    "pk": "game_2"
},
{
    "fields": {
        "current_turn": 15,
        "single_slider_mode": false,
        "started": false,
        "graph": "Test_G3",
        "game_loop_time": null,
        "currently_in_use": false,
        "edge_highlight": true,
        "stopped": false,
        "turns": [],
        "duration": 30
    },
    "model": "graph.game",
    "pk": "game_3"
},
{
    "fields": {
        "codename": "add_permission",
        "name": "Can add permission",
        "content_type": 1
    },
    "model": "auth.permission",
    "pk": 1
},
{
    "fields": {
        "codename": "change_permission",
        "name": "Can change permission",
        "content_type": 1
    },
    "model": "auth.permission",
    "pk": 2
},
{
    "fields": {
        "codename": "delete_permission",
        "name": "Can delete permission",
        "content_type": 1
    },
    "model": "auth.permission",
    "pk": 3
},
{
    "fields": {
        "codename": "add_group",
        "name": "Can add group",
        "content_type": 2
    },
    "model": "auth.permission",
    "pk": 4
},
{
    "fields": {
        "codename": "change_group",
        "name": "Can change group",
        "content_type": 2
    },
    "model": "auth.permission",
    "pk": 5
},
{
    "fields": {
        "codename": "delete_group",
        "name": "Can delete group",
        "content_type": 2
    },
    "model": "auth.permission",
    "pk": 6
},
{
    "fields": {
        "codename": "add_user",
        "name": "Can add user",
        "content_type": 3
    },
    "model": "auth.permission",
    "pk": 7
},
{
    "fields": {
        "codename": "change_user",
        "name": "Can change user",
        "content_type": 3
    },
    "model": "auth.permission",
    "pk": 8
},
{
    "fields": {
        "codename": "delete_user",
        "name": "Can delete user",
        "content_type": 3
    },
    "model": "auth.permission",
    "pk": 9
},
{
    "fields": {
        "codename": "add_contenttype",
        "name": "Can add content type",
        "content_type": 4
    },
    "model": "auth.permission",
    "pk": 10
},
{
    "fields": {
        "codename": "change_contenttype",
        "name": "Can change content type",
        "content_type": 4
    },
    "model": "auth.permission",
    "pk": 11
},
{
    "fields": {
        "codename": "delete_contenttype",
        "name": "Can delete content type",
        "content_type": 4
    },
    "model": "auth.permission",
    "pk": 12
},
{
    "fields": {
        "codename": "add_session",
        "name": "Can add session",
        "content_type": 5
    },
    "model": "auth.permission",
    "pk": 13
},
{
    "fields": {
        "codename": "change_session",
        "name": "Can change session",
        "content_type": 5
    },
    "model": "auth.permission",
    "pk": 14
},
{
    "fields": {
        "codename": "delete_session",
        "name": "Can delete session",
        "content_type": 5
    },
    "model": "auth.permission",
    "pk": 15
},
{
    "fields": {
        "codename": "add_taskmeta",
        "name": "Can add task state",
        "content_type": 6
    },
    "model": "auth.permission",
    "pk": 16
},
{
    "fields": {
        "codename": "change_taskmeta",
        "name": "Can change task state",
        "content_type": 6
    },
    "model": "auth.permission",
    "pk": 17
},
{
    "fields": {
        "codename": "delete_taskmeta",
        "name": "Can delete task state",
        "content_type": 6
    },
    "model": "auth.permission",
    "pk": 18
},
{
    "fields": {
        "codename": "add_tasksetmeta",
        "name": "Can add saved group result",
        "content_type": 7
    },
    "model": "auth.permission",
    "pk": 19
},
{
    "fields": {
        "codename": "change_tasksetmeta",
        "name": "Can change saved group result",
        "content_type": 7
    },
    "model": "auth.permission",
    "pk": 20
},
{
    "fields": {
        "codename": "delete_tasksetmeta",
        "name": "Can delete saved group result",
        "content_type": 7
    },
    "model": "auth.permission",
    "pk": 21
},
{
    "fields": {
        "codename": "add_intervalschedule",
        "name": "Can add interval",
        "content_type": 8
    },
    "model": "auth.permission",
    "pk": 22
},
{
    "fields": {
        "codename": "change_intervalschedule",
        "name": "Can change interval",
        "content_type": 8
    },
    "model": "auth.permission",
    "pk": 23
},
{
    "fields": {
        "codename": "delete_intervalschedule",
        "name": "Can delete interval",
        "content_type": 8
    },
    "model": "auth.permission",
    "pk": 24
},
{
    "fields": {
        "codename": "add_crontabschedule",
        "name": "Can add crontab",
        "content_type": 9
    },
    "model": "auth.permission",
    "pk": 25
},
{
    "fields": {
        "codename": "change_crontabschedule",
        "name": "Can change crontab",
        "content_type": 9
    },
    "model": "auth.permission",
    "pk": 26
},
{
    "fields": {
        "codename": "delete_crontabschedule",
        "name": "Can delete crontab",
        "content_type": 9
    },
    "model": "auth.permission",
    "pk": 27
},
{
    "fields": {
        "codename": "add_periodictasks",
        "name": "Can add periodic tasks",
        "content_type": 10
    },
    "model": "auth.permission",
    "pk": 28
},
{
    "fields": {
        "codename": "change_periodictasks",
        "name": "Can change periodic tasks",
        "content_type": 10
    },
    "model": "auth.permission",
    "pk": 29
},
{
    "fields": {
        "codename": "delete_periodictasks",
        "name": "Can delete periodic tasks",
        "content_type": 10
    },
    "model": "auth.permission",
    "pk": 30
},
{
    "fields": {
        "codename": "add_periodictask",
        "name": "Can add periodic task",
        "content_type": 11
    },
    "model": "auth.permission",
    "pk": 31
},
{
    "fields": {
        "codename": "change_periodictask",
        "name": "Can change periodic task",
        "content_type": 11
    },
    "model": "auth.permission",
    "pk": 32
},
{
    "fields": {
        "codename": "delete_periodictask",
        "name": "Can delete periodic task",
        "content_type": 11
    },
    "model": "auth.permission",
    "pk": 33
},
{
    "fields": {
        "codename": "add_workerstate",
        "name": "Can add worker",
        "content_type": 12
    },
    "model": "auth.permission",
    "pk": 34
},
{
    "fields": {
        "codename": "change_workerstate",
        "name": "Can change worker",
        "content_type": 12
    },
    "model": "auth.permission",
    "pk": 35
},
{
    "fields": {
        "codename": "delete_workerstate",
        "name": "Can delete worker",
        "content_type": 12
    },
    "model": "auth.permission",
    "pk": 36
},
{
    "fields": {
        "codename": "add_taskstate",
        "name": "Can add task",
        "content_type": 13
    },
    "model": "auth.permission",
    "pk": 37
},
{
    "fields": {
        "codename": "change_taskstate",
        "name": "Can change task",
        "content_type": 13
    },
    "model": "auth.permission",
    "pk": 38
},
{
    "fields": {
        "codename": "delete_taskstate",
        "name": "Can delete task",
        "content_type": 13
    },
    "model": "auth.permission",
    "pk": 39
},
{
    "fields": {
        "codename": "add_user",
        "name": "Can add user",
        "content_type": 14
    },
    "model": "auth.permission",
    "pk": 40
},
{
    "fields": {
        "codename": "change_user",
        "name": "Can change user",
        "content_type": 14
    },
    "model": "auth.permission",
    "pk": 41
},
{
    "fields": {
        "codename": "delete_user",
        "name": "Can delete user",
        "content_type": 14
    },
    "model": "auth.permission",
    "pk": 42
},
{
    "fields": {
        "codename": "add_graph",
        "name": "Can add graph",
        "content_type": 15
    },
    "model": "auth.permission",
    "pk": 43
},
{
    "fields": {
        "codename": "change_graph",
        "name": "Can change graph",
        "content_type": 15
    },
    "model": "auth.permission",
    "pk": 44
},
{
    "fields": {
        "codename": "delete_graph",
        "name": "Can delete graph",
        "content_type": 15
    },
    "model": "auth.permission",
    "pk": 45
},
{
    "fields": {
        "codename": "add_node",
        "name": "Can add node",
        "content_type": 16
    },
    "model": "auth.permission",
    "pk": 46
},
{
    "fields": {
        "codename": "change_node",
        "name": "Can change node",
        "content_type": 16
    },
    "model": "auth.permission",
    "pk": 47
},
{
    "fields": {
        "codename": "delete_node",
        "name": "Can delete node",
        "content_type": 16
    },
    "model": "auth.permission",
    "pk": 48
},
{
    "fields": {
        "codename": "add_playermodel",
        "name": "Can add player model",
        "content_type": 17
    },
    "model": "auth.permission",
    "pk": 49
},
{
    "fields": {
        "codename": "change_playermodel",
        "name": "Can change player model",
        "content_type": 17
    },
    "model": "auth.permission",
    "pk": 50
},
{
    "fields": {
        "codename": "delete_playermodel",
        "name": "Can delete player model",
        "content_type": 17
    },
    "model": "auth.permission",
    "pk": 51
},
{
    "fields": {
        "codename": "add_player",
        "name": "Can add player",
        "content_type": 18
    },
    "model": "auth.permission",
    "pk": 52
},
{
    "fields": {
        "codename": "change_player",
        "name": "Can change player",
        "content_type": 18
    },
    "model": "auth.permission",
    "pk": 53
},
{
    "fields": {
        "codename": "delete_player",
        "name": "Can delete player",
        "content_type": 18
    },
    "model": "auth.permission",
    "pk": 54
},
{
    "fields": {
        "codename": "add_edge",
        "name": "Can add edge",
        "content_type": 19
    },
    "model": "auth.permission",
    "pk": 55
},
{
    "fields": {
        "codename": "change_edge",
        "name": "Can change edge",
        "content_type": 19
    },
    "model": "auth.permission",
    "pk": 56
},
{
    "fields": {
        "codename": "delete_edge",
        "name": "Can delete edge",
        "content_type": 19
    },
    "model": "auth.permission",
    "pk": 57
},
{
    "fields": {
        "codename": "add_path",
        "name": "Can add path",
        "content_type": 20
    },
    "model": "auth.permission",
    "pk": 58
},
{
    "fields": {
        "codename": "change_path",
        "name": "Can change path",
        "content_type": 20
    },
    "model": "auth.permission",
    "pk": 59
},
{
    "fields": {
        "codename": "delete_path",
        "name": "Can delete path",
        "content_type": 20
    },
    "model": "auth.permission",
    "pk": 60
},
{
    "fields": {
        "codename": "add_pathflowassignment",
        "name": "Can add path flow assignment",
        "content_type": 21
    },
    "model": "auth.permission",
    "pk": 61
},
{
    "fields": {
        "codename": "change_pathflowassignment",
        "name": "Can change path flow assignment",
        "content_type": 21
    },
    "model": "auth.permission",
    "pk": 62
},
{
    "fields": {
        "codename": "delete_pathflowassignment",
        "name": "Can delete path flow assignment",
        "content_type": 21
    },
    "model": "auth.permission",
    "pk": 63
},
{
    "fields": {
        "codename": "add_gameturn",
        "name": "Can add game turn",
        "content_type": 22
    },
    "model": "auth.permission",
    "pk": 64
},
{
    "fields": {
        "codename": "change_gameturn",
        "name": "Can change game turn",
        "content_type": 22
    },
    "model": "auth.permission",
    "pk": 65
},
{
    "fields": {
        "codename": "delete_gameturn",
        "name": "Can delete game turn",
        "content_type": 22
    },
    "model": "auth.permission",
    "pk": 66
},
{
    "fields": {
        "codename": "add_flowdistribution",
        "name": "Can add flow distribution",
        "content_type": 23
    },
    "model": "auth.permission",
    "pk": 67
},
{
    "fields": {
        "codename": "change_flowdistribution",
        "name": "Can change flow distribution",
        "content_type": 23
    },
    "model": "auth.permission",
    "pk": 68
},
{
    "fields": {
        "codename": "delete_flowdistribution",
        "name": "Can delete flow distribution",
        "content_type": 23
    },
    "model": "auth.permission",
    "pk": 69
},
{
    "fields": {
        "codename": "add_learningrate",
        "name": "Can add learning rate",
        "content_type": 24
    },
    "model": "auth.permission",
    "pk": 70
},
{
    "fields": {
        "codename": "change_learningrate",
        "name": "Can change learning rate",
        "content_type": 24
    },
    "model": "auth.permission",
    "pk": 71
},
{
    "fields": {
        "codename": "delete_learningrate",
        "name": "Can delete learning rate",
        "content_type": 24
    },
    "model": "auth.permission",
    "pk": 72
},
{
    "fields": {
        "codename": "add_edgecost",
        "name": "Can add edge cost",
        "content_type": 25
    },
    "model": "auth.permission",
    "pk": 73
},
{
    "fields": {
        "codename": "change_edgecost",
        "name": "Can change edge cost",
        "content_type": 25
    },
    "model": "auth.permission",
    "pk": 74
},
{
    "fields": {
        "codename": "delete_edgecost",
        "name": "Can delete edge cost",
        "content_type": 25
    },
    "model": "auth.permission",
    "pk": 75
},
{
    "fields": {
        "codename": "add_graphcost",
        "name": "Can add graph cost",
        "content_type": 26
    },
    "model": "auth.permission",
    "pk": 76
},
{
    "fields": {
        "codename": "change_graphcost",
        "name": "Can change graph cost",
        "content_type": 26
    },
    "model": "auth.permission",
    "pk": 77
},
{
    "fields": {
        "codename": "delete_graphcost",
        "name": "Can delete graph cost",
        "content_type": 26
    },
    "model": "auth.permission",
    "pk": 78
},
{
    "fields": {
        "codename": "add_game",
        "name": "Can add game",
        "content_type": 27
    },
    "model": "auth.permission",
    "pk": 79
},
{
    "fields": {
        "codename": "change_game",
        "name": "Can change game",
        "content_type": 27
    },
    "model": "auth.permission",
    "pk": 80
},
{
    "fields": {
        "codename": "delete_game",
        "name": "Can delete game",
        "content_type": 27
    },
    "model": "auth.permission",
    "pk": 81
},
{
    "fields": {
        "codename": "add_request",
        "name": "Can add request",
        "content_type": 28
    },
    "model": "auth.permission",
    "pk": 82
},
{
    "fields": {
        "codename": "change_request",
        "name": "Can change request",
        "content_type": 28
    },
    "model": "auth.permission",
    "pk": 83
},
{
    "fields": {
        "codename": "delete_request",
        "name": "Can delete request",
        "content_type": 28
    },
    "model": "auth.permission",
    "pk": 84
},
{
    "fields": {
        "codename": "add_response",
        "name": "Can add response",
        "content_type": 29
    },
    "model": "auth.permission",
    "pk": 85
},
{
    "fields": {
        "codename": "change_response",
        "name": "Can change response",
        "content_type": 29
    },
    "model": "auth.permission",
    "pk": 86
},
{
    "fields": {
        "codename": "delete_response",
        "name": "Can delete response",
        "content_type": 29
    },
    "model": "auth.permission",
    "pk": 87
},
{
    "fields": {
        "codename": "add_sqlquery",
        "name": "Can add sql query",
        "content_type": 30
    },
    "model": "auth.permission",
    "pk": 88
},
{
    "fields": {
        "codename": "change_sqlquery",
        "name": "Can change sql query",
        "content_type": 30
    },
    "model": "auth.permission",
    "pk": 89
},
{
    "fields": {
        "codename": "delete_sqlquery",
        "name": "Can delete sql query",
        "content_type": 30
    },
    "model": "auth.permission",
    "pk": 90
},
{
    "fields": {
        "codename": "add_profile",
        "name": "Can add profile",
        "content_type": 31
    },
    "model": "auth.permission",
    "pk": 91
},
{
    "fields": {
        "codename": "change_profile",
        "name": "Can change profile",
        "content_type": 31
    },
    "model": "auth.permission",
    "pk": 92
},
{
    "fields": {
        "codename": "delete_profile",
        "name": "Can delete profile",
        "content_type": 31
    },
    "model": "auth.permission",
    "pk": 93
},
{
    "fields": {
        "username": "admin",
        "first_name": "",
        "last_name": "",
        "is_active": true,
        "is_superuser": false,
        "is_staff": false,
        "last_login": "2016-06-07T18:40:27.397Z",
        "groups": [],
        "user_permissions": [],
        "password": "pbkdf2_sha256$15000$8NdTNSCBs5gn$1u+JdOvtHgXLvD4UghflAHHZAPGxaveQyNQMSZTHOcc=",
        "email": "",
        "date_joined": "2016-05-10T18:05:38.630Z"
    },
    "model": "auth.user",
    "pk": 1
},
{
    "fields": {
        "username": "user_1",
        "first_name": "",
        "last_name": "",
        "is_active": true,
        "is_superuser": false,
        "is_staff": false,
        "last_login": "2016-05-10T18:07:16.905Z",
        "groups": [],
        "user_permissions": [],
        "password": "pbkdf2_sha256$15000$xi4ppUVPyRxV$EGEHWEQ8wBVPZjl97SvOoY8jKsAi0toZ6oGvG7gOYmg=",
        "email": "",
        "date_joined": "2016-05-10T18:07:16.905Z"
    },
    "model": "auth.user",
    "pk": 2
},
{
    "fields": {
        "username": "user_2",
        "first_name": "",
        "last_name": "",
        "is_active": true,
        "is_superuser": false,
        "is_staff": false,
        "last_login": "2016-05-10T18:07:39.470Z",
        "groups": [],
        "user_permissions": [],
        "password": "pbkdf2_sha256$15000$6JbjLqZ6bi29$tMpqjeC92JOaKsYgv+wzxbQaqeNDP2On1lPj+1UKfSI=",
        "email": "",
        "date_joined": "2016-05-10T18:07:39.470Z"
    },
    "model": "auth.user",
    "pk": 3
},
{
    "fields": {
        "superuser": true,
        "game": "game",
        "user": 1,
        "is_a_bot": false,
        "player_model": null
    },
    "model": "graph.player",
    "pk": 1
}
]
