[{"fields": {"model": "permission", "name": "permission", "app_label": "auth"}, "model": "contenttypes.contenttype", "pk": 1}, {"fields": {"model": "group", "name": "group", "app_label": "auth"}, "model": "contenttypes.contenttype", "pk": 2}, {"fields": {"model": "user", "name": "user", "app_label": "auth"}, "model": "contenttypes.contenttype", "pk": 3}, {"fields": {"model": "contenttype", "name": "content type", "app_label": "contenttypes"}, "model": "contenttypes.contenttype", "pk": 4}, {"fields": {"model": "session", "name": "session", "app_label": "sessions"}, "model": "contenttypes.contenttype", "pk": 5}, {"fields": {"model": "taskmeta", "name": "task state", "app_label": "djcelery"}, "model": "contenttypes.contenttype", "pk": 6}, {"fields": {"model": "tasksetmeta", "name": "saved group result", "app_label": "djcelery"}, "model": "contenttypes.contenttype", "pk": 7}, {"fields": {"model": "intervalschedule", "name": "interval", "app_label": "djcelery"}, "model": "contenttypes.contenttype", "pk": 8}, {"fields": {"model": "crontabschedule", "name": "crontab", "app_label": "djcelery"}, "model": "contenttypes.contenttype", "pk": 9}, {"fields": {"model": "periodictasks", "name": "periodic tasks", "app_label": "djcelery"}, "model": "contenttypes.contenttype", "pk": 10}, {"fields": {"model": "periodictask", "name": "periodic task", "app_label": "djcelery"}, "model": "contenttypes.contenttype", "pk": 11}, {"fields": {"model": "workerstate", "name": "worker", "app_label": "djcelery"}, "model": "contenttypes.contenttype", "pk": 12}, {"fields": {"model": "taskstate", "name": "task", "app_label": "djcelery"}, "model": "contenttypes.contenttype", "pk": 13}, {"fields": {"model": "user", "name": "user", "app_label": "id_counter"}, "model": "contenttypes.contenttype", "pk": 14}, {"fields": {"model": "graph", "name": "graph", "app_label": "graph"}, "model": "contenttypes.contenttype", "pk": 15}, {"fields": {"model": "node", "name": "node", "app_label": "graph"}, "model": "contenttypes.contenttype", "pk": 16}, {"fields": {"model": "playermodel", "name": "player model", "app_label": "graph"}, "model": "contenttypes.contenttype", "pk": 17}, {"fields": {"model": "player", "name": "player", "app_label": "graph"}, "model": "contenttypes.contenttype", "pk": 18}, {"fields": {"model": "edge", "name": "edge", "app_label": "graph"}, "model": "contenttypes.contenttype", "pk": 19}, {"fields": {"model": "path", "name": "path", "app_label": "graph"}, "model": "contenttypes.contenttype", "pk": 20}, {"fields": {"model": "pathflowassignment", "name": "path flow assignment", "app_label": "graph"}, "model": "contenttypes.contenttype", "pk": 21}, {"fields": {"model": "gameturn", "name": "game turn", "app_label": "graph"}, "model": "contenttypes.contenttype", "pk": 22}, {"fields": {"model": "flowdistribution", "name": "flow distribution", "app_label": "graph"}, "model": "contenttypes.contenttype", "pk": 23}, {"fields": {"model": "learningrate", "name": "learning rate", "app_label": "graph"}, "model": "contenttypes.contenttype", "pk": 24}, {"fields": {"model": "edgecost", "name": "edge cost", "app_label": "graph"}, "model": "contenttypes.contenttype", "pk": 25}, {"fields": {"model": "graphcost", "name": "graph cost", "app_label": "graph"}, "model": "contenttypes.contenttype", "pk": 26}, {"fields": {"model": "game", "name": "game", "app_label": "graph"}, "model": "contenttypes.contenttype", "pk": 27}, {"fields": {"model": "request", "name": "request", "app_label": "silk"}, "model": "contenttypes.contenttype", "pk": 28}, {"fields": {"model": "response", "name": "response", "app_label": "silk"}, "model": "contenttypes.contenttype", "pk": 29}, {"fields": {"model": "sqlquery", "name": "sql query", "app_label": "silk"}, "model": "contenttypes.contenttype", "pk": 30}, {"fields": {"model": "profile", "name": "profile", "app_label": "silk"}, "model": "contenttypes.contenttype", "pk": 31}, {"fields": {"expire_date": "2016-07-08T18:23:07.317Z", "session_data": "ZjRlMWI5OTgxZDA3OTlmNzczNjgxOTg0YjMyMmFhM2NiNmJiNzE5MDp7fQ=="}, "model": "sessions.session", "pk": "1ieod8wd34bsre4zr2b9svadv8mn6g88"}, {"fields": {"expire_date": "2016-07-08T18:23:07.537Z", "session_data": "ZjRlMWI5OTgxZDA3OTlmNzczNjgxOTg0YjMyMmFhM2NiNmJiNzE5MDp7fQ=="}, "model": "sessions.session", "pk": "afogb9z82hmcix7a1hqjfmbh2mqs4x0g"}, {"fields": {"expire_date": "2016-07-08T18:23:07.200Z", "session_data": "ZjRlMWI5OTgxZDA3OTlmNzczNjgxOTg0YjMyMmFhM2NiNmJiNzE5MDp7fQ=="}, "model": "sessions.session", "pk": "h4ik41y7njte4wz0oqn4wfewnp0317co"}, {"fields": {"expire_date": "2016-07-08T18:28:03.173Z", "session_data": "MWNhYTQ4OTg3YjcyNjZlMWQ4MmZmZWMxODdmZTIxZWE3YWNlYzczYzp7Il9hdXRoX3VzZXJfaGFzaCI6IjQwZjljYWRkZTQyZjIxYTY5ZDg1ZDdkMDVjMzlmMmMxNjM2ODhkNTQiLCJfYXV0aF91c2VyX2JhY2tlbmQiOiJkamFuZ28uY29udHJpYi5hdXRoLmJhY2tlbmRzLk1vZGVsQmFja2VuZCIsIl9hdXRoX3VzZXJfaWQiOjF9"}, "model": "sessions.session", "pk": "ksl7qqfnfmyzdsvzmvne3aot7bbh9xjq"}, {"fields": {"expire_date": "2016-07-08T18:26:46.136Z", "session_data": "ZjRlMWI5OTgxZDA3OTlmNzczNjgxOTg0YjMyMmFhM2NiNmJiNzE5MDp7fQ=="}, "model": "sessions.session", "pk": "nqgkjtay2trjhk4hrmm3954kn7x52qnl"}, {"fields": {"graph_ui": "{\"graph\": \"G1\", \"nodes\": [{\"index\": 0, \"reflexive\": false, \"weight\": 2, \"px\": 125, \"py\": 410, \"y\": 410, \"x\": 125, \"id\": 1}, {\"index\": 1, \"reflexive\": false, \"weight\": 2, \"px\": 195, \"py\": 408, \"y\": 408, \"x\": 195, \"id\": 2}, {\"index\": 2, \"reflexive\": false, \"weight\": 2, \"px\": 273, \"py\": 406, \"y\": 406, \"x\": 273, \"id\": 3}, {\"index\": 3, \"reflexive\": false, \"weight\": 4, \"px\": 158, \"py\": 372, \"y\": 372, \"x\": 158, \"id\": 4}, {\"index\": 4, \"reflexive\": false, \"weight\": 5, \"px\": 234, \"py\": 372, \"y\": 372, \"x\": 234, \"id\": 5}, {\"index\": 5, \"reflexive\": false, \"weight\": 3, \"px\": 94, \"py\": 332, \"y\": 332, \"x\": 94, \"id\": 6}, {\"index\": 6, \"reflexive\": false, \"weight\": 3, \"px\": 280, \"py\": 329, \"y\": 329, \"x\": 280, \"id\": 7}, {\"index\": 7, \"reflexive\": false, \"weight\": 5, \"px\": 151, \"py\": 276, \"y\": 276, \"x\": 151, \"id\": 8}, {\"index\": 8, \"reflexive\": false, \"weight\": 3, \"px\": 230, \"py\": 273, \"y\": 273, \"x\": 230, \"id\": 9}, {\"index\": 9, \"reflexive\": false, \"weight\": 2, \"px\": 83, \"py\": 222, \"y\": 222, \"x\": 83, \"id\": 10}, {\"index\": 10, \"reflexive\": false, \"weight\": 2, \"px\": 190, \"py\": 223, \"y\": 223, \"x\": 190, \"id\": 11}, {\"index\": 11, \"reflexive\": false, \"weight\": 3, \"px\": 300, \"py\": 221, \"y\": 221, \"x\": 300, \"id\": 12}], \"game\": \"game\", \"links\": [{\"id\": \"3ebc8c52c45d65b9a54fa9065831a51f\", \"source\": {\"index\": 2, \"reflexive\": false, \"weight\": 2, \"px\": 273, \"py\": 406, \"y\": 406, \"x\": 273, \"id\": 3}, \"right\": true, \"target\": {\"index\": 6, \"reflexive\": false, \"weight\": 3, \"px\": 280, \"py\": 329, \"y\": 329, \"x\": 280, \"id\": 7}, \"left\": false}, {\"id\": \"40c68b8fb290dde714d30710568e0f83\", \"source\": {\"index\": 2, \"reflexive\": false, \"weight\": 2, \"px\": 273, \"py\": 406, \"y\": 406, \"x\": 273, \"id\": 3}, \"right\": true, \"target\": {\"index\": 4, \"reflexive\": false, \"weight\": 5, \"px\": 234, \"py\": 372, \"y\": 372, \"x\": 234, \"id\": 5}, \"left\": false}, {\"id\": \"f166743264cd271667886c9f9c54fdef\", \"source\": {\"index\": 1, \"reflexive\": false, \"weight\": 2, \"px\": 195, \"py\": 408, \"y\": 408, \"x\": 195, \"id\": 2}, \"right\": true, \"target\": {\"index\": 4, \"reflexive\": false, \"weight\": 5, \"px\": 234, \"py\": 372, \"y\": 372, \"x\": 234, \"id\": 5}, \"left\": false}, {\"id\": \"6cc53c0d58acf2ae1a322d5b3c90dc30\", \"source\": {\"index\": 4, \"reflexive\": false, \"weight\": 5, \"px\": 234, \"py\": 372, \"y\": 372, \"x\": 234, \"id\": 5}, \"right\": true, \"target\": {\"index\": 6, \"reflexive\": false, \"weight\": 3, \"px\": 280, \"py\": 329, \"y\": 329, \"x\": 280, \"id\": 7}, \"left\": false}, {\"id\": \"9a79ab58a15411a434abf71771af5390\", \"source\": {\"index\": 6, \"reflexive\": false, \"weight\": 3, \"px\": 280, \"py\": 329, \"y\": 329, \"x\": 280, \"id\": 7}, \"right\": true, \"target\": {\"index\": 11, \"reflexive\": false, \"weight\": 3, \"px\": 300, \"py\": 221, \"y\": 221, \"x\": 300, \"id\": 12}, \"left\": false}, {\"id\": \"3ff08972f81c705538ee5169cca2dc36\", \"source\": {\"index\": 4, \"reflexive\": false, \"weight\": 5, \"px\": 234, \"py\": 372, \"y\": 372, \"x\": 234, \"id\": 5}, \"right\": true, \"target\": {\"index\": 8, \"reflexive\": false, \"weight\": 3, \"px\": 230, \"py\": 273, \"y\": 273, \"x\": 230, \"id\": 9}, \"left\": false}, {\"id\": \"448833aa3dc54a9d08fc0d0690c3740f\", \"source\": {\"index\": 10, \"reflexive\": false, \"weight\": 2, \"px\": 190, \"py\": 223, \"y\": 223, \"x\": 190, \"id\": 11}, \"right\": false, \"target\": {\"index\": 11, \"reflexive\": false, \"weight\": 3, \"px\": 300, \"py\": 221, \"y\": 221, \"x\": 300, \"id\": 12}, \"left\": true}, {\"id\": \"111d8b70e52f61a4b9835cd1d262bc65\", \"source\": {\"index\": 7, \"reflexive\": false, \"weight\": 5, \"px\": 151, \"py\": 276, \"y\": 276, \"x\": 151, \"id\": 8}, \"right\": true, \"target\": {\"index\": 10, \"reflexive\": false, \"weight\": 2, \"px\": 190, \"py\": 223, \"y\": 223, \"x\": 190, \"id\": 11}, \"left\": false}, {\"id\": \"edf1c476d8715ed49a5b9787f02910f8\", \"source\": {\"index\": 7, \"reflexive\": false, \"weight\": 5, \"px\": 151, \"py\": 276, \"y\": 276, \"x\": 151, \"id\": 8}, \"right\": true, \"target\": {\"index\": 8, \"reflexive\": false, \"weight\": 3, \"px\": 230, \"py\": 273, \"y\": 273, \"x\": 230, \"id\": 9}, \"left\": false}, {\"id\": \"ad94698c0bc344a2e50555a8737f6b96\", \"source\": {\"index\": 8, \"reflexive\": false, \"weight\": 3, \"px\": 230, \"py\": 273, \"y\": 273, \"x\": 230, \"id\": 9}, \"right\": true, \"target\": {\"index\": 11, \"reflexive\": false, \"weight\": 3, \"px\": 300, \"py\": 221, \"y\": 221, \"x\": 300, \"id\": 12}, \"left\": false}, {\"id\": \"0758b0a2f8b385118fb04b4f1a2d0acf\", \"source\": {\"index\": 4, \"reflexive\": false, \"weight\": 5, \"px\": 234, \"py\": 372, \"y\": 372, \"x\": 234, \"id\": 5}, \"right\": true, \"target\": {\"index\": 7, \"reflexive\": false, \"weight\": 5, \"px\": 151, \"py\": 276, \"y\": 276, \"x\": 151, \"id\": 8}, \"left\": false}, {\"id\": \"ac458b515db9dd06f7ac6dfe7cb18be7\", \"source\": {\"index\": 1, \"reflexive\": false, \"weight\": 2, \"px\": 195, \"py\": 408, \"y\": 408, \"x\": 195, \"id\": 2}, \"right\": true, \"target\": {\"index\": 3, \"reflexive\": false, \"weight\": 4, \"px\": 158, \"py\": 372, \"y\": 372, \"x\": 158, \"id\": 4}, \"left\": false}, {\"id\": \"0354b02b1db7e4f249e4431268d16455\", \"source\": {\"index\": 0, \"reflexive\": false, \"weight\": 2, \"px\": 125, \"py\": 410, \"y\": 410, \"x\": 125, \"id\": 1}, \"right\": true, \"target\": {\"index\": 3, \"reflexive\": false, \"weight\": 4, \"px\": 158, \"py\": 372, \"y\": 372, \"x\": 158, \"id\": 4}, \"left\": false}, {\"id\": \"8d7b974264b2de706afccf490beb4aab\", \"source\": {\"index\": 3, \"reflexive\": false, \"weight\": 4, \"px\": 158, \"py\": 372, \"y\": 372, \"x\": 158, \"id\": 4}, \"right\": true, \"target\": {\"index\": 7, \"reflexive\": false, \"weight\": 5, \"px\": 151, \"py\": 276, \"y\": 276, \"x\": 151, \"id\": 8}, \"left\": false}, {\"id\": \"d7413404c40725de8d0cd4f42e5bb958\", \"source\": {\"index\": 0, \"reflexive\": false, \"weight\": 2, \"px\": 125, \"py\": 410, \"y\": 410, \"x\": 125, \"id\": 1}, \"right\": true, \"target\": {\"index\": 5, \"reflexive\": false, \"weight\": 3, \"px\": 94, \"py\": 332, \"y\": 332, \"x\": 94, \"id\": 6}, \"left\": false}, {\"id\": \"892a838ffc16026f5b4118c59781a3aa\", \"source\": {\"index\": 3, \"reflexive\": false, \"weight\": 4, \"px\": 158, \"py\": 372, \"y\": 372, \"x\": 158, \"id\": 4}, \"right\": false, \"target\": {\"index\": 5, \"reflexive\": false, \"weight\": 3, \"px\": 94, \"py\": 332, \"y\": 332, \"x\": 94, \"id\": 6}, \"left\": true}, {\"id\": \"747178a9590fd40e9595404d52a3ec88\", \"source\": {\"index\": 5, \"reflexive\": false, \"weight\": 3, \"px\": 94, \"py\": 332, \"y\": 332, \"x\": 94, \"id\": 6}, \"right\": true, \"target\": {\"index\": 9, \"reflexive\": false, \"weight\": 2, \"px\": 83, \"py\": 222, \"y\": 222, \"x\": 83, \"id\": 10}, \"left\": false}, {\"id\": \"bc7c81a0c4f95d5035dbf3f09c94d825\", \"source\": {\"index\": 7, \"reflexive\": false, \"weight\": 5, \"px\": 151, \"py\": 276, \"y\": 276, \"x\": 151, \"id\": 8}, \"right\": true, \"target\": {\"index\": 9, \"reflexive\": false, \"weight\": 2, \"px\": 83, \"py\": 222, \"y\": 222, \"x\": 83, \"id\": 10}, \"left\": false}]}"}, "model": "graph.graph", "pk": "G1"}, {"fields": {"graph_ui": "{\"graph\": \"G2\", \"nodes\": [{\"index\": 0, \"reflexive\": false, \"weight\": 2, \"px\": 126, \"py\": 378, \"y\": 378, \"x\": 126, \"id\": 1}, {\"index\": 1, \"reflexive\": false, \"weight\": 2, \"px\": 235, \"py\": 380, \"y\": 380, \"x\": 235, \"id\": 2}, {\"index\": 2, \"reflexive\": false, \"weight\": 2, \"px\": 96, \"py\": 312, \"y\": 312, \"x\": 96, \"id\": 3}, {\"index\": 3, \"reflexive\": false, \"weight\": 5, \"px\": 175, \"py\": 285, \"y\": 285, \"x\": 175, \"id\": 4}, {\"index\": 4, \"reflexive\": false, \"weight\": 3, \"px\": 268, \"py\": 301, \"y\": 301, \"x\": 268, \"id\": 5}, {\"index\": 5, \"reflexive\": false, \"weight\": 4, \"px\": 261, \"py\": 222, \"y\": 222, \"x\": 261, \"id\": 6}, {\"index\": 6, \"reflexive\": false, \"weight\": 3, \"px\": 106, \"py\": 215, \"y\": 215, \"x\": 106, \"id\": 7}, {\"index\": 7, \"reflexive\": false, \"weight\": 3, \"px\": 183, \"py\": 176, \"y\": 176, \"x\": 183, \"id\": 8}], \"game\": \"game\", \"links\": [{\"id\": \"7bd55be53c65039d170adfdc4ec2e534\", \"source\": {\"index\": 1, \"reflexive\": false, \"weight\": 2, \"px\": 235, \"py\": 380, \"y\": 380, \"x\": 235, \"id\": 2}, \"right\": true, \"target\": {\"index\": 3, \"reflexive\": false, \"weight\": 5, \"px\": 175, \"py\": 285, \"y\": 285, \"x\": 175, \"id\": 4}, \"left\": false}, {\"id\": \"b27138b5171ed8cb275f9e371792a990\", \"source\": {\"index\": 1, \"reflexive\": false, \"weight\": 2, \"px\": 235, \"py\": 380, \"y\": 380, \"x\": 235, \"id\": 2}, \"right\": true, \"target\": {\"index\": 4, \"reflexive\": false, \"weight\": 3, \"px\": 268, \"py\": 301, \"y\": 301, \"x\": 268, \"id\": 5}, \"left\": false}, {\"id\": \"c9f373db32a6a2a64ae3b9afe8ac27b5\", \"source\": {\"index\": 4, \"reflexive\": false, \"weight\": 3, \"px\": 268, \"py\": 301, \"y\": 301, \"x\": 268, \"id\": 5}, \"right\": true, \"target\": {\"index\": 6, \"reflexive\": false, \"weight\": 3, \"px\": 106, \"py\": 215, \"y\": 215, \"x\": 106, \"id\": 7}, \"left\": false}, {\"id\": \"1befb2099eb88592d730cb826757aedf\", \"source\": {\"index\": 3, \"reflexive\": false, \"weight\": 5, \"px\": 175, \"py\": 285, \"y\": 285, \"x\": 175, \"id\": 4}, \"right\": true, \"target\": {\"index\": 5, \"reflexive\": false, \"weight\": 4, \"px\": 261, \"py\": 222, \"y\": 222, \"x\": 261, \"id\": 6}, \"left\": false}, {\"id\": \"e9a4338cfc8ce0b9353759e081e83908\", \"source\": {\"index\": 5, \"reflexive\": false, \"weight\": 4, \"px\": 261, \"py\": 222, \"y\": 222, \"x\": 261, \"id\": 6}, \"right\": true, \"target\": {\"index\": 6, \"reflexive\": false, \"weight\": 3, \"px\": 106, \"py\": 215, \"y\": 215, \"x\": 106, \"id\": 7}, \"left\": false}, {\"id\": \"aed2415e8726922cfaf0c4f129987906\", \"source\": {\"index\": 4, \"reflexive\": false, \"weight\": 3, \"px\": 268, \"py\": 301, \"y\": 301, \"x\": 268, \"id\": 5}, \"right\": true, \"target\": {\"index\": 5, \"reflexive\": false, \"weight\": 4, \"px\": 261, \"py\": 222, \"y\": 222, \"x\": 261, \"id\": 6}, \"left\": false}, {\"id\": \"7358b32a61f795a3bc9b80962bb3a3a6\", \"source\": {\"index\": 5, \"reflexive\": false, \"weight\": 4, \"px\": 261, \"py\": 222, \"y\": 222, \"x\": 261, \"id\": 6}, \"right\": true, \"target\": {\"index\": 7, \"reflexive\": false, \"weight\": 3, \"px\": 183, \"py\": 176, \"y\": 176, \"x\": 183, \"id\": 8}, \"left\": false}, {\"id\": \"1a52142c11dd81582549a752cf1023cd\", \"source\": {\"index\": 0, \"reflexive\": false, \"weight\": 2, \"px\": 126, \"py\": 378, \"y\": 378, \"x\": 126, \"id\": 1}, \"right\": true, \"target\": {\"index\": 3, \"reflexive\": false, \"weight\": 5, \"px\": 175, \"py\": 285, \"y\": 285, \"x\": 175, \"id\": 4}, \"left\": false}, {\"id\": \"1d90f0b9c38754f5e0fe53bddd4d8dda\", \"source\": {\"index\": 3, \"reflexive\": false, \"weight\": 5, \"px\": 175, \"py\": 285, \"y\": 285, \"x\": 175, \"id\": 4}, \"right\": true, \"target\": {\"index\": 7, \"reflexive\": false, \"weight\": 3, \"px\": 183, \"py\": 176, \"y\": 176, \"x\": 183, \"id\": 8}, \"left\": false}, {\"id\": \"269ec8431b024a738b469ac86f9f288c\", \"source\": {\"index\": 0, \"reflexive\": false, \"weight\": 2, \"px\": 126, \"py\": 378, \"y\": 378, \"x\": 126, \"id\": 1}, \"right\": true, \"target\": {\"index\": 2, \"reflexive\": false, \"weight\": 2, \"px\": 96, \"py\": 312, \"y\": 312, \"x\": 96, \"id\": 3}, \"left\": false}, {\"id\": \"113986650e848e9ec1145ef2073ac334\", \"source\": {\"index\": 2, \"reflexive\": false, \"weight\": 2, \"px\": 96, \"py\": 312, \"y\": 312, \"x\": 96, \"id\": 3}, \"right\": true, \"target\": {\"index\": 7, \"reflexive\": false, \"weight\": 3, \"px\": 183, \"py\": 176, \"y\": 176, \"x\": 183, \"id\": 8}, \"left\": false}, {\"id\": \"129297a8ca4f044aebc983e6c028e5b3\", \"source\": {\"index\": 3, \"reflexive\": false, \"weight\": 5, \"px\": 175, \"py\": 285, \"y\": 285, \"x\": 175, \"id\": 4}, \"right\": true, \"target\": {\"index\": 6, \"reflexive\": false, \"weight\": 3, \"px\": 106, \"py\": 215, \"y\": 215, \"x\": 106, \"id\": 7}, \"left\": false}]}"}, "model": "graph.graph", "pk": "G2"}, {"fields": {"graph_ui": "{\"graph\": \"G3\", \"nodes\": [{\"index\": 0, \"reflexive\": false, \"weight\": 1, \"px\": 156, \"py\": 409, \"y\": 409, \"x\": 156, \"id\": 1}, {\"index\": 1, \"reflexive\": false, \"weight\": 1, \"px\": 244, \"py\": 410, \"y\": 410, \"x\": 244, \"id\": 2}, {\"index\": 2, \"reflexive\": false, \"weight\": 5, \"px\": 201, \"py\": 368, \"y\": 368, \"x\": 201, \"id\": 3}, {\"index\": 3, \"reflexive\": false, \"weight\": 2, \"px\": 299, \"py\": 370, \"y\": 370, \"x\": 299, \"id\": 4}, {\"index\": 4, \"reflexive\": false, \"weight\": 2, \"px\": 131, \"py\": 367, \"y\": 367, \"x\": 131, \"id\": 5}, {\"index\": 5, \"reflexive\": false, \"weight\": 5, \"px\": 205, \"py\": 317, \"y\": 317, \"x\": 205, \"id\": 6}, {\"index\": 6, \"reflexive\": false, \"weight\": 3, \"px\": 209, \"py\": 244, \"y\": 244, \"x\": 209, \"id\": 7}, {\"index\": 7, \"reflexive\": false, \"weight\": 3, \"px\": 126, \"py\": 246, \"y\": 246, \"x\": 126, \"id\": 8}, {\"index\": 8, \"reflexive\": false, \"weight\": 5, \"px\": 186, \"py\": 191, \"y\": 191, \"x\": 186, \"id\": 9}, {\"index\": 9, \"reflexive\": false, \"weight\": 1, \"px\": 242, \"py\": 141, \"y\": 141, \"x\": 242, \"id\": 10}, {\"index\": 10, \"reflexive\": false, \"weight\": 2, \"px\": 102, \"py\": 173, \"y\": 173, \"x\": 102, \"id\": 11}, {\"index\": 11, \"reflexive\": false, \"weight\": 2, \"px\": 346, \"py\": 177, \"y\": 177, \"x\": 346, \"id\": 12}], \"game\": \"game\", \"links\": [{\"id\": \"1dca52d1f1d2612549b6bcc8c4433ebd\", \"source\": {\"index\": 0, \"reflexive\": false, \"weight\": 1, \"px\": 156, \"py\": 409, \"y\": 409, \"x\": 156, \"id\": 1}, \"right\": true, \"target\": {\"index\": 2, \"reflexive\": false, \"weight\": 5, \"px\": 201, \"py\": 368, \"y\": 368, \"x\": 201, \"id\": 3}, \"left\": false}, {\"id\": \"cc03dc5ea30ea741e575999f2bf2aae5\", \"source\": {\"index\": 1, \"reflexive\": false, \"weight\": 1, \"px\": 244, \"py\": 410, \"y\": 410, \"x\": 244, \"id\": 2}, \"right\": true, \"target\": {\"index\": 2, \"reflexive\": false, \"weight\": 5, \"px\": 201, \"py\": 368, \"y\": 368, \"x\": 201, \"id\": 3}, \"left\": false}, {\"id\": \"529fe934f768efd92101a4dacedfb038\", \"source\": {\"index\": 2, \"reflexive\": false, \"weight\": 5, \"px\": 201, \"py\": 368, \"y\": 368, \"x\": 201, \"id\": 3}, \"right\": true, \"target\": {\"index\": 3, \"reflexive\": false, \"weight\": 2, \"px\": 299, \"py\": 370, \"y\": 370, \"x\": 299, \"id\": 4}, \"left\": false}, {\"id\": \"0e6c3f92ab97930930a0e0108bf5f8f0\", \"source\": {\"index\": 2, \"reflexive\": false, \"weight\": 5, \"px\": 201, \"py\": 368, \"y\": 368, \"x\": 201, \"id\": 3}, \"right\": true, \"target\": {\"index\": 4, \"reflexive\": false, \"weight\": 2, \"px\": 131, \"py\": 367, \"y\": 367, \"x\": 131, \"id\": 5}, \"left\": false}, {\"id\": \"b2dba587874e63d1c810a3810b32fccd\", \"source\": {\"index\": 4, \"reflexive\": false, \"weight\": 2, \"px\": 131, \"py\": 367, \"y\": 367, \"x\": 131, \"id\": 5}, \"right\": true, \"target\": {\"index\": 5, \"reflexive\": false, \"weight\": 5, \"px\": 205, \"py\": 317, \"y\": 317, \"x\": 205, \"id\": 6}, \"left\": false}, {\"id\": \"77ffc7f74d9fac68645a54eb76522700\", \"source\": {\"index\": 2, \"reflexive\": false, \"weight\": 5, \"px\": 201, \"py\": 368, \"y\": 368, \"x\": 201, \"id\": 3}, \"right\": true, \"target\": {\"index\": 5, \"reflexive\": false, \"weight\": 5, \"px\": 205, \"py\": 317, \"y\": 317, \"x\": 205, \"id\": 6}, \"left\": false}, {\"id\": \"04eac0cec6b693d6d49deeb637a3cae8\", \"source\": {\"index\": 3, \"reflexive\": false, \"weight\": 2, \"px\": 299, \"py\": 370, \"y\": 370, \"x\": 299, \"id\": 4}, \"right\": true, \"target\": {\"index\": 5, \"reflexive\": false, \"weight\": 5, \"px\": 205, \"py\": 317, \"y\": 317, \"x\": 205, \"id\": 6}, \"left\": false}, {\"id\": \"bcbb3443246d42dc5be9380877ba77ca\", \"source\": {\"index\": 5, \"reflexive\": false, \"weight\": 5, \"px\": 205, \"py\": 317, \"y\": 317, \"x\": 205, \"id\": 6}, \"right\": true, \"target\": {\"index\": 6, \"reflexive\": false, \"weight\": 3, \"px\": 209, \"py\": 244, \"y\": 244, \"x\": 209, \"id\": 7}, \"left\": false}, {\"id\": \"8452a5be3aa12432761f3ef34d0a93a1\", \"source\": {\"index\": 5, \"reflexive\": false, \"weight\": 5, \"px\": 205, \"py\": 317, \"y\": 317, \"x\": 205, \"id\": 6}, \"right\": true, \"target\": {\"index\": 7, \"reflexive\": false, \"weight\": 3, \"px\": 126, \"py\": 246, \"y\": 246, \"x\": 126, \"id\": 8}, \"left\": false}, {\"id\": \"a4fcfa5d881a3886155e140bd2e198b8\", \"source\": {\"index\": 7, \"reflexive\": false, \"weight\": 3, \"px\": 126, \"py\": 246, \"y\": 246, \"x\": 126, \"id\": 8}, \"right\": true, \"target\": {\"index\": 8, \"reflexive\": false, \"weight\": 5, \"px\": 186, \"py\": 191, \"y\": 191, \"x\": 186, \"id\": 9}, \"left\": false}, {\"id\": \"254347b098d62bc4146c0dd0f4d59937\", \"source\": {\"index\": 6, \"reflexive\": false, \"weight\": 3, \"px\": 209, \"py\": 244, \"y\": 244, \"x\": 209, \"id\": 7}, \"right\": true, \"target\": {\"index\": 8, \"reflexive\": false, \"weight\": 5, \"px\": 186, \"py\": 191, \"y\": 191, \"x\": 186, \"id\": 9}, \"left\": false}, {\"id\": \"b40a39acc203b1e4522bfa496ec0d35f\", \"source\": {\"index\": 8, \"reflexive\": false, \"weight\": 5, \"px\": 186, \"py\": 191, \"y\": 191, \"x\": 186, \"id\": 9}, \"right\": true, \"target\": {\"index\": 10, \"reflexive\": false, \"weight\": 2, \"px\": 102, \"py\": 173, \"y\": 173, \"x\": 102, \"id\": 11}, \"left\": false}, {\"id\": \"8b15150b89c86c59f782c0c155e89e2b\", \"source\": {\"index\": 7, \"reflexive\": false, \"weight\": 3, \"px\": 126, \"py\": 246, \"y\": 246, \"x\": 126, \"id\": 8}, \"right\": true, \"target\": {\"index\": 10, \"reflexive\": false, \"weight\": 2, \"px\": 102, \"py\": 173, \"y\": 173, \"x\": 102, \"id\": 11}, \"left\": false}, {\"id\": \"eac21b0e80996b462ca869c14df004e2\", \"source\": {\"index\": 8, \"reflexive\": false, \"weight\": 5, \"px\": 186, \"py\": 191, \"y\": 191, \"x\": 186, \"id\": 9}, \"right\": true, \"target\": {\"index\": 9, \"reflexive\": false, \"weight\": 1, \"px\": 242, \"py\": 141, \"y\": 141, \"x\": 242, \"id\": 10}, \"left\": false}, {\"id\": \"372515d68448f922c0c544e750cffb7c\", \"source\": {\"index\": 8, \"reflexive\": false, \"weight\": 5, \"px\": 186, \"py\": 191, \"y\": 191, \"x\": 186, \"id\": 9}, \"right\": true, \"target\": {\"index\": 11, \"reflexive\": false, \"weight\": 2, \"px\": 346, \"py\": 177, \"y\": 177, \"x\": 346, \"id\": 12}, \"left\": false}, {\"id\": \"98811adc96c9a32b6ac4ad34ad45b844\", \"source\": {\"index\": 6, \"reflexive\": false, \"weight\": 3, \"px\": 209, \"py\": 244, \"y\": 244, \"x\": 209, \"id\": 7}, \"right\": true, \"target\": {\"index\": 11, \"reflexive\": false, \"weight\": 2, \"px\": 346, \"py\": 177, \"y\": 177, \"x\": 346, \"id\": 12}, \"left\": false}]}"}, "model": "graph.graph", "pk": "G3"}, {"fields": {"graph": "G1", "ui_id": 1}, "model": "graph.node", "pk": "134576e6-9dc8-4581-8e79-05fe0d85df98"}, {"fields": {"graph": "G2", "ui_id": 6}, "model": "graph.node", "pk": "1a577c24-01e9-46bc-bb3f-5b201442ff54"}, {"fields": {"graph": "G3", "ui_id": 5}, "model": "graph.node", "pk": "263236f8-5829-4b17-8348-3a774cab3e05"}, {"fields": {"graph": "G3", "ui_id": 4}, "model": "graph.node", "pk": "2733ee04-4a6e-42b5-a13a-97cf48d512dc"}, {"fields": {"graph": "G3", "ui_id": 9}, "model": "graph.node", "pk": "27f8d475-3b0d-479f-9e24-3933d575889b"}, {"fields": {"graph": "G1", "ui_id": 3}, "model": "graph.node", "pk": "297ff3b2-82a0-408c-ad2b-8b37b06c668e"}, {"fields": {"graph": "G1", "ui_id": 12}, "model": "graph.node", "pk": "2c5badee-e188-485f-9190-8461c2df0f00"}, {"fields": {"graph": "G3", "ui_id": 1}, "model": "graph.node", "pk": "31203585-60af-4f4c-ab12-494d71c08981"}, {"fields": {"graph": "G2", "ui_id": 7}, "model": "graph.node", "pk": "3e3a644e-5867-4557-a0d3-4eaf546282b9"}, {"fields": {"graph": "G1", "ui_id": 11}, "model": "graph.node", "pk": "40515991-6989-4b53-9a86-628ab3ee78f8"}, {"fields": {"graph": "G3", "ui_id": 7}, "model": "graph.node", "pk": "4aa15c43-7a28-4a64-a2b4-654e62171ed1"}, {"fields": {"graph": "G2", "ui_id": 5}, "model": "graph.node", "pk": "59886473-4942-4a0f-8f2b-2b8872d4fe6d"}, {"fields": {"graph": "G1", "ui_id": 6}, "model": "graph.node", "pk": "6ac98f19-dcb0-4af1-8db1-f00d3671489e"}, {"fields": {"graph": "G2", "ui_id": 2}, "model": "graph.node", "pk": "6e991d26-45db-4316-a88b-485f0630210a"}, {"fields": {"graph": "G1", "ui_id": 4}, "model": "graph.node", "pk": "895127bd-9b67-4683-8282-ac09c16c9287"}, {"fields": {"graph": "G3", "ui_id": 10}, "model": "graph.node", "pk": "9b292641-d06b-46c8-bf9c-9312d2a2af91"}, {"fields": {"graph": "G2", "ui_id": 1}, "model": "graph.node", "pk": "a0ee2fc6-e925-48b1-ae08-c632302395d8"}, {"fields": {"graph": "G2", "ui_id": 4}, "model": "graph.node", "pk": "a9625c09-02f9-4c1c-807a-a24b2881453e"}, {"fields": {"graph": "G2", "ui_id": 8}, "model": "graph.node", "pk": "bad44518-8c47-4a9d-8fed-1f2383eca392"}, {"fields": {"graph": "G3", "ui_id": 2}, "model": "graph.node", "pk": "bbeddd3e-181c-4819-9ad9-9fd6ab5d3cfd"}, {"fields": {"graph": "G3", "ui_id": 6}, "model": "graph.node", "pk": "be3633fc-a56c-4e0a-b42e-f3ac5f54ed76"}, {"fields": {"graph": "G1", "ui_id": 9}, "model": "graph.node", "pk": "be79f8b0-754c-4277-bfa0-eb455cfe9cc6"}, {"fields": {"graph": "G1", "ui_id": 5}, "model": "graph.node", "pk": "bf23cd0c-ce3d-4ea7-a5b4-68246e7ff107"}, {"fields": {"graph": "G2", "ui_id": 3}, "model": "graph.node", "pk": "c222e073-fab7-4901-848c-1dd427574166"}, {"fields": {"graph": "G1", "ui_id": 10}, "model": "graph.node", "pk": "cb498058-0e9e-495e-91a9-9ba2a47e97af"}, {"fields": {"graph": "G1", "ui_id": 2}, "model": "graph.node", "pk": "cff81b77-2bba-477b-ad78-77526edb4444"}, {"fields": {"graph": "G3", "ui_id": 12}, "model": "graph.node", "pk": "d655b7ef-c5b5-472f-8d3a-af7cd70319c3"}, {"fields": {"graph": "G1", "ui_id": 7}, "model": "graph.node", "pk": "db480c30-db34-4659-be34-4208a2ab9194"}, {"fields": {"graph": "G3", "ui_id": 3}, "model": "graph.node", "pk": "f0b31d04-3e7a-4c19-b720-91ae3d520f18"}, {"fields": {"graph": "G3", "ui_id": 8}, "model": "graph.node", "pk": "f19747a5-910b-4891-b00f-c9101c038f9a"}, {"fields": {"graph": "G1", "ui_id": 8}, "model": "graph.node", "pk": "f78f0e54-2b50-4412-9db0-cb29c3e67dac"}, {"fields": {"graph": "G3", "ui_id": 11}, "model": "graph.node", "pk": "fcff05af-3ba4-4975-82a6-de942cb5a2cf"}, {"fields": {"destination_node": "cb498058-0e9e-495e-91a9-9ba2a47e97af", "graph": "G1", "in_use": false, "flow": 1.0, "normalization_const": null, "start_node": "134576e6-9dc8-4581-8e79-05fe0d85df98", "historic_player": ""}, "model": "graph.playermodel", "pk": "G1_PM1"}, {"fields": {"destination_node": "40515991-6989-4b53-9a86-628ab3ee78f8", "graph": "G1", "in_use": false, "flow": 1.0, "normalization_const": null, "start_node": "cff81b77-2bba-477b-ad78-77526edb4444", "historic_player": ""}, "model": "graph.playermodel", "pk": "G1_PM2"}, {"fields": {"destination_node": "2c5badee-e188-485f-9190-8461c2df0f00", "graph": "G1", "in_use": false, "flow": 1.0, "normalization_const": null, "start_node": "297ff3b2-82a0-408c-ad2b-8b37b06c668e", "historic_player": ""}, "model": "graph.playermodel", "pk": "G1_PM3"}, {"fields": {"destination_node": "1a577c24-01e9-46bc-bb3f-5b201442ff54", "graph": "G2", "in_use": false, "flow": 1.0, "normalization_const": null, "start_node": "a0ee2fc6-e925-48b1-ae08-c632302395d8", "historic_player": ""}, "model": "graph.playermodel", "pk": "G2_PM1"}, {"fields": {"destination_node": "3e3a644e-5867-4557-a0d3-4eaf546282b9", "graph": "G2", "in_use": false, "flow": 1.0, "normalization_const": null, "start_node": "6e991d26-45db-4316-a88b-485f0630210a", "historic_player": ""}, "model": "graph.playermodel", "pk": "G2_PM2"}, {"fields": {"destination_node": "bad44518-8c47-4a9d-8fed-1f2383eca392", "graph": "G2", "in_use": false, "flow": 1.0, "normalization_const": null, "start_node": "a0ee2fc6-e925-48b1-ae08-c632302395d8", "historic_player": ""}, "model": "graph.playermodel", "pk": "G2_PM3"}, {"fields": {"destination_node": "d655b7ef-c5b5-472f-8d3a-af7cd70319c3", "graph": "G3", "in_use": false, "flow": 1.0, "normalization_const": null, "start_node": "31203585-60af-4f4c-ab12-494d71c08981", "historic_player": ""}, "model": "graph.playermodel", "pk": "G3_PM1"}, {"fields": {"destination_node": "fcff05af-3ba4-4975-82a6-de942cb5a2cf", "graph": "G3", "in_use": false, "flow": 1.0, "normalization_const": null, "start_node": "bbeddd3e-181c-4819-9ad9-9fd6ab5d3cfd", "historic_player": ""}, "model": "graph.playermodel", "pk": "G3_PM2"}, {"fields": {"destination_node": "9b292641-d06b-46c8-bf9c-9312d2a2af91", "graph": "G3", "in_use": false, "flow": 1.0, "normalization_const": null, "start_node": "31203585-60af-4f4c-ab12-494d71c08981", "historic_player": ""}, "model": "graph.playermodel", "pk": "G3_PM3"}, {"fields": {"graph": "G1", "cost_function": "x", "to_node": "895127bd-9b67-4683-8282-ac09c16c9287", "from_node": "134576e6-9dc8-4581-8e79-05fe0d85df98"}, "model": "graph.edge", "pk": "0354b02b1db7e4f249e4431268d16455"}, {"fields": {"graph": "G3", "cost_function": "x", "to_node": "be3633fc-a56c-4e0a-b42e-f3ac5f54ed76", "from_node": "2733ee04-4a6e-42b5-a13a-97cf48d512dc"}, "model": "graph.edge", "pk": "04eac0cec6b693d6d49deeb637a3cae8"}, {"fields": {"graph": "G1", "cost_function": "x", "to_node": "f78f0e54-2b50-4412-9db0-cb29c3e67dac", "from_node": "bf23cd0c-ce3d-4ea7-a5b4-68246e7ff107"}, "model": "graph.edge", "pk": "0758b0a2f8b385118fb04b4f1a2d0acf"}, {"fields": {"graph": "G3", "cost_function": "x", "to_node": "263236f8-5829-4b17-8348-3a774cab3e05", "from_node": "f0b31d04-3e7a-4c19-b720-91ae3d520f18"}, "model": "graph.edge", "pk": "0e6c3f92ab97930930a0e0108bf5f8f0"}, {"fields": {"graph": "G1", "cost_function": "x", "to_node": "40515991-6989-4b53-9a86-628ab3ee78f8", "from_node": "f78f0e54-2b50-4412-9db0-cb29c3e67dac"}, "model": "graph.edge", "pk": "111d8b70e52f61a4b9835cd1d262bc65"}, {"fields": {"graph": "G2", "cost_function": "x", "to_node": "bad44518-8c47-4a9d-8fed-1f2383eca392", "from_node": "c222e073-fab7-4901-848c-1dd427574166"}, "model": "graph.edge", "pk": "113986650e848e9ec1145ef2073ac334"}, {"fields": {"graph": "G2", "cost_function": "x", "to_node": "3e3a644e-5867-4557-a0d3-4eaf546282b9", "from_node": "a9625c09-02f9-4c1c-807a-a24b2881453e"}, "model": "graph.edge", "pk": "129297a8ca4f044aebc983e6c028e5b3"}, {"fields": {"graph": "G2", "cost_function": "x", "to_node": "a9625c09-02f9-4c1c-807a-a24b2881453e", "from_node": "a0ee2fc6-e925-48b1-ae08-c632302395d8"}, "model": "graph.edge", "pk": "1a52142c11dd81582549a752cf1023cd"}, {"fields": {"graph": "G2", "cost_function": "x", "to_node": "1a577c24-01e9-46bc-bb3f-5b201442ff54", "from_node": "a9625c09-02f9-4c1c-807a-a24b2881453e"}, "model": "graph.edge", "pk": "1befb2099eb88592d730cb826757aedf"}, {"fields": {"graph": "G2", "cost_function": "x", "to_node": "bad44518-8c47-4a9d-8fed-1f2383eca392", "from_node": "a9625c09-02f9-4c1c-807a-a24b2881453e"}, "model": "graph.edge", "pk": "1d90f0b9c38754f5e0fe53bddd4d8dda"}, {"fields": {"graph": "G3", "cost_function": "x", "to_node": "f0b31d04-3e7a-4c19-b720-91ae3d520f18", "from_node": "31203585-60af-4f4c-ab12-494d71c08981"}, "model": "graph.edge", "pk": "1dca52d1f1d2612549b6bcc8c4433ebd"}, {"fields": {"graph": "G3", "cost_function": "x", "to_node": "27f8d475-3b0d-479f-9e24-3933d575889b", "from_node": "4aa15c43-7a28-4a64-a2b4-654e62171ed1"}, "model": "graph.edge", "pk": "254347b098d62bc4146c0dd0f4d59937"}, {"fields": {"graph": "G2", "cost_function": "x", "to_node": "c222e073-fab7-4901-848c-1dd427574166", "from_node": "a0ee2fc6-e925-48b1-ae08-c632302395d8"}, "model": "graph.edge", "pk": "269ec8431b024a738b469ac86f9f288c"}, {"fields": {"graph": "G3", "cost_function": "x", "to_node": "d655b7ef-c5b5-472f-8d3a-af7cd70319c3", "from_node": "27f8d475-3b0d-479f-9e24-3933d575889b"}, "model": "graph.edge", "pk": "372515d68448f922c0c544e750cffb7c"}, {"fields": {"graph": "G1", "cost_function": "x", "to_node": "db480c30-db34-4659-be34-4208a2ab9194", "from_node": "297ff3b2-82a0-408c-ad2b-8b37b06c668e"}, "model": "graph.edge", "pk": "3ebc8c52c45d65b9a54fa9065831a51f"}, {"fields": {"graph": "G1", "cost_function": "x", "to_node": "be79f8b0-754c-4277-bfa0-eb455cfe9cc6", "from_node": "bf23cd0c-ce3d-4ea7-a5b4-68246e7ff107"}, "model": "graph.edge", "pk": "3ff08972f81c705538ee5169cca2dc36"}, {"fields": {"graph": "G1", "cost_function": "x", "to_node": "bf23cd0c-ce3d-4ea7-a5b4-68246e7ff107", "from_node": "297ff3b2-82a0-408c-ad2b-8b37b06c668e"}, "model": "graph.edge", "pk": "40c68b8fb290dde714d30710568e0f83"}, {"fields": {"graph": "G1", "cost_function": "x", "to_node": "40515991-6989-4b53-9a86-628ab3ee78f8", "from_node": "2c5badee-e188-485f-9190-8461c2df0f00"}, "model": "graph.edge", "pk": "448833aa3dc54a9d08fc0d0690c3740f"}, {"fields": {"graph": "G3", "cost_function": "x", "to_node": "2733ee04-4a6e-42b5-a13a-97cf48d512dc", "from_node": "f0b31d04-3e7a-4c19-b720-91ae3d520f18"}, "model": "graph.edge", "pk": "529fe934f768efd92101a4dacedfb038"}, {"fields": {"graph": "G1", "cost_function": "x", "to_node": "db480c30-db34-4659-be34-4208a2ab9194", "from_node": "bf23cd0c-ce3d-4ea7-a5b4-68246e7ff107"}, "model": "graph.edge", "pk": "6cc53c0d58acf2ae1a322d5b3c90dc30"}, {"fields": {"graph": "G2", "cost_function": "x", "to_node": "bad44518-8c47-4a9d-8fed-1f2383eca392", "from_node": "1a577c24-01e9-46bc-bb3f-5b201442ff54"}, "model": "graph.edge", "pk": "7358b32a61f795a3bc9b80962bb3a3a6"}, {"fields": {"graph": "G1", "cost_function": "x", "to_node": "cb498058-0e9e-495e-91a9-9ba2a47e97af", "from_node": "6ac98f19-dcb0-4af1-8db1-f00d3671489e"}, "model": "graph.edge", "pk": "747178a9590fd40e9595404d52a3ec88"}, {"fields": {"graph": "G3", "cost_function": "x", "to_node": "be3633fc-a56c-4e0a-b42e-f3ac5f54ed76", "from_node": "f0b31d04-3e7a-4c19-b720-91ae3d520f18"}, "model": "graph.edge", "pk": "77ffc7f74d9fac68645a54eb76522700"}, {"fields": {"graph": "G2", "cost_function": "x", "to_node": "a9625c09-02f9-4c1c-807a-a24b2881453e", "from_node": "6e991d26-45db-4316-a88b-485f0630210a"}, "model": "graph.edge", "pk": "7bd55be53c65039d170adfdc4ec2e534"}, {"fields": {"graph": "G3", "cost_function": "x", "to_node": "f19747a5-910b-4891-b00f-c9101c038f9a", "from_node": "be3633fc-a56c-4e0a-b42e-f3ac5f54ed76"}, "model": "graph.edge", "pk": "8452a5be3aa12432761f3ef34d0a93a1"}, {"fields": {"graph": "G1", "cost_function": "x", "to_node": "895127bd-9b67-4683-8282-ac09c16c9287", "from_node": "6ac98f19-dcb0-4af1-8db1-f00d3671489e"}, "model": "graph.edge", "pk": "892a838ffc16026f5b4118c59781a3aa"}, {"fields": {"graph": "G3", "cost_function": "x", "to_node": "fcff05af-3ba4-4975-82a6-de942cb5a2cf", "from_node": "f19747a5-910b-4891-b00f-c9101c038f9a"}, "model": "graph.edge", "pk": "8b15150b89c86c59f782c0c155e89e2b"}, {"fields": {"graph": "G1", "cost_function": "x", "to_node": "f78f0e54-2b50-4412-9db0-cb29c3e67dac", "from_node": "895127bd-9b67-4683-8282-ac09c16c9287"}, "model": "graph.edge", "pk": "8d7b974264b2de706afccf490beb4aab"}, {"fields": {"graph": "G3", "cost_function": "x", "to_node": "d655b7ef-c5b5-472f-8d3a-af7cd70319c3", "from_node": "4aa15c43-7a28-4a64-a2b4-654e62171ed1"}, "model": "graph.edge", "pk": "98811adc96c9a32b6ac4ad34ad45b844"}, {"fields": {"graph": "G1", "cost_function": "x", "to_node": "2c5badee-e188-485f-9190-8461c2df0f00", "from_node": "db480c30-db34-4659-be34-4208a2ab9194"}, "model": "graph.edge", "pk": "9a79ab58a15411a434abf71771af5390"}, {"fields": {"graph": "G3", "cost_function": "x", "to_node": "27f8d475-3b0d-479f-9e24-3933d575889b", "from_node": "f19747a5-910b-4891-b00f-c9101c038f9a"}, "model": "graph.edge", "pk": "a4fcfa5d881a3886155e140bd2e198b8"}, {"fields": {"graph": "G1", "cost_function": "x", "to_node": "895127bd-9b67-4683-8282-ac09c16c9287", "from_node": "cff81b77-2bba-477b-ad78-77526edb4444"}, "model": "graph.edge", "pk": "ac458b515db9dd06f7ac6dfe7cb18be7"}, {"fields": {"graph": "G1", "cost_function": "x", "to_node": "2c5badee-e188-485f-9190-8461c2df0f00", "from_node": "be79f8b0-754c-4277-bfa0-eb455cfe9cc6"}, "model": "graph.edge", "pk": "ad94698c0bc344a2e50555a8737f6b96"}, {"fields": {"graph": "G2", "cost_function": "x", "to_node": "1a577c24-01e9-46bc-bb3f-5b201442ff54", "from_node": "59886473-4942-4a0f-8f2b-2b8872d4fe6d"}, "model": "graph.edge", "pk": "aed2415e8726922cfaf0c4f129987906"}, {"fields": {"graph": "G2", "cost_function": "x", "to_node": "59886473-4942-4a0f-8f2b-2b8872d4fe6d", "from_node": "6e991d26-45db-4316-a88b-485f0630210a"}, "model": "graph.edge", "pk": "b27138b5171ed8cb275f9e371792a990"}, {"fields": {"graph": "G3", "cost_function": "x", "to_node": "be3633fc-a56c-4e0a-b42e-f3ac5f54ed76", "from_node": "263236f8-5829-4b17-8348-3a774cab3e05"}, "model": "graph.edge", "pk": "b2dba587874e63d1c810a3810b32fccd"}, {"fields": {"graph": "G3", "cost_function": "x", "to_node": "fcff05af-3ba4-4975-82a6-de942cb5a2cf", "from_node": "27f8d475-3b0d-479f-9e24-3933d575889b"}, "model": "graph.edge", "pk": "b40a39acc203b1e4522bfa496ec0d35f"}, {"fields": {"graph": "G1", "cost_function": "x", "to_node": "cb498058-0e9e-495e-91a9-9ba2a47e97af", "from_node": "f78f0e54-2b50-4412-9db0-cb29c3e67dac"}, "model": "graph.edge", "pk": "bc7c81a0c4f95d5035dbf3f09c94d825"}, {"fields": {"graph": "G3", "cost_function": "x", "to_node": "4aa15c43-7a28-4a64-a2b4-654e62171ed1", "from_node": "be3633fc-a56c-4e0a-b42e-f3ac5f54ed76"}, "model": "graph.edge", "pk": "bcbb3443246d42dc5be9380877ba77ca"}, {"fields": {"graph": "G2", "cost_function": "x", "to_node": "3e3a644e-5867-4557-a0d3-4eaf546282b9", "from_node": "59886473-4942-4a0f-8f2b-2b8872d4fe6d"}, "model": "graph.edge", "pk": "c9f373db32a6a2a64ae3b9afe8ac27b5"}, {"fields": {"graph": "G3", "cost_function": "x", "to_node": "f0b31d04-3e7a-4c19-b720-91ae3d520f18", "from_node": "bbeddd3e-181c-4819-9ad9-9fd6ab5d3cfd"}, "model": "graph.edge", "pk": "cc03dc5ea30ea741e575999f2bf2aae5"}, {"fields": {"graph": "G1", "cost_function": "x", "to_node": "6ac98f19-dcb0-4af1-8db1-f00d3671489e", "from_node": "134576e6-9dc8-4581-8e79-05fe0d85df98"}, "model": "graph.edge", "pk": "d7413404c40725de8d0cd4f42e5bb958"}, {"fields": {"graph": "G2", "cost_function": "x", "to_node": "3e3a644e-5867-4557-a0d3-4eaf546282b9", "from_node": "1a577c24-01e9-46bc-bb3f-5b201442ff54"}, "model": "graph.edge", "pk": "e9a4338cfc8ce0b9353759e081e83908"}, {"fields": {"graph": "G3", "cost_function": "x", "to_node": "9b292641-d06b-46c8-bf9c-9312d2a2af91", "from_node": "27f8d475-3b0d-479f-9e24-3933d575889b"}, "model": "graph.edge", "pk": "eac21b0e80996b462ca869c14df004e2"}, {"fields": {"graph": "G1", "cost_function": "x", "to_node": "be79f8b0-754c-4277-bfa0-eb455cfe9cc6", "from_node": "f78f0e54-2b50-4412-9db0-cb29c3e67dac"}, "model": "graph.edge", "pk": "edf1c476d8715ed49a5b9787f02910f8"}, {"fields": {"graph": "G1", "cost_function": "x", "to_node": "bf23cd0c-ce3d-4ea7-a5b4-68246e7ff107", "from_node": "cff81b77-2bba-477b-ad78-77526edb4444"}, "model": "graph.edge", "pk": "f166743264cd271667886c9f9c54fdef"}, {"fields": {"graph": "G1", "edges": ["40c68b8fb290dde714d30710568e0f83", "edf1c476d8715ed49a5b9787f02910f8", "ad94698c0bc344a2e50555a8737f6b96", "0758b0a2f8b385118fb04b4f1a2d0acf"], "player_model": "G1_PM3"}, "model": "graph.path", "pk": 5}, {"fields": {"graph": "G1", "edges": ["40c68b8fb290dde714d30710568e0f83", "3ff08972f81c705538ee5169cca2dc36", "ad94698c0bc344a2e50555a8737f6b96"], "player_model": "G1_PM3"}, "model": "graph.path", "pk": 6}, {"fields": {"graph": "G1", "edges": ["40c68b8fb290dde714d30710568e0f83", "6cc53c0d58acf2ae1a322d5b3c90dc30", "9a79ab58a15411a434abf71771af5390"], "player_model": "G1_PM3"}, "model": "graph.path", "pk": 7}, {"fields": {"graph": "G1", "edges": ["3ebc8c52c45d65b9a54fa9065831a51f", "9a79ab58a15411a434abf71771af5390"], "player_model": "G1_PM3"}, "model": "graph.path", "pk": 8}, {"fields": {"graph": "G1", "edges": ["f166743264cd271667886c9f9c54fdef", "448833aa3dc54a9d08fc0d0690c3740f", "edf1c476d8715ed49a5b9787f02910f8", "ad94698c0bc344a2e50555a8737f6b96", "0758b0a2f8b385118fb04b4f1a2d0acf"], "player_model": "G1_PM2"}, "model": "graph.path", "pk": 11}, {"fields": {"graph": "G1", "edges": ["448833aa3dc54a9d08fc0d0690c3740f", "edf1c476d8715ed49a5b9787f02910f8", "ad94698c0bc344a2e50555a8737f6b96", "ac458b515db9dd06f7ac6dfe7cb18be7", "8d7b974264b2de706afccf490beb4aab"], "player_model": "G1_PM2"}, "model": "graph.path", "pk": 12}, {"fields": {"graph": "G1", "edges": ["f166743264cd271667886c9f9c54fdef", "111d8b70e52f61a4b9835cd1d262bc65", "0758b0a2f8b385118fb04b4f1a2d0acf"], "player_model": "G1_PM2"}, "model": "graph.path", "pk": 13}, {"fields": {"graph": "G1", "edges": ["111d8b70e52f61a4b9835cd1d262bc65", "ac458b515db9dd06f7ac6dfe7cb18be7", "8d7b974264b2de706afccf490beb4aab"], "player_model": "G1_PM2"}, "model": "graph.path", "pk": 14}, {"fields": {"graph": "G1", "edges": ["f166743264cd271667886c9f9c54fdef", "3ff08972f81c705538ee5169cca2dc36", "448833aa3dc54a9d08fc0d0690c3740f", "ad94698c0bc344a2e50555a8737f6b96"], "player_model": "G1_PM2"}, "model": "graph.path", "pk": 15}, {"fields": {"graph": "G1", "edges": ["f166743264cd271667886c9f9c54fdef", "448833aa3dc54a9d08fc0d0690c3740f", "edf1c476d8715ed49a5b9787f02910f8", "ad94698c0bc344a2e50555a8737f6b96", "0758b0a2f8b385118fb04b4f1a2d0acf"], "player_model": "G1_PM2"}, "model": "graph.path", "pk": 16}, {"fields": {"graph": "G1", "edges": ["f166743264cd271667886c9f9c54fdef", "6cc53c0d58acf2ae1a322d5b3c90dc30", "9a79ab58a15411a434abf71771af5390", "448833aa3dc54a9d08fc0d0690c3740f"], "player_model": "G1_PM2"}, "model": "graph.path", "pk": 17}, {"fields": {"graph": "G1", "edges": ["f166743264cd271667886c9f9c54fdef", "111d8b70e52f61a4b9835cd1d262bc65", "0758b0a2f8b385118fb04b4f1a2d0acf"], "player_model": "G1_PM2"}, "model": "graph.path", "pk": 18}, {"fields": {"graph": "G1", "edges": ["f166743264cd271667886c9f9c54fdef", "3ff08972f81c705538ee5169cca2dc36", "448833aa3dc54a9d08fc0d0690c3740f", "ad94698c0bc344a2e50555a8737f6b96"], "player_model": "G1_PM2"}, "model": "graph.path", "pk": 19}, {"fields": {"graph": "G1", "edges": ["f166743264cd271667886c9f9c54fdef", "6cc53c0d58acf2ae1a322d5b3c90dc30", "9a79ab58a15411a434abf71771af5390", "448833aa3dc54a9d08fc0d0690c3740f"], "player_model": "G1_PM2"}, "model": "graph.path", "pk": 20}, {"fields": {"graph": "G1", "edges": ["0354b02b1db7e4f249e4431268d16455", "8d7b974264b2de706afccf490beb4aab", "bc7c81a0c4f95d5035dbf3f09c94d825"], "player_model": "G1_PM1"}, "model": "graph.path", "pk": 21}, {"fields": {"graph": "G1", "edges": ["d7413404c40725de8d0cd4f42e5bb958", "747178a9590fd40e9595404d52a3ec88"], "player_model": "G1_PM1"}, "model": "graph.path", "pk": 22}, {"fields": {"graph": "G1", "edges": ["8d7b974264b2de706afccf490beb4aab", "d7413404c40725de8d0cd4f42e5bb958", "892a838ffc16026f5b4118c59781a3aa", "bc7c81a0c4f95d5035dbf3f09c94d825"], "player_model": "G1_PM1"}, "model": "graph.path", "pk": 23}, {"fields": {"graph": "G2", "edges": ["7bd55be53c65039d170adfdc4ec2e534", "1befb2099eb88592d730cb826757aedf", "e9a4338cfc8ce0b9353759e081e83908"], "player_model": "G2_PM2"}, "model": "graph.path", "pk": 24}, {"fields": {"graph": "G2", "edges": ["7bd55be53c65039d170adfdc4ec2e534", "129297a8ca4f044aebc983e6c028e5b3"], "player_model": "G2_PM2"}, "model": "graph.path", "pk": 25}, {"fields": {"graph": "G2", "edges": ["b27138b5171ed8cb275f9e371792a990", "e9a4338cfc8ce0b9353759e081e83908", "aed2415e8726922cfaf0c4f129987906"], "player_model": "G2_PM2"}, "model": "graph.path", "pk": 26}, {"fields": {"graph": "G2", "edges": ["b27138b5171ed8cb275f9e371792a990", "c9f373db32a6a2a64ae3b9afe8ac27b5"], "player_model": "G2_PM2"}, "model": "graph.path", "pk": 27}, {"fields": {"graph": "G2", "edges": ["269ec8431b024a738b469ac86f9f288c", "113986650e848e9ec1145ef2073ac334"], "player_model": "G2_PM3"}, "model": "graph.path", "pk": 28}, {"fields": {"graph": "G2", "edges": ["1a52142c11dd81582549a752cf1023cd", "1d90f0b9c38754f5e0fe53bddd4d8dda"], "player_model": "G2_PM3"}, "model": "graph.path", "pk": 29}, {"fields": {"graph": "G2", "edges": ["1befb2099eb88592d730cb826757aedf", "7358b32a61f795a3bc9b80962bb3a3a6", "1a52142c11dd81582549a752cf1023cd"], "player_model": "G2_PM3"}, "model": "graph.path", "pk": 30}, {"fields": {"graph": "G2", "edges": ["1a52142c11dd81582549a752cf1023cd", "1befb2099eb88592d730cb826757aedf"], "player_model": "G2_PM1"}, "model": "graph.path", "pk": 31}, {"fields": {"graph": "G3", "edges": ["cc03dc5ea30ea741e575999f2bf2aae5", "529fe934f768efd92101a4dacedfb038", "04eac0cec6b693d6d49deeb637a3cae8", "8452a5be3aa12432761f3ef34d0a93a1", "a4fcfa5d881a3886155e140bd2e198b8", "b40a39acc203b1e4522bfa496ec0d35f"], "player_model": "G3_PM2"}, "model": "graph.path", "pk": 32}, {"fields": {"graph": "G3", "edges": ["cc03dc5ea30ea741e575999f2bf2aae5", "529fe934f768efd92101a4dacedfb038", "04eac0cec6b693d6d49deeb637a3cae8", "8452a5be3aa12432761f3ef34d0a93a1", "8b15150b89c86c59f782c0c155e89e2b"], "player_model": "G3_PM2"}, "model": "graph.path", "pk": 33}, {"fields": {"graph": "G3", "edges": ["cc03dc5ea30ea741e575999f2bf2aae5", "529fe934f768efd92101a4dacedfb038", "04eac0cec6b693d6d49deeb637a3cae8", "bcbb3443246d42dc5be9380877ba77ca", "254347b098d62bc4146c0dd0f4d59937", "b40a39acc203b1e4522bfa496ec0d35f"], "player_model": "G3_PM2"}, "model": "graph.path", "pk": 34}, {"fields": {"graph": "G3", "edges": ["cc03dc5ea30ea741e575999f2bf2aae5", "0e6c3f92ab97930930a0e0108bf5f8f0", "b2dba587874e63d1c810a3810b32fccd", "8452a5be3aa12432761f3ef34d0a93a1", "a4fcfa5d881a3886155e140bd2e198b8", "b40a39acc203b1e4522bfa496ec0d35f"], "player_model": "G3_PM2"}, "model": "graph.path", "pk": 35}, {"fields": {"graph": "G3", "edges": ["cc03dc5ea30ea741e575999f2bf2aae5", "0e6c3f92ab97930930a0e0108bf5f8f0", "b2dba587874e63d1c810a3810b32fccd", "8452a5be3aa12432761f3ef34d0a93a1", "8b15150b89c86c59f782c0c155e89e2b"], "player_model": "G3_PM2"}, "model": "graph.path", "pk": 36}, {"fields": {"graph": "G3", "edges": ["cc03dc5ea30ea741e575999f2bf2aae5", "0e6c3f92ab97930930a0e0108bf5f8f0", "b2dba587874e63d1c810a3810b32fccd", "bcbb3443246d42dc5be9380877ba77ca", "254347b098d62bc4146c0dd0f4d59937", "b40a39acc203b1e4522bfa496ec0d35f"], "player_model": "G3_PM2"}, "model": "graph.path", "pk": 37}, {"fields": {"graph": "G3", "edges": ["cc03dc5ea30ea741e575999f2bf2aae5", "77ffc7f74d9fac68645a54eb76522700", "8452a5be3aa12432761f3ef34d0a93a1", "a4fcfa5d881a3886155e140bd2e198b8", "b40a39acc203b1e4522bfa496ec0d35f"], "player_model": "G3_PM2"}, "model": "graph.path", "pk": 38}, {"fields": {"graph": "G3", "edges": ["cc03dc5ea30ea741e575999f2bf2aae5", "77ffc7f74d9fac68645a54eb76522700", "8452a5be3aa12432761f3ef34d0a93a1", "8b15150b89c86c59f782c0c155e89e2b"], "player_model": "G3_PM2"}, "model": "graph.path", "pk": 39}, {"fields": {"graph": "G3", "edges": ["cc03dc5ea30ea741e575999f2bf2aae5", "77ffc7f74d9fac68645a54eb76522700", "bcbb3443246d42dc5be9380877ba77ca", "254347b098d62bc4146c0dd0f4d59937", "b40a39acc203b1e4522bfa496ec0d35f"], "player_model": "G3_PM2"}, "model": "graph.path", "pk": 40}, {"fields": {"graph": "G3", "edges": ["1dca52d1f1d2612549b6bcc8c4433ebd", "529fe934f768efd92101a4dacedfb038", "04eac0cec6b693d6d49deeb637a3cae8", "8452a5be3aa12432761f3ef34d0a93a1", "a4fcfa5d881a3886155e140bd2e198b8", "eac21b0e80996b462ca869c14df004e2"], "player_model": "G3_PM3"}, "model": "graph.path", "pk": 41}, {"fields": {"graph": "G3", "edges": ["1dca52d1f1d2612549b6bcc8c4433ebd", "529fe934f768efd92101a4dacedfb038", "04eac0cec6b693d6d49deeb637a3cae8", "bcbb3443246d42dc5be9380877ba77ca", "254347b098d62bc4146c0dd0f4d59937", "eac21b0e80996b462ca869c14df004e2"], "player_model": "G3_PM3"}, "model": "graph.path", "pk": 42}, {"fields": {"graph": "G3", "edges": ["1dca52d1f1d2612549b6bcc8c4433ebd", "0e6c3f92ab97930930a0e0108bf5f8f0", "b2dba587874e63d1c810a3810b32fccd", "8452a5be3aa12432761f3ef34d0a93a1", "a4fcfa5d881a3886155e140bd2e198b8", "eac21b0e80996b462ca869c14df004e2"], "player_model": "G3_PM3"}, "model": "graph.path", "pk": 43}, {"fields": {"graph": "G3", "edges": ["1dca52d1f1d2612549b6bcc8c4433ebd", "0e6c3f92ab97930930a0e0108bf5f8f0", "b2dba587874e63d1c810a3810b32fccd", "bcbb3443246d42dc5be9380877ba77ca", "254347b098d62bc4146c0dd0f4d59937", "eac21b0e80996b462ca869c14df004e2"], "player_model": "G3_PM3"}, "model": "graph.path", "pk": 44}, {"fields": {"graph": "G3", "edges": ["1dca52d1f1d2612549b6bcc8c4433ebd", "77ffc7f74d9fac68645a54eb76522700", "8452a5be3aa12432761f3ef34d0a93a1", "a4fcfa5d881a3886155e140bd2e198b8", "eac21b0e80996b462ca869c14df004e2"], "player_model": "G3_PM3"}, "model": "graph.path", "pk": 45}, {"fields": {"graph": "G3", "edges": ["1dca52d1f1d2612549b6bcc8c4433ebd", "77ffc7f74d9fac68645a54eb76522700", "bcbb3443246d42dc5be9380877ba77ca", "254347b098d62bc4146c0dd0f4d59937", "eac21b0e80996b462ca869c14df004e2"], "player_model": "G3_PM3"}, "model": "graph.path", "pk": 46}, {"fields": {"graph": "G3", "edges": ["1dca52d1f1d2612549b6bcc8c4433ebd", "529fe934f768efd92101a4dacedfb038", "04eac0cec6b693d6d49deeb637a3cae8", "8452a5be3aa12432761f3ef34d0a93a1", "a4fcfa5d881a3886155e140bd2e198b8", "372515d68448f922c0c544e750cffb7c"], "player_model": "G3_PM1"}, "model": "graph.path", "pk": 47}, {"fields": {"graph": "G3", "edges": ["1dca52d1f1d2612549b6bcc8c4433ebd", "529fe934f768efd92101a4dacedfb038", "04eac0cec6b693d6d49deeb637a3cae8", "bcbb3443246d42dc5be9380877ba77ca", "254347b098d62bc4146c0dd0f4d59937", "372515d68448f922c0c544e750cffb7c"], "player_model": "G3_PM1"}, "model": "graph.path", "pk": 48}, {"fields": {"graph": "G3", "edges": ["1dca52d1f1d2612549b6bcc8c4433ebd", "529fe934f768efd92101a4dacedfb038", "04eac0cec6b693d6d49deeb637a3cae8", "bcbb3443246d42dc5be9380877ba77ca", "98811adc96c9a32b6ac4ad34ad45b844"], "player_model": "G3_PM1"}, "model": "graph.path", "pk": 49}, {"fields": {"graph": "G3", "edges": ["1dca52d1f1d2612549b6bcc8c4433ebd", "0e6c3f92ab97930930a0e0108bf5f8f0", "b2dba587874e63d1c810a3810b32fccd", "8452a5be3aa12432761f3ef34d0a93a1", "a4fcfa5d881a3886155e140bd2e198b8", "372515d68448f922c0c544e750cffb7c"], "player_model": "G3_PM1"}, "model": "graph.path", "pk": 50}, {"fields": {"graph": "G3", "edges": ["1dca52d1f1d2612549b6bcc8c4433ebd", "0e6c3f92ab97930930a0e0108bf5f8f0", "b2dba587874e63d1c810a3810b32fccd", "bcbb3443246d42dc5be9380877ba77ca", "254347b098d62bc4146c0dd0f4d59937", "372515d68448f922c0c544e750cffb7c"], "player_model": "G3_PM1"}, "model": "graph.path", "pk": 51}, {"fields": {"graph": "G3", "edges": ["1dca52d1f1d2612549b6bcc8c4433ebd", "0e6c3f92ab97930930a0e0108bf5f8f0", "b2dba587874e63d1c810a3810b32fccd", "bcbb3443246d42dc5be9380877ba77ca", "98811adc96c9a32b6ac4ad34ad45b844"], "player_model": "G3_PM1"}, "model": "graph.path", "pk": 52}, {"fields": {"graph": "G3", "edges": ["1dca52d1f1d2612549b6bcc8c4433ebd", "77ffc7f74d9fac68645a54eb76522700", "8452a5be3aa12432761f3ef34d0a93a1", "a4fcfa5d881a3886155e140bd2e198b8", "372515d68448f922c0c544e750cffb7c"], "player_model": "G3_PM1"}, "model": "graph.path", "pk": 53}, {"fields": {"graph": "G3", "edges": ["372515d68448f922c0c544e750cffb7c", "254347b098d62bc4146c0dd0f4d59937", "bcbb3443246d42dc5be9380877ba77ca", "77ffc7f74d9fac68645a54eb76522700", "1dca52d1f1d2612549b6bcc8c4433ebd"], "player_model": "G3_PM1"}, "model": "graph.path", "pk": 54}, {"fields": {"graph": "G3", "edges": ["98811adc96c9a32b6ac4ad34ad45b844", "bcbb3443246d42dc5be9380877ba77ca", "77ffc7f74d9fac68645a54eb76522700", "1dca52d1f1d2612549b6bcc8c4433ebd"], "player_model": "G3_PM1"}, "model": "graph.path", "pk": 55}, {"fields": {"iteration": 0, "graph_cost": null, "game_object": null}, "model": "graph.gameturn", "pk": 1}, {"fields": {"iteration": 0, "graph_cost": null, "game_object": null}, "model": "graph.gameturn", "pk": 2}, {"fields": {"iteration": 0, "graph_cost": null, "game_object": null}, "model": "graph.gameturn", "pk": 3}, {"fields": {"iteration": 0, "graph_cost": null, "game_object": null}, "model": "graph.gameturn", "pk": 4}, {"fields": {"iteration": 0, "graph_cost": null, "game_object": null}, "model": "graph.gameturn", "pk": 5}, {"fields": {"iteration": 0, "graph_cost": null, "game_object": null}, "model": "graph.gameturn", "pk": 6}, {"fields": {"current_turn": 4, "single_slider_mode": false, "started": false, "graph": "G1", "game_loop_time": null, "currently_in_use": true, "edge_highlight": true, "stopped": false, "turns": [], "duration": 30}, "model": "graph.game", "pk": "game"}, {"fields": {"current_turn": 5, "single_slider_mode": false, "started": false, "graph": "G2", "game_loop_time": null, "currently_in_use": false, "edge_highlight": true, "stopped": false, "turns": [], "duration": 30}, "model": "graph.game", "pk": "game_2"}, {"fields": {"current_turn": 6, "single_slider_mode": false, "started": false, "graph": "G3", "game_loop_time": null, "currently_in_use": false, "edge_highlight": true, "stopped": false, "turns": [], "duration": 30}, "model": "graph.game", "pk": "game_3"}, {"fields": {"codename": "add_permission", "name": "Can add permission", "content_type": 1}, "model": "auth.permission", "pk": 1}, {"fields": {"codename": "change_permission", "name": "Can change permission", "content_type": 1}, "model": "auth.permission", "pk": 2}, {"fields": {"codename": "delete_permission", "name": "Can delete permission", "content_type": 1}, "model": "auth.permission", "pk": 3}, {"fields": {"codename": "add_group", "name": "Can add group", "content_type": 2}, "model": "auth.permission", "pk": 4}, {"fields": {"codename": "change_group", "name": "Can change group", "content_type": 2}, "model": "auth.permission", "pk": 5}, {"fields": {"codename": "delete_group", "name": "Can delete group", "content_type": 2}, "model": "auth.permission", "pk": 6}, {"fields": {"codename": "add_user", "name": "Can add user", "content_type": 3}, "model": "auth.permission", "pk": 7}, {"fields": {"codename": "change_user", "name": "Can change user", "content_type": 3}, "model": "auth.permission", "pk": 8}, {"fields": {"codename": "delete_user", "name": "Can delete user", "content_type": 3}, "model": "auth.permission", "pk": 9}, {"fields": {"codename": "add_contenttype", "name": "Can add content type", "content_type": 4}, "model": "auth.permission", "pk": 10}, {"fields": {"codename": "change_contenttype", "name": "Can change content type", "content_type": 4}, "model": "auth.permission", "pk": 11}, {"fields": {"codename": "delete_contenttype", "name": "Can delete content type", "content_type": 4}, "model": "auth.permission", "pk": 12}, {"fields": {"codename": "add_session", "name": "Can add session", "content_type": 5}, "model": "auth.permission", "pk": 13}, {"fields": {"codename": "change_session", "name": "Can change session", "content_type": 5}, "model": "auth.permission", "pk": 14}, {"fields": {"codename": "delete_session", "name": "Can delete session", "content_type": 5}, "model": "auth.permission", "pk": 15}, {"fields": {"codename": "add_taskmeta", "name": "Can add task state", "content_type": 6}, "model": "auth.permission", "pk": 16}, {"fields": {"codename": "change_taskmeta", "name": "Can change task state", "content_type": 6}, "model": "auth.permission", "pk": 17}, {"fields": {"codename": "delete_taskmeta", "name": "Can delete task state", "content_type": 6}, "model": "auth.permission", "pk": 18}, {"fields": {"codename": "add_tasksetmeta", "name": "Can add saved group result", "content_type": 7}, "model": "auth.permission", "pk": 19}, {"fields": {"codename": "change_tasksetmeta", "name": "Can change saved group result", "content_type": 7}, "model": "auth.permission", "pk": 20}, {"fields": {"codename": "delete_tasksetmeta", "name": "Can delete saved group result", "content_type": 7}, "model": "auth.permission", "pk": 21}, {"fields": {"codename": "add_intervalschedule", "name": "Can add interval", "content_type": 8}, "model": "auth.permission", "pk": 22}, {"fields": {"codename": "change_intervalschedule", "name": "Can change interval", "content_type": 8}, "model": "auth.permission", "pk": 23}, {"fields": {"codename": "delete_intervalschedule", "name": "Can delete interval", "content_type": 8}, "model": "auth.permission", "pk": 24}, {"fields": {"codename": "add_crontabschedule", "name": "Can add crontab", "content_type": 9}, "model": "auth.permission", "pk": 25}, {"fields": {"codename": "change_crontabschedule", "name": "Can change crontab", "content_type": 9}, "model": "auth.permission", "pk": 26}, {"fields": {"codename": "delete_crontabschedule", "name": "Can delete crontab", "content_type": 9}, "model": "auth.permission", "pk": 27}, {"fields": {"codename": "add_periodictasks", "name": "Can add periodic tasks", "content_type": 10}, "model": "auth.permission", "pk": 28}, {"fields": {"codename": "change_periodictasks", "name": "Can change periodic tasks", "content_type": 10}, "model": "auth.permission", "pk": 29}, {"fields": {"codename": "delete_periodictasks", "name": "Can delete periodic tasks", "content_type": 10}, "model": "auth.permission", "pk": 30}, {"fields": {"codename": "add_periodictask", "name": "Can add periodic task", "content_type": 11}, "model": "auth.permission", "pk": 31}, {"fields": {"codename": "change_periodictask", "name": "Can change periodic task", "content_type": 11}, "model": "auth.permission", "pk": 32}, {"fields": {"codename": "delete_periodictask", "name": "Can delete periodic task", "content_type": 11}, "model": "auth.permission", "pk": 33}, {"fields": {"codename": "add_workerstate", "name": "Can add worker", "content_type": 12}, "model": "auth.permission", "pk": 34}, {"fields": {"codename": "change_workerstate", "name": "Can change worker", "content_type": 12}, "model": "auth.permission", "pk": 35}, {"fields": {"codename": "delete_workerstate", "name": "Can delete worker", "content_type": 12}, "model": "auth.permission", "pk": 36}, {"fields": {"codename": "add_taskstate", "name": "Can add task", "content_type": 13}, "model": "auth.permission", "pk": 37}, {"fields": {"codename": "change_taskstate", "name": "Can change task", "content_type": 13}, "model": "auth.permission", "pk": 38}, {"fields": {"codename": "delete_taskstate", "name": "Can delete task", "content_type": 13}, "model": "auth.permission", "pk": 39}, {"fields": {"codename": "add_user", "name": "Can add user", "content_type": 14}, "model": "auth.permission", "pk": 40}, {"fields": {"codename": "change_user", "name": "Can change user", "content_type": 14}, "model": "auth.permission", "pk": 41}, {"fields": {"codename": "delete_user", "name": "Can delete user", "content_type": 14}, "model": "auth.permission", "pk": 42}, {"fields": {"codename": "add_graph", "name": "Can add graph", "content_type": 15}, "model": "auth.permission", "pk": 43}, {"fields": {"codename": "change_graph", "name": "Can change graph", "content_type": 15}, "model": "auth.permission", "pk": 44}, {"fields": {"codename": "delete_graph", "name": "Can delete graph", "content_type": 15}, "model": "auth.permission", "pk": 45}, {"fields": {"codename": "add_node", "name": "Can add node", "content_type": 16}, "model": "auth.permission", "pk": 46}, {"fields": {"codename": "change_node", "name": "Can change node", "content_type": 16}, "model": "auth.permission", "pk": 47}, {"fields": {"codename": "delete_node", "name": "Can delete node", "content_type": 16}, "model": "auth.permission", "pk": 48}, {"fields": {"codename": "add_playermodel", "name": "Can add player model", "content_type": 17}, "model": "auth.permission", "pk": 49}, {"fields": {"codename": "change_playermodel", "name": "Can change player model", "content_type": 17}, "model": "auth.permission", "pk": 50}, {"fields": {"codename": "delete_playermodel", "name": "Can delete player model", "content_type": 17}, "model": "auth.permission", "pk": 51}, {"fields": {"codename": "add_player", "name": "Can add player", "content_type": 18}, "model": "auth.permission", "pk": 52}, {"fields": {"codename": "change_player", "name": "Can change player", "content_type": 18}, "model": "auth.permission", "pk": 53}, {"fields": {"codename": "delete_player", "name": "Can delete player", "content_type": 18}, "model": "auth.permission", "pk": 54}, {"fields": {"codename": "add_edge", "name": "Can add edge", "content_type": 19}, "model": "auth.permission", "pk": 55}, {"fields": {"codename": "change_edge", "name": "Can change edge", "content_type": 19}, "model": "auth.permission", "pk": 56}, {"fields": {"codename": "delete_edge", "name": "Can delete edge", "content_type": 19}, "model": "auth.permission", "pk": 57}, {"fields": {"codename": "add_path", "name": "Can add path", "content_type": 20}, "model": "auth.permission", "pk": 58}, {"fields": {"codename": "change_path", "name": "Can change path", "content_type": 20}, "model": "auth.permission", "pk": 59}, {"fields": {"codename": "delete_path", "name": "Can delete path", "content_type": 20}, "model": "auth.permission", "pk": 60}, {"fields": {"codename": "add_pathflowassignment", "name": "Can add path flow assignment", "content_type": 21}, "model": "auth.permission", "pk": 61}, {"fields": {"codename": "change_pathflowassignment", "name": "Can change path flow assignment", "content_type": 21}, "model": "auth.permission", "pk": 62}, {"fields": {"codename": "delete_pathflowassignment", "name": "Can delete path flow assignment", "content_type": 21}, "model": "auth.permission", "pk": 63}, {"fields": {"codename": "add_gameturn", "name": "Can add game turn", "content_type": 22}, "model": "auth.permission", "pk": 64}, {"fields": {"codename": "change_gameturn", "name": "Can change game turn", "content_type": 22}, "model": "auth.permission", "pk": 65}, {"fields": {"codename": "delete_gameturn", "name": "Can delete game turn", "content_type": 22}, "model": "auth.permission", "pk": 66}, {"fields": {"codename": "add_flowdistribution", "name": "Can add flow distribution", "content_type": 23}, "model": "auth.permission", "pk": 67}, {"fields": {"codename": "change_flowdistribution", "name": "Can change flow distribution", "content_type": 23}, "model": "auth.permission", "pk": 68}, {"fields": {"codename": "delete_flowdistribution", "name": "Can delete flow distribution", "content_type": 23}, "model": "auth.permission", "pk": 69}, {"fields": {"codename": "add_learningrate", "name": "Can add learning rate", "content_type": 24}, "model": "auth.permission", "pk": 70}, {"fields": {"codename": "change_learningrate", "name": "Can change learning rate", "content_type": 24}, "model": "auth.permission", "pk": 71}, {"fields": {"codename": "delete_learningrate", "name": "Can delete learning rate", "content_type": 24}, "model": "auth.permission", "pk": 72}, {"fields": {"codename": "add_edgecost", "name": "Can add edge cost", "content_type": 25}, "model": "auth.permission", "pk": 73}, {"fields": {"codename": "change_edgecost", "name": "Can change edge cost", "content_type": 25}, "model": "auth.permission", "pk": 74}, {"fields": {"codename": "delete_edgecost", "name": "Can delete edge cost", "content_type": 25}, "model": "auth.permission", "pk": 75}, {"fields": {"codename": "add_graphcost", "name": "Can add graph cost", "content_type": 26}, "model": "auth.permission", "pk": 76}, {"fields": {"codename": "change_graphcost", "name": "Can change graph cost", "content_type": 26}, "model": "auth.permission", "pk": 77}, {"fields": {"codename": "delete_graphcost", "name": "Can delete graph cost", "content_type": 26}, "model": "auth.permission", "pk": 78}, {"fields": {"codename": "add_game", "name": "Can add game", "content_type": 27}, "model": "auth.permission", "pk": 79}, {"fields": {"codename": "change_game", "name": "Can change game", "content_type": 27}, "model": "auth.permission", "pk": 80}, {"fields": {"codename": "delete_game", "name": "Can delete game", "content_type": 27}, "model": "auth.permission", "pk": 81}, {"fields": {"codename": "add_request", "name": "Can add request", "content_type": 28}, "model": "auth.permission", "pk": 82}, {"fields": {"codename": "change_request", "name": "Can change request", "content_type": 28}, "model": "auth.permission", "pk": 83}, {"fields": {"codename": "delete_request", "name": "Can delete request", "content_type": 28}, "model": "auth.permission", "pk": 84}, {"fields": {"codename": "add_response", "name": "Can add response", "content_type": 29}, "model": "auth.permission", "pk": 85}, {"fields": {"codename": "change_response", "name": "Can change response", "content_type": 29}, "model": "auth.permission", "pk": 86}, {"fields": {"codename": "delete_response", "name": "Can delete response", "content_type": 29}, "model": "auth.permission", "pk": 87}, {"fields": {"codename": "add_sqlquery", "name": "Can add sql query", "content_type": 30}, "model": "auth.permission", "pk": 88}, {"fields": {"codename": "change_sqlquery", "name": "Can change sql query", "content_type": 30}, "model": "auth.permission", "pk": 89}, {"fields": {"codename": "delete_sqlquery", "name": "Can delete sql query", "content_type": 30}, "model": "auth.permission", "pk": 90}, {"fields": {"codename": "add_profile", "name": "Can add profile", "content_type": 31}, "model": "auth.permission", "pk": 91}, {"fields": {"codename": "change_profile", "name": "Can change profile", "content_type": 31}, "model": "auth.permission", "pk": 92}, {"fields": {"codename": "delete_profile", "name": "Can delete profile", "content_type": 31}, "model": "auth.permission", "pk": 93}, {"fields": {"username": "admin", "first_name": "", "last_name": "", "is_active": true, "is_superuser": false, "is_staff": false, "last_login": "2016-06-24T18:28:03.050Z", "groups": [], "user_permissions": [], "password": "pbkdf2_sha256$15000$oXk4GEFp7pdm$l0Q7YpbbeO8FByZpzft0lK/27yy4KYYL8k+ZAH81+4A=", "email": "", "date_joined": "2016-06-24T18:25:17.455Z"}, "model": "auth.user", "pk": 1}, {"fields": {"superuser": true, "assignmentId": "", "workerId": "", "hitId": "", "game": "game", "user": 1, "is_a_bot": true, "player_model": null}, "model": "graph.player", "pk": 1}]